"run_label","action_identity","source_event","command_pre_step_tick","command_post_step_tick","command_pre_step_time_s","measured_response_tick","command_post_step_time_s","nominal_selected_joint_deg","nominal_wheel_rad_s","measured_response_status","available_response_sample_tick","available_response_sample","entry_observation_tick","entry_physical_state","successor_start_tick","continuation_condition_or_wait_reason","source_path","source_line","evidence_pointer","physical_source_path","sample_limit","selected_joint_array_order","leg_and_wheel_array_order","endpoint_time_s","successor_time_s","successor_source_line","measured_event_time_s","terminal_tick","terminal_phase","completion_values","nominal_rr_carry","summary_source","physical_task_success","independent_final_evaluator","owner_observation_tick","decision_end_tick","owner_source_ticks","last_observed_wait_tick","observed_decision_snapshots","TOP_diagnostic_decision_line","TOP_diagnostic_reported_at_decision_end_tick","TOP_diagnostic","TOP_classification_at_command_tick","actual_native_wheel_target_rad_s","terminal_physical_sample_tick","terminal_physical_sample","RR_front_advance_to_terminal_m"
"A_FSM","FL_open_space","{""step"":11,""event"":0}",6648,6649,55.4,,55.40833333333333,"[37.6,45.9,6.9,0,0]","[0,0,0,0]","exact physical response onset not established",6688,"{""physics_tick"":6688,""physical_source_line"":6689,""body_origin_world_m"":[0.7025071978569031,-0.00570283830165863,0.09115904569625854],""com_world_m"":[0.6854006449670079,-0.12298552078170977,0.16989399612726455],""com_valid"":true,""actual_selected_joint_deg"":[46.104441000080726,45.69017698019091,6.8095570495002065,-1.4522441327969404,1.0150529020911216],""legs_contact"":[""AIR"",""OBSTACLE"",""GROUND"",""GROUND""],""legs_ground_force_n"":[0,0,14.018765449524052,2.205211639404317],""legs_obstacle_force_n"":[0,12.080438967399951,0,0],""legs_ground_pair_verified"":[true,true,true,true],""legs_obstacle_pair_verified"":[true,true,true,true],""RR_wheel_center_world_m"":[0.39983513951301575,-0.32912859320640564,0.04967460036277771],""RR_clearance_m"":-0.05031560245586009}",6648,"{""physics_tick"":6648,""physical_source_line"":6649,""body_origin_world_m"":[0.7029315829277039,-0.006110928952693939,0.09409128874540329],""com_world_m"":[0.6849691238548244,-0.12428516216660339,0.16429149280738586],""com_valid"":true,""actual_selected_joint_deg"":[21.863976692300408,45.566400292051945,6.285813448188574,-0.862226085390764,0.7671436622852512],""legs_contact"":[""OBSTACLE"",""OBSTACLE"",""GROUND"",""GROUND""],""legs_ground_force_n"":[0,0,7.185912132263248,8.105963706970288],""legs_obstacle_force_n"":[7.045222298153948,6.386609881140858,0,0],""legs_ground_pair_verified"":[true,true,true,true],""legs_obstacle_pair_verified"":[true,true,true,true],""RR_wheel_center_world_m"":[0.39973264932632446,-0.3293452560901642,0.049726035445928574],""RR_clearance_m"":-0.05026416737270922}",,,"C:\robotics_sim\wlr_robot\fsm_50mm_recording_shaped_clean_v1\runs\trial_043_20260902_clean_v010\full12_commands_120hz.jsonl",6649,"C:\robotics_sim\wlr_robot\fsm_base_on_recording_ppo_phase_v1\outputs\ppo_timing_task_priority_v1\rear_sequence_before_source_evidence.json#/source_event_sequence/0","C:\robotics_sim\wlr_robot\fsm_50mm_recording_shaped_clean_v1\runs\trial_043_20260902_clean_v010\observation_120hz.jsonl","Explicit nearest retained pre/after samples; not onset or same-tick fill. Body motion is not leg loading.","[""FL_hip"",""FR_knee"",""RL_hip"",""RR_hip"",""RR_knee""]","[""FL"",""FR"",""RL"",""RR""]",,,,,,,,,,,,,,,,,,,,,,,,
"A_FSM","FR_knee_and_wheel_atomic","{""step"":12,""event"":0}",6688,6689,55.733333333333334,,55.74166666666667,"[49.2,31.1,6.9,0,0]","[0,-0.63,0,0]","exact physical response onset not established",6856,"{""physics_tick"":6856,""physical_source_line"":6857,""body_origin_world_m"":[0.7017213702201843,-0.005996569991111755,0.094422347843647],""com_world_m"":[0.6822825208187429,-0.12386443339387439,0.17075827819239295],""com_valid"":true,""actual_selected_joint_deg"":[40.00197775028157,30.499863586839236,6.557276755429792,-0.5684260318511944,0.5882992676541399],""legs_contact"":[""AIR"",""OBSTACLE"",""GROUND"",""GROUND""],""legs_ground_force_n"":[0,0,14.299285888672005,1.362856984138501],""legs_obstacle_force_n"":[0,13.264424430564816,0,0],""legs_ground_pair_verified"":[true,true,true,true],""legs_obstacle_pair_verified"":[true,true,true,true],""RR_wheel_center_world_m"":[0.39844781160354614,-0.32930788397789,0.04971448704600334],""RR_clearance_m"":-0.050275715772634455}",6688,"{""physics_tick"":6688,""physical_source_line"":6689,""body_origin_world_m"":[0.7025071978569031,-0.00570283830165863,0.09115904569625854],""com_world_m"":[0.6854006449670079,-0.12298552078170977,0.16989399612726455],""com_valid"":true,""actual_selected_joint_deg"":[46.104441000080726,45.69017698019091,6.8095570495002065,-1.4522441327969404,1.0150529020911216],""legs_contact"":[""AIR"",""OBSTACLE"",""GROUND"",""GROUND""],""legs_ground_force_n"":[0,0,14.018765449524052,2.205211639404317],""legs_obstacle_force_n"":[0,12.080438967399951,0,0],""legs_ground_pair_verified"":[true,true,true,true],""legs_obstacle_pair_verified"":[true,true,true,true],""RR_wheel_center_world_m"":[0.39983513951301575,-0.32912859320640564,0.04967460036277771],""RR_clearance_m"":-0.05031560245586009}",,,"C:\robotics_sim\wlr_robot\fsm_50mm_recording_shaped_clean_v1\runs\trial_043_20260902_clean_v010\full12_commands_120hz.jsonl",6689,"C:\robotics_sim\wlr_robot\fsm_base_on_recording_ppo_phase_v1\outputs\ppo_timing_task_priority_v1\rear_sequence_before_source_evidence.json#/source_event_sequence/4","C:\robotics_sim\wlr_robot\fsm_50mm_recording_shaped_clean_v1\runs\trial_043_20260902_clean_v010\observation_120hz.jsonl","Explicit nearest retained pre/after samples; not onset or same-tick fill. Body motion is not leg loading.","[""FL_hip"",""FR_knee"",""RL_hip"",""RR_hip"",""RR_knee""]","[""FL"",""FR"",""RL"",""RR""]",,,,,,,,,,,,,,,,,,,,,,,,
"A_FSM","explicit_all_four_wheel_stop","{""step"":12,""event"":1}",6808,6809,56.733333333333334,,56.74166666666667,"[49.2,31.1,6.9,0,0]","[0,0,0,0]","exact physical response onset not established",6856,"{""physics_tick"":6856,""physical_source_line"":6857,""body_origin_world_m"":[0.7017213702201843,-0.005996569991111755,0.094422347843647],""com_world_m"":[0.6822825208187429,-0.12386443339387439,0.17075827819239295],""com_valid"":true,""actual_selected_joint_deg"":[40.00197775028157,30.499863586839236,6.557276755429792,-0.5684260318511944,0.5882992676541399],""legs_contact"":[""AIR"",""OBSTACLE"",""GROUND"",""GROUND""],""legs_ground_force_n"":[0,0,14.299285888672005,1.362856984138501],""legs_obstacle_force_n"":[0,13.264424430564816,0,0],""legs_ground_pair_verified"":[true,true,true,true],""legs_obstacle_pair_verified"":[true,true,true,true],""RR_wheel_center_world_m"":[0.39844781160354614,-0.32930788397789,0.04971448704600334],""RR_clearance_m"":-0.050275715772634455}",6688,"{""physics_tick"":6688,""physical_source_line"":6689,""body_origin_world_m"":[0.7025071978569031,-0.00570283830165863,0.09115904569625854],""com_world_m"":[0.6854006449670079,-0.12298552078170977,0.16989399612726455],""com_valid"":true,""actual_selected_joint_deg"":[46.104441000080726,45.69017698019091,6.8095570495002065,-1.4522441327969404,1.0150529020911216],""legs_contact"":[""AIR"",""OBSTACLE"",""GROUND"",""GROUND""],""legs_ground_force_n"":[0,0,14.018765449524052,2.205211639404317],""legs_obstacle_force_n"":[0,12.080438967399951,0,0],""legs_ground_pair_verified"":[true,true,true,true],""legs_obstacle_pair_verified"":[true,true,true,true],""RR_wheel_center_world_m"":[0.39983513951301575,-0.32912859320640564,0.04967460036277771],""RR_clearance_m"":-0.05031560245586009}",,"Authored four-wheel stop, not an ordinary phase-transition reset","C:\robotics_sim\wlr_robot\fsm_50mm_recording_shaped_clean_v1\runs\trial_043_20260902_clean_v010\full12_commands_120hz.jsonl",6809,"C:\robotics_sim\wlr_robot\fsm_base_on_recording_ppo_phase_v1\outputs\ppo_timing_task_priority_v1\rear_sequence_before_source_evidence.json#/source_event_sequence/5","C:\robotics_sim\wlr_robot\fsm_50mm_recording_shaped_clean_v1\runs\trial_043_20260902_clean_v010\observation_120hz.jsonl","Explicit nearest retained pre/after samples; not onset or same-tick fill. Body motion is not leg loading.","[""FL_hip"",""FR_knee"",""RL_hip"",""RR_hip"",""RR_knee""]","[""FL"",""FR"",""RL"",""RR""]",,,,,,,,,,,,,,,,,,,,,,,,
"A_FSM","RL_transfer","{""step"":14,""event"":0}",6856,6857,57.13333333333333,,57.141666666666666,"[38.6,31.1,14.3,0,0]","[0,0,0,0]","exact physical response onset not established",6912,"{""physics_tick"":6912,""physical_source_line"":6913,""body_origin_world_m"":[0.753206729888916,0.002408742904663086,0.07305853068828583],""com_world_m"":[0.7234828567979542,-0.10218293341918634,0.16570869516440204],""com_valid"":true,""actual_selected_joint_deg"":[37.318652557477435,28.955137758865398,28.858989732867872,-0.7501295009801907,0.6408197938335414],""legs_contact"":[""AIR"",""OBSTACLE"",""GROUND"",""AIR""],""legs_ground_force_n"":[0,0,16.23696899414077,0],""legs_obstacle_force_n"":[0,13.219639778137253,0,0],""legs_ground_pair_verified"":[true,true,true,true],""legs_obstacle_pair_verified"":[true,true,true,true],""RR_wheel_center_world_m"":[0.45589229464530945,-0.32874351739883423,0.05660835653543472],""RR_clearance_m"":-0.043381846283203074}",6856,"{""physics_tick"":6856,""physical_source_line"":6857,""body_origin_world_m"":[0.7017213702201843,-0.005996569991111755,0.094422347843647],""com_world_m"":[0.6822825208187429,-0.12386443339387439,0.17075827819239295],""com_valid"":true,""actual_selected_joint_deg"":[40.00197775028157,30.499863586839236,6.557276755429792,-0.5684260318511944,0.5882992676541399],""legs_contact"":[""AIR"",""OBSTACLE"",""GROUND"",""GROUND""],""legs_ground_force_n"":[0,0,14.299285888672005,1.362856984138501],""legs_obstacle_force_n"":[0,13.264424430564816,0,0],""legs_ground_pair_verified"":[true,true,true,true],""legs_obstacle_pair_verified"":[true,true,true,true],""RR_wheel_center_world_m"":[0.39844781160354614,-0.32930788397789,0.04971448704600334],""RR_clearance_m"":-0.050275715772634455}",,,"C:\robotics_sim\wlr_robot\fsm_50mm_recording_shaped_clean_v1\runs\trial_043_20260902_clean_v010\full12_commands_120hz.jsonl",6857,"C:\robotics_sim\wlr_robot\fsm_base_on_recording_ppo_phase_v1\outputs\ppo_timing_task_priority_v1\rear_sequence_before_source_evidence.json#/source_event_sequence/11","C:\robotics_sim\wlr_robot\fsm_50mm_recording_shaped_clean_v1\runs\trial_043_20260902_clean_v010\observation_120hz.jsonl","Explicit nearest retained pre/after samples; not onset or same-tick fill. Body motion is not leg loading.","[""FL_hip"",""FR_knee"",""RL_hip"",""RR_hip"",""RR_knee""]","[""FL"",""FR"",""RL"",""RR""]",,,,,,,,,,,,,,,,,,,,,,,,
"A_FSM","RR_swing_start","{""step"":15,""event"":0}",6912,6913,57.6,,57.608333333333334,"[38.6,31.1,31.2,1.6,0]","[0,0,0,0]","exact physical response onset not established",,,6912,"{""physics_tick"":6912,""physical_source_line"":6913,""body_origin_world_m"":[0.753206729888916,0.002408742904663086,0.07305853068828583],""com_world_m"":[0.7234828567979542,-0.10218293341918634,0.16570869516440204],""com_valid"":true,""actual_selected_joint_deg"":[37.318652557477435,28.955137758865398,28.858989732867872,-0.7501295009801907,0.6408197938335414],""legs_contact"":[""AIR"",""OBSTACLE"",""GROUND"",""AIR""],""legs_ground_force_n"":[0,0,16.23696899414077,0],""legs_obstacle_force_n"":[0,13.219639778137253,0,0],""legs_ground_pair_verified"":[true,true,true,true],""legs_obstacle_pair_verified"":[true,true,true,true],""RR_wheel_center_world_m"":[0.45589229464530945,-0.32874351739883423,0.05660835653543472],""RR_clearance_m"":-0.043381846283203074}",,,"C:\robotics_sim\wlr_robot\fsm_50mm_recording_shaped_clean_v1\runs\trial_043_20260902_clean_v010\full12_commands_120hz.jsonl",6913,"C:\robotics_sim\wlr_robot\fsm_base_on_recording_ppo_phase_v1\outputs\ppo_timing_task_priority_v1\rear_sequence_before_source_evidence.json#/source_event_sequence/18","C:\robotics_sim\wlr_robot\fsm_50mm_recording_shaped_clean_v1\runs\trial_043_20260902_clean_v010\observation_120hz.jsonl","Explicit nearest retained pre/after samples; not onset or same-tick fill. Body motion is not leg loading.","[""FL_hip"",""FR_knee"",""RL_hip"",""RR_hip"",""RR_knee""]","[""FL"",""FR"",""RL"",""RR""]",,,,,,,,,,,,,,,,,,,,,,,,
"A_FSM","P07_legacy_endpoint_wait",,,,,,,,,"exact physical response onset not established",,,,,,"rear_entry_alignment; historical gate evidence only, MUST NOT restore as PPO gate","C:\robotics_sim\wlr_robot\fsm_50mm_recording_shaped_clean_v1\runs\trial_043_20260902_clean_v010\state_transitions.jsonl",26,"C:\robotics_sim\wlr_robot\fsm_base_on_recording_ppo_phase_v1\outputs\ppo_timing_task_priority_v1\rear_sequence_before_source_evidence.json#/A_lifecycle/0",,,"[""FL_hip"",""FR_knee"",""RL_hip"",""RR_hip"",""RR_knee""]","[""FL"",""FR"",""RL"",""RR""]",57.06666666666666,57.13333333333333,27,,,,,,,,,,,,,,,,,,,,,
"A_FSM","P08_legacy_endpoint_wait",,,,,,,,,"exact physical response onset not established",,,,,,"rr_unload_compatible_geometry; historical gate evidence only, MUST NOT restore as PPO gate","C:\robotics_sim\wlr_robot\fsm_50mm_recording_shaped_clean_v1\runs\trial_043_20260902_clean_v010\state_transitions.jsonl",30,"C:\robotics_sim\wlr_robot\fsm_base_on_recording_ppo_phase_v1\outputs\ppo_timing_task_priority_v1\rear_sequence_before_source_evidence.json#/A_lifecycle/1",,,"[""FL_hip"",""FR_knee"",""RL_hip"",""RR_hip"",""RR_knee""]","[""FL"",""FR"",""RL"",""RR""]",57.53333333333333,57.6,31,,,,,,,,,,,,,,,,,,,,,
"A_FSM","RR_initial_AIR_before_own_swing_sample",,,,,,,,,"I onset unknown; earliest AIR among already selected A samples, before RR own command effect",6912,"{""physics_tick"":6912,""physical_source_line"":6913,""body_origin_world_m"":[0.753206729888916,0.002408742904663086,0.07305853068828583],""com_world_m"":[0.7234828567979542,-0.10218293341918634,0.16570869516440204],""com_valid"":true,""actual_selected_joint_deg"":[37.318652557477435,28.955137758865398,28.858989732867872,-0.7501295009801907,0.6408197938335414],""legs_contact"":[""AIR"",""OBSTACLE"",""GROUND"",""AIR""],""legs_ground_force_n"":[0,0,16.23696899414077,0],""legs_obstacle_force_n"":[0,13.219639778137253,0,0],""legs_ground_pair_verified"":[true,true,true,true],""legs_obstacle_pair_verified"":[true,true,true,true],""RR_wheel_center_world_m"":[0.45589229464530945,-0.32874351739883423,0.05660835653543472],""RR_clearance_m"":-0.043381846283203074}",,,,,"C:\robotics_sim\wlr_robot\fsm_50mm_recording_shaped_clean_v1\runs\trial_043_20260902_clean_v010\observation_120hz.jsonl",6913,,,,"[""FL_hip"",""FR_knee"",""RL_hip"",""RR_hip"",""RR_knee""]","[""FL"",""FR"",""RL"",""RR""]",,,,,,,,,,,,,,,,,,,,,,,,
"A_FSM","RR_ACTIVE_LIFT","ACTIVE_LIFT",,,,6918,,,,"Original A latch event, not identical to new I/Q/current-valid semantics",,,,,,"measured joint response plus wheel-bottom rise and exact-pair AIR history","C:\robotics_sim\wlr_robot\fsm_50mm_recording_shaped_clean_v1\runs\trial_043_20260902_clean_v010\leg_crossing_events.jsonl",7,,,,"[""FL_hip"",""FR_knee"",""RL_hip"",""RR_hip"",""RR_knee""]","[""FL"",""FR"",""RL"",""RR""]",,,,57.65,,,,,,,,,,,,,,,,,,,,
"A_FSM","RR_FRONT_FACE_CROSSED","FRONT_FACE_CROSSED",,,,7109,,,,"Original A latch event, not identical to new I/Q/current-valid semantics",,,,,,"live wheel-center/front-plane latch","C:\robotics_sim\wlr_robot\fsm_50mm_recording_shaped_clean_v1\runs\trial_043_20260902_clean_v010\leg_crossing_events.jsonl",8,,,,"[""FL_hip"",""FR_knee"",""RL_hip"",""RR_hip"",""RR_knee""]","[""FL"",""FR"",""RL"",""RR""]",,,,59.24166666666667,,,,,,,,,,,,,,,,,,,,
"A_FSM","RR_TOP_LOADED","TOP_LOADED",,,,7579,,,,"Original A latch event, not identical to new I/Q/current-valid semantics",,,,,,"persistent exact wheel/obstacle pair plus top geometry","C:\robotics_sim\wlr_robot\fsm_50mm_recording_shaped_clean_v1\runs\trial_043_20260902_clean_v010\leg_crossing_events.jsonl",9,,,,"[""FL_hip"",""FR_knee"",""RL_hip"",""RR_hip"",""RR_knee""]","[""FL"",""FR"",""RL"",""RR""]",,,,63.15833333333333,,,,,,,,,,,,,,,,,,,,
"B0_BEFORE","FL_open_space","Recorded nominal dispatch; source order from audited before evidence",5160,5161,43,,43.00833333333333,"[37.6,45.9,6.9,0,0]","[0.3,0.3,0.3,0.3]","exact physical response onset not established",5169,"{""physics_tick"":5169,""physical_source_line"":5170,""body_origin_world_m"":[0.6139652132987976,-0.01259421557188034,0.08977207541465759],""com_world_m"":[0.5941729864654474,-0.13028259430729874,0.16252855186678483],""com_valid"":true,""actual_selected_joint_deg"":[26.190657352240656,46.11368285967755,7.7337192102433665,0.11757007389583934,-0.08031400665521143],""legs_contact"":[""AIR"",""OBSTACLE"",""GROUND"",""GROUND""],""legs_ground_force_n"":[0,0,13.645589828491334,2.8208808898926034],""legs_obstacle_force_n"":[0,11.372590065002454,0,0],""legs_ground_pair_verified"":[true,true,true,true],""legs_obstacle_pair_verified"":[true,true,true,true],""RR_wheel_center_world_m"":[0.3032425343990326,-0.32906341552734375,0.04894467815756798],""RR_clearance_m"":-0.05092595123763009}",5160,"{""physics_tick"":5160,""physical_source_line"":5161,""body_origin_world_m"":[0.6135412454605103,-0.012794457376003265,0.09104172140359879],""com_world_m"":[0.5932237445363151,-0.13079528412469607,0.1621838548943216],""com_valid"":true,""actual_selected_joint_deg"":[22.800721769042024,46.10623112329307,7.510796349886137,0.4868563909666113,-0.19220723285541813],""legs_contact"":[""OBSTACLE"",""OBSTACLE"",""GROUND"",""GROUND""],""legs_ground_force_n"":[0,0,8.034895896911694,7.515640258789131],""legs_obstacle_force_n"":[6.463122844696109,6.689085006713868,0,0],""legs_ground_pair_verified"":[true,true,true,true],""legs_obstacle_pair_verified"":[true,true,true,true],""RR_wheel_center_world_m"":[0.3023277819156647,-0.3291533887386322,0.04891302436590195],""RR_clearance_m"":-0.05092924746865264}",,,"C:\robotics_sim\wlr_robot\fsm_base_on_recording_ppo_phase_v1\runs\ppo_fsm_reference_p09_stable_v2\video_eval\prior_B\20260914T0422580971667Z_g4b2c038887c4_52ea704dca9c4cd19b12df41e9897e8d\source\native_tick_audit.jsonl",5161,"C:\robotics_sim\wlr_robot\fsm_base_on_recording_ppo_phase_v1\outputs\ppo_timing_task_priority_v1\rear_sequence_before_source_evidence.json#/B0_selected_nominal_events/1","C:\robotics_sim\wlr_robot\fsm_base_on_recording_ppo_phase_v1\runs\ppo_fsm_reference_p09_stable_v2\video_eval\prior_B\20260914T0422580971667Z_g4b2c038887c4_52ea704dca9c4cd19b12df41e9897e8d\source\physical_observations.jsonl","Explicit nearest retained pre/after samples; not onset or same-tick fill. Body motion is not leg loading.","[""FL_hip"",""FR_knee"",""RL_hip"",""RR_hip"",""RR_knee""]","[""FL"",""FR"",""RL"",""RR""]",,,,,,,,,,,,,,,,,,,,,,,,
"B0_BEFORE","RL_transfer","Recorded nominal dispatch; source order from audited before evidence",5168,5169,43.06666666666667,,43.075,"[37.6,45.9,14.3,0,0]","[0.3,0.3,0.3,0.3]","exact physical response onset not established",5169,"{""physics_tick"":5169,""physical_source_line"":5170,""body_origin_world_m"":[0.6139652132987976,-0.01259421557188034,0.08977207541465759],""com_world_m"":[0.5941729864654474,-0.13028259430729874,0.16252855186678483],""com_valid"":true,""actual_selected_joint_deg"":[26.190657352240656,46.11368285967755,7.7337192102433665,0.11757007389583934,-0.08031400665521143],""legs_contact"":[""AIR"",""OBSTACLE"",""GROUND"",""GROUND""],""legs_ground_force_n"":[0,0,13.645589828491334,2.8208808898926034],""legs_obstacle_force_n"":[0,11.372590065002454,0,0],""legs_ground_pair_verified"":[true,true,true,true],""legs_obstacle_pair_verified"":[true,true,true,true],""RR_wheel_center_world_m"":[0.3032425343990326,-0.32906341552734375,0.04894467815756798],""RR_clearance_m"":-0.05092595123763009}",5160,"{""physics_tick"":5160,""physical_source_line"":5161,""body_origin_world_m"":[0.6135412454605103,-0.012794457376003265,0.09104172140359879],""com_world_m"":[0.5932237445363151,-0.13079528412469607,0.1621838548943216],""com_valid"":true,""actual_selected_joint_deg"":[22.800721769042024,46.10623112329307,7.510796349886137,0.4868563909666113,-0.19220723285541813],""legs_contact"":[""OBSTACLE"",""OBSTACLE"",""GROUND"",""GROUND""],""legs_ground_force_n"":[0,0,8.034895896911694,7.515640258789131],""legs_obstacle_force_n"":[6.463122844696109,6.689085006713868,0,0],""legs_ground_pair_verified"":[true,true,true,true],""legs_obstacle_pair_verified"":[true,true,true,true],""RR_wheel_center_world_m"":[0.3023277819156647,-0.3291533887386322,0.04891302436590195],""RR_clearance_m"":-0.05092924746865264}",,,"C:\robotics_sim\wlr_robot\fsm_base_on_recording_ppo_phase_v1\runs\ppo_fsm_reference_p09_stable_v2\video_eval\prior_B\20260914T0422580971667Z_g4b2c038887c4_52ea704dca9c4cd19b12df41e9897e8d\source\native_tick_audit.jsonl",5169,"C:\robotics_sim\wlr_robot\fsm_base_on_recording_ppo_phase_v1\outputs\ppo_timing_task_priority_v1\rear_sequence_before_source_evidence.json#/B0_selected_nominal_events/2","C:\robotics_sim\wlr_robot\fsm_base_on_recording_ppo_phase_v1\runs\ppo_fsm_reference_p09_stable_v2\video_eval\prior_B\20260914T0422580971667Z_g4b2c038887c4_52ea704dca9c4cd19b12df41e9897e8d\source\physical_observations.jsonl","Explicit nearest retained pre/after samples; not onset or same-tick fill. Body motion is not leg loading.","[""FL_hip"",""FR_knee"",""RL_hip"",""RR_hip"",""RR_knee""]","[""FL"",""FR"",""RL"",""RR""]",,,,,,,,,,,,,,,,,,,,,,,,
"B0_BEFORE","RR_swing_start","Recorded nominal dispatch; source order from audited before evidence",5176,5177,43.13333333333333,,43.141666666666666,"[46.1,45.9,18.5,1.6,0]","[0.3,0.3,0.3,0.3]","exact physical response onset not established",5177,"{""physics_tick"":5177,""physical_source_line"":5178,""body_origin_world_m"":[0.6177771687507629,-0.01202574372291565,0.08559798449277878],""com_world_m"":[0.5975298293613757,-0.12852653326334176,0.16227191467785412],""com_valid"":true,""actual_selected_joint_deg"":[31.593850957455786,45.80295364867158,10.199910128011858,0.308936419750979,0.12458109632619213],""legs_contact"":[""AIR"",""OBSTACLE"",""GROUND"",""GROUND""],""legs_ground_force_n"":[0,0,14.333722114563118,2.23408842086794],""legs_obstacle_force_n"":[0,11.466496467590607,0,0],""legs_ground_pair_verified"":[true,true,true,true],""legs_obstacle_pair_verified"":[true,true,true,true],""RR_wheel_center_world_m"":[0.30568745732307434,-0.32862207293510437,0.0487513430416584],""RR_clearance_m"":-0.051088049727981075}",5169,"{""physics_tick"":5169,""physical_source_line"":5170,""body_origin_world_m"":[0.6139652132987976,-0.01259421557188034,0.08977207541465759],""com_world_m"":[0.5941729864654474,-0.13028259430729874,0.16252855186678483],""com_valid"":true,""actual_selected_joint_deg"":[26.190657352240656,46.11368285967755,7.7337192102433665,0.11757007389583934,-0.08031400665521143],""legs_contact"":[""AIR"",""OBSTACLE"",""GROUND"",""GROUND""],""legs_ground_force_n"":[0,0,13.645589828491334,2.8208808898926034],""legs_obstacle_force_n"":[0,11.372590065002454,0,0],""legs_ground_pair_verified"":[true,true,true,true],""legs_obstacle_pair_verified"":[true,true,true,true],""RR_wheel_center_world_m"":[0.3032425343990326,-0.32906341552734375,0.04894467815756798],""RR_clearance_m"":-0.05092595123763009}",,,"C:\robotics_sim\wlr_robot\fsm_base_on_recording_ppo_phase_v1\runs\ppo_fsm_reference_p09_stable_v2\video_eval\prior_B\20260914T0422580971667Z_g4b2c038887c4_52ea704dca9c4cd19b12df41e9897e8d\source\native_tick_audit.jsonl",5177,"C:\robotics_sim\wlr_robot\fsm_base_on_recording_ppo_phase_v1\outputs\ppo_timing_task_priority_v1\rear_sequence_before_source_evidence.json#/B0_selected_nominal_events/3","C:\robotics_sim\wlr_robot\fsm_base_on_recording_ppo_phase_v1\runs\ppo_fsm_reference_p09_stable_v2\video_eval\prior_B\20260914T0422580971667Z_g4b2c038887c4_52ea704dca9c4cd19b12df41e9897e8d\source\physical_observations.jsonl","Explicit nearest retained pre/after samples; not onset or same-tick fill. Body motion is not leg loading.","[""FL_hip"",""FR_knee"",""RL_hip"",""RR_hip"",""RR_knee""]","[""FL"",""FR"",""RL"",""RR""]",,,,,,,,,,,,,,,,,,,,,,,,
"B0_BEFORE","FR_knee_and_wheel_atomic","Recorded nominal dispatch; source order from audited before evidence",5200,5201,43.333333333333336,,43.34166666666667,"[49.2,31.1,24.9,23.8,0]","[0.11190892277261917,-0.63,0.11190892277261917,0.11190892277261917]","exact physical response onset not established",5201,"{""physics_tick"":5201,""physical_source_line"":5202,""body_origin_world_m"":[0.6460410952568054,-0.01650480180978775,0.06765181571245193],""com_world_m"":[0.6184609975017431,-0.1297584674365665,0.15710288386592966],""com_valid"":true,""actual_selected_joint_deg"":[46.61763750865339,45.1136270519718,21.352181533106148,9.935563144174065,0.08425341164050884],""legs_contact"":[""AIR"",""OBSTACLE"",""GROUND"",""AIR""],""legs_ground_force_n"":[0,0,17.07290458679215,0],""legs_obstacle_force_n"":[0,13.765561672593295,0,0],""legs_ground_pair_verified"":[true,true,true,true],""legs_obstacle_pair_verified"":[true,true,true,true],""RR_wheel_center_world_m"":[0.3061765134334564,-0.32767075300216675,0.05160073935985565],""RR_clearance_m"":-0.04809253329207299}",5177,"{""physics_tick"":5177,""physical_source_line"":5178,""body_origin_world_m"":[0.6177771687507629,-0.01202574372291565,0.08559798449277878],""com_world_m"":[0.5975298293613757,-0.12852653326334176,0.16227191467785412],""com_valid"":true,""actual_selected_joint_deg"":[31.593850957455786,45.80295364867158,10.199910128011858,0.308936419750979,0.12458109632619213],""legs_contact"":[""AIR"",""OBSTACLE"",""GROUND"",""GROUND""],""legs_ground_force_n"":[0,0,14.333722114563118,2.23408842086794],""legs_obstacle_force_n"":[0,11.466496467590607,0,0],""legs_ground_pair_verified"":[true,true,true,true],""legs_obstacle_pair_verified"":[true,true,true,true],""RR_wheel_center_world_m"":[0.30568745732307434,-0.32862207293510437,0.0487513430416584],""RR_clearance_m"":-0.051088049727981075}",,,"C:\robotics_sim\wlr_robot\fsm_base_on_recording_ppo_phase_v1\runs\ppo_fsm_reference_p09_stable_v2\video_eval\prior_B\20260914T0422580971667Z_g4b2c038887c4_52ea704dca9c4cd19b12df41e9897e8d\source\native_tick_audit.jsonl",5201,"C:\robotics_sim\wlr_robot\fsm_base_on_recording_ppo_phase_v1\outputs\ppo_timing_task_priority_v1\rear_sequence_before_source_evidence.json#/B0_selected_nominal_events/4","C:\robotics_sim\wlr_robot\fsm_base_on_recording_ppo_phase_v1\runs\ppo_fsm_reference_p09_stable_v2\video_eval\prior_B\20260914T0422580971667Z_g4b2c038887c4_52ea704dca9c4cd19b12df41e9897e8d\source\physical_observations.jsonl","Explicit nearest retained pre/after samples; not onset or same-tick fill. Body motion is not leg loading.","[""FL_hip"",""FR_knee"",""RL_hip"",""RR_hip"",""RR_knee""]","[""FL"",""FR"",""RL"",""RR""]",,,,,,,,,,,,,,,,,,,,,,,,
"B0_BEFORE","authored_four_wheel_stop_not_fully_owned","Recorded nominal dispatch; source order from audited before evidence",5320,5321,44.333333333333336,,44.34166666666667,"[49.2,31.1,31.199999999999996,41.8,-37.8]","[0.1235193115284175,0,0.1235193115284175,0.1235193115284175]","exact physical response onset not established",,,5217,"{""physics_tick"":5217,""physical_source_line"":5218,""body_origin_world_m"":[0.6616901755332947,-0.01987294852733612,0.0716324970126152],""com_world_m"":[0.6246905407261304,-0.1377042759641674,0.15860748199639396],""com_valid"":true,""actual_selected_joint_deg"":[49.95467669182486,36.594099873783115,26.869393193683592,23.193349643951507,-0.1739681198113982],""legs_contact"":[""AIR"",""OBSTACLE"",""GROUND"",""GROUND""],""legs_ground_force_n"":[0,0,12.231801986694446,7.318559646606511],""legs_obstacle_force_n"":[0,10.819287300110027,0,0],""legs_ground_pair_verified"":[true,true,true,true],""legs_obstacle_pair_verified"":[true,true,true,true],""RR_wheel_center_world_m"":[0.296347975730896,-0.3292243778705597,0.04942876845598221],""RR_clearance_m"":-0.05044318306706936}",,"FR wheel zero, other wheels nonzero: source explicit four-wheel stop lost ownership","C:\robotics_sim\wlr_robot\fsm_base_on_recording_ppo_phase_v1\runs\ppo_fsm_reference_p09_stable_v2\video_eval\prior_B\20260914T0422580971667Z_g4b2c038887c4_52ea704dca9c4cd19b12df41e9897e8d\source\native_tick_audit.jsonl",5321,"C:\robotics_sim\wlr_robot\fsm_base_on_recording_ppo_phase_v1\outputs\ppo_timing_task_priority_v1\rear_sequence_before_source_evidence.json#/B0_selected_nominal_events/6","C:\robotics_sim\wlr_robot\fsm_base_on_recording_ppo_phase_v1\runs\ppo_fsm_reference_p09_stable_v2\video_eval\prior_B\20260914T0422580971667Z_g4b2c038887c4_52ea704dca9c4cd19b12df41e9897e8d\source\physical_observations.jsonl","Explicit nearest retained pre/after samples; not onset or same-tick fill. Body motion is not leg loading.","[""FL_hip"",""FR_knee"",""RL_hip"",""RR_hip"",""RR_knee""]","[""FL"",""FR"",""RL"",""RR""]",,,,,,,,,,,,,,,,,,,,,,,,
"B0_BEFORE","RR_whole_body_initial_clearance","whole_body_initial_clearance",,,,5205,,,,"Recorded evaluator event at actual physical tick",,,,,,,"C:\robotics_sim\wlr_robot\fsm_base_on_recording_ppo_phase_v1\runs\ppo_fsm_reference_p09_stable_v2\video_eval\prior_B\20260914T0422580971667Z_g4b2c038887c4_52ea704dca9c4cd19b12df41e9897e8d\source\stage_transition_evidence.jsonl",18,,,,"[""FL_hip"",""FR_knee"",""RL_hip"",""RR_hip"",""RR_knee""]","[""FL"",""FR"",""RL"",""RR""]",,,,43.375,,,,,,,,,,,,,,,,,,,,
"B0_BEFORE","RR_whole_body_initial_clearance","whole_body_initial_clearance",,,,5485,,,,"Recorded evaluator event at actual physical tick",,,,,,,"C:\robotics_sim\wlr_robot\fsm_base_on_recording_ppo_phase_v1\runs\ppo_fsm_reference_p09_stable_v2\video_eval\prior_B\20260914T0422580971667Z_g4b2c038887c4_52ea704dca9c4cd19b12df41e9897e8d\source\stage_transition_evidence.jsonl",19,,,,"[""FL_hip"",""FR_knee"",""RL_hip"",""RR_hip"",""RR_knee""]","[""FL"",""FR"",""RL"",""RR""]",,,,45.708333333333336,,,,,,,,,,,,,,,,,,,,
"B0_BEFORE","RR_qualified_measured_upward_lift","qualified_measured_upward_lift",,,,5508,,,,"Recorded evaluator event at actual physical tick",,,,,,,"C:\robotics_sim\wlr_robot\fsm_base_on_recording_ppo_phase_v1\runs\ppo_fsm_reference_p09_stable_v2\video_eval\prior_B\20260914T0422580971667Z_g4b2c038887c4_52ea704dca9c4cd19b12df41e9897e8d\source\stage_transition_evidence.jsonl",20,,,,"[""FL_hip"",""FR_knee"",""RL_hip"",""RR_hip"",""RR_knee""]","[""FL"",""FR"",""RL"",""RR""]",,,,45.9,,,,,,,,,,,,,,,,,,,,
"B0_BEFORE","RR_qualification_revoked_ground_before_cross","qualification_revoked_ground_before_cross",,,,6342,,,,"Recorded evaluator event at actual physical tick",,,,,,,"C:\robotics_sim\wlr_robot\fsm_base_on_recording_ppo_phase_v1\runs\ppo_fsm_reference_p09_stable_v2\video_eval\prior_B\20260914T0422580971667Z_g4b2c038887c4_52ea704dca9c4cd19b12df41e9897e8d\source\stage_transition_evidence.jsonl",21,,,,"[""FL_hip"",""FR_knee"",""RL_hip"",""RR_hip"",""RR_knee""]","[""FL"",""FR"",""RL"",""RR""]",,,,52.85,,,,,,,,,,,,,,,,,,,,
"B0_BEFORE","RR_current_lift_revoked_ground","current_lift_revoked_ground",,,,6342,,,,"Recorded evaluator event at actual physical tick",,,,,,,"C:\robotics_sim\wlr_robot\fsm_base_on_recording_ppo_phase_v1\runs\ppo_fsm_reference_p09_stable_v2\video_eval\prior_B\20260914T0422580971667Z_g4b2c038887c4_52ea704dca9c4cd19b12df41e9897e8d\source\stage_transition_evidence.jsonl",21,,,,"[""FL_hip"",""FR_knee"",""RL_hip"",""RR_hip"",""RR_knee""]","[""FL"",""FR"",""RL"",""RR""]",,,,52.85,,,,,,,,,,,,,,,,,,,,
"B0_BEFORE","RR_sequence_terminal_or_not_reached",,,,,,,,,"exact physical response onset not established",8860,"{""episode_physics_tick"":8860,""source_lines"":[8861,8860,1108],""semantic_endpoint_observation_tick"":8860,""calibrated_body_rpy_rad"":[0.020561578065646957,-0.11448838846040638,-0.25622642754825853],""com_position_world_m"":[0.6912622607307517,-0.17712440682472022,0.16307735925051187],""com_valid"":true,""RR_front_distance_derived_m"":-0.049679663349870395,""RR_top_clearance_derived_m"":-0.05035459889575462,""legs_contact_surface"":[""TOP"",""TOP"",""NONE"",""NONE""],""legs_top_contact"":[true,true,false,false],""legs_support"":[true,true,false,true],""legs_bearing_force_n"":[13.769339561462402,0.6709302067756653,0,14.313668251037598],""legs_bearing_verified"":[true,true,true,true],""legs_load_fraction"":[0.4788679572249166,0.02333350674700267,0,0.4977985360280807],""legs_load_fraction_valid"":[true,true,true,true],""RR_I_initial_lift_observed"":false,""RR_Q_lift_established"":false,""RR_current_lift_valid"":false,""RR_C_front_edge_crossed"":false,""RR_P_placed"":false,""FL_hip_actual_deg"":-18.25262542603444,""FR_knee_actual_deg"":30.985824716096474,""RL_hip_actual_deg"":14.103042219783154,""RR_hip_actual_deg"":-7.654154723468072,""RR_knee_actual_deg"":-29.1711770425193}",,,,"INCOMPLETE_CONTROLLER_BLOCKED","C:\robotics_sim\wlr_robot\fsm_base_on_recording_ppo_phase_v1\runs\ppo_fsm_reference_p09_stable_v2\video_eval\prior_B\20260914T0422580971667Z_g4b2c038887c4_52ea704dca9c4cd19b12df41e9897e8d\source\video_policy_decisions.jsonl",1108,,"C:\robotics_sim\wlr_robot\fsm_base_on_recording_ppo_phase_v1\runs\ppo_fsm_reference_p09_stable_v2\video_eval\prior_B\20260914T0422580971667Z_g4b2c038887c4_52ea704dca9c4cd19b12df41e9897e8d\source\physical_observations.jsonl",,"[""FL_hip"",""FR_knee"",""RL_hip"",""RR_hip"",""RR_knee""]","[""FL"",""FR"",""RL"",""RR""]",,,,,8860,"P09","{""placed_RR"":0.2630605891377268}","{""source_joint_owners_continued"":true,""added_rolling_suggestion"":false,""reason"":""no_extra_wall_push_source_and_residual_adjustment_continue"",""fixed_lift_timer_gate"":false,""above_top_15mm_action_gate"":false}","C:\robotics_sim\wlr_robot\fsm_base_on_recording_ppo_phase_v1\outputs\ppo_timing_task_priority_v1\old_b0_extractor_fixture_v2.summary.json",false,"{""physics_tick"":8860,""source"":""C:\\robotics_sim\\wlr_robot\\fsm_base_on_recording_ppo_phase_v1\\runs\\ppo_fsm_reference_p09_stable_v2\\video_eval\\prior_B\\20260914T0422580971667Z_g4b2c038887c4_52ea704dca9c4cd19b12df41e9897e8d\\source\\semantic_video_source_manifest.json#/physical_episode/physical_task_evaluation"",""RR_current_lift_valid"":false,""RR_C"":false,""RR_P"":false,""termination_reason"":null,""termination_source"":null}",,,,,,,,,,,,,
"B_TIMING1_AFTER","FL_P07","Actual native nominal dispatch; no action onset inferred from semantic stage alone",5160,5161,43,,43.00833333333333,"[37.6,45.9,6.9,0,0]","[0.3,0.3,0.3,0.3]","exact physical response onset not established",5168,"{""episode_physics_tick"":5168,""source_lines"":[5169,5168,646],""semantic_endpoint_observation_tick"":5168,""calibrated_body_rpy_rad"":[-0.04102300228158545,-0.027882504548316405,-0.02128271919397043],""com_position_world_m"":[0.594007966658887,-0.13035877553603847,0.16242132366727868],""com_valid"":true,""RR_front_distance_derived_m"":-0.2181892360942399,""RR_top_clearance_derived_m"":-0.05092519545788415,""legs_contact_surface"":[""NONE"",""TOP"",""NONE"",""NONE""],""legs_top_contact"":[false,true,false,false],""legs_support"":[false,true,true,true],""legs_bearing_force_n"":[0,12.829343795776367,15.35607624053955,1.6838270425796509],""legs_bearing_verified"":[true,true,true,true],""legs_load_fraction"":[0,0.4295168124556134,0.5141099204803709,0.05637326706401571],""legs_load_fraction_valid"":[true,true,true,true],""RR_I_initial_lift_observed"":false,""RR_Q_lift_established"":false,""RR_current_lift_valid"":false,""RR_C_front_edge_crossed"":false,""RR_P_placed"":false,""FL_hip_actual_deg"":25.552089306357825,""FR_knee_actual_deg"":46.1207555205631,""RL_hip_actual_deg"":7.660487629509783,""RR_hip_actual_deg"":0.12964422084240873,""RR_knee_actual_deg"":-0.08932705491485149}",5160,"{""episode_physics_tick"":5160,""source_lines"":[5161,5160,645],""semantic_endpoint_observation_tick"":5160,""calibrated_body_rpy_rad"":[-0.037759918751510864,-0.030891833370202567,-0.021106935902115726],""com_position_world_m"":[0.5932237445363151,-0.13079528412469607,0.1621838548943216],""com_valid"":true,""RR_front_distance_derived_m"":-0.218984391857866,""RR_top_clearance_derived_m"":-0.05092924746865264,""legs_contact_surface"":[""TOP"",""TOP"",""NONE"",""NONE""],""legs_top_contact"":[true,true,false,false],""legs_support"":[true,true,true,true],""legs_bearing_force_n"":[6.463122844696045,6.689085006713867,8.034895896911621,7.5156402587890625],""legs_bearing_verified"":[true,true,true,true],""legs_load_fraction"":[0.22517438900945919,0.2330468823836761,0.27993476494516056,0.2618439636617041],""legs_load_fraction_valid"":[true,true,true,true],""RR_I_initial_lift_observed"":false,""RR_Q_lift_established"":false,""RR_current_lift_valid"":false,""RR_C_front_edge_crossed"":false,""RR_P_placed"":false,""FL_hip_actual_deg"":22.800721769042024,""FR_knee_actual_deg"":46.10623112329307,""RL_hip_actual_deg"":7.510796349886137,""RR_hip_actual_deg"":0.4868563909666113,""RR_knee_actual_deg"":-0.19220723285541813}",,,"C:\robotics_sim\wlr_robot\fsm_base_on_recording_ppo_phase_v1\runs\ppo_fsm_reference_p09_stable_v2\video_eval\prior_B\20260914T2239069664767Z_ga89ba82af061_fa3a7f654dd34828834613adc1162e33\source\native_tick_audit.jsonl",5161,,"C:\robotics_sim\wlr_robot\fsm_base_on_recording_ppo_phase_v1\runs\ppo_fsm_reference_p09_stable_v2\video_eval\prior_B\20260914T2239069664767Z_ga89ba82af061_fa3a7f654dd34828834613adc1162e33\source\physical_observations.jsonl","Explicit nearest retained pre/after samples; not onset or same-tick fill. Body motion is not leg loading.","[""FL_hip"",""FR_knee"",""RL_hip"",""RR_hip"",""RR_knee""]","[""FL"",""FR"",""RL"",""RR""]",,,,,,,,,,,,,,,,,,,,,,,,
"B_TIMING1_AFTER","FR_P07","Actual native nominal dispatch; no action onset inferred from semantic stage alone",5200,5201,43.333333333333336,,43.34166666666667,"[49.2,31.1,6.9,0,0]","[0.3,-0.63,0.3,0.3]","exact physical response onset not established",5208,"{""episode_physics_tick"":5208,""source_lines"":[5209,5208,651],""semantic_endpoint_observation_tick"":5208,""calibrated_body_rpy_rad"":[-0.04636357596631507,-0.02573162377950046,-0.021580614381050602],""com_position_world_m"":[0.5995347823856604,-0.1294307112024856,0.16896312169194605],""com_valid"":true,""RR_front_distance_derived_m"":-0.21297186272311563,""RR_top_clearance_derived_m"":-0.050475633464122885,""legs_contact_surface"":[""NONE"",""TOP"",""NONE"",""NONE""],""legs_top_contact"":[false,true,false,false],""legs_support"":[false,true,true,true],""legs_bearing_force_n"":[0,10.605359077453613,12.103724479675293,2.907062530517578],""legs_bearing_verified"":[true,true,true,true],""legs_load_fraction"":[0,0.41401071969089454,0.4725037262928624,0.11348555401624305],""legs_load_fraction_valid"":[true,true,true,true],""RR_I_initial_lift_observed"":false,""RR_Q_lift_established"":false,""RR_current_lift_valid"":false,""RR_C_front_edge_crossed"":false,""RR_P_placed"":false,""FL_hip_actual_deg"":49.19020776897118,""FR_knee_actual_deg"":43.45624408382777,""RL_hip_actual_deg"":8.022009542278559,""RR_hip_actual_deg"":0.02465898393572946,""RR_knee_actual_deg"":0.14315430167016086}",5200,"{""episode_physics_tick"":5200,""source_lines"":[5201,5200,650],""semantic_endpoint_observation_tick"":5200,""calibrated_body_rpy_rad"":[-0.04531577878789085,-0.025856992039683835,-0.021527980963455293],""com_position_world_m"":[0.5978271252756845,-0.1295869160754447,0.1681861836531096],""com_valid"":true,""RR_front_distance_derived_m"":-0.21442740814853067,""RR_top_clearance_derived_m"":-0.050660830999461726,""legs_contact_surface"":[""NONE"",""TOP"",""NONE"",""NONE""],""legs_top_contact"":[false,true,false,false],""legs_support"":[false,true,true,true],""legs_bearing_force_n"":[0,11.935014724731445,14.290712356567383,2.453608512878418],""legs_bearing_verified"":[true,true,true,true],""legs_load_fraction"":[0,0.4161538082198322,0.4982930064624238,0.08555318531774402],""legs_load_fraction_valid"":[true,true,true,true],""RR_I_initial_lift_observed"":false,""RR_Q_lift_established"":false,""RR_current_lift_valid"":false,""RR_C_front_edge_crossed"":false,""RR_P_placed"":false,""FL_hip_actual_deg"":46.19048430814996,""FR_knee_actual_deg"":46.14172078622046,""RL_hip_actual_deg"":7.878181980057367,""RR_hip_actual_deg"":-0.11970162652541222,""RR_knee_actual_deg"":0.030120160404190965}",,,"C:\robotics_sim\wlr_robot\fsm_base_on_recording_ppo_phase_v1\runs\ppo_fsm_reference_p09_stable_v2\video_eval\prior_B\20260914T2239069664767Z_ga89ba82af061_fa3a7f654dd34828834613adc1162e33\source\native_tick_audit.jsonl",5201,,"C:\robotics_sim\wlr_robot\fsm_base_on_recording_ppo_phase_v1\runs\ppo_fsm_reference_p09_stable_v2\video_eval\prior_B\20260914T2239069664767Z_ga89ba82af061_fa3a7f654dd34828834613adc1162e33\source\physical_observations.jsonl","Explicit nearest retained pre/after samples; not onset or same-tick fill. Body motion is not leg loading.","[""FL_hip"",""FR_knee"",""RL_hip"",""RR_hip"",""RR_knee""]","[""FL"",""FR"",""RL"",""RR""]",,,,,,,,,,,,,,,,,,,,,,,,
"B_TIMING1_AFTER","four_wheel_stop_after_FR","Actual native nominal dispatch; no action onset inferred from semantic stage alone",5320,5321,44.333333333333336,,44.34166666666667,"[49.2,31.1,6.9,0,0]","[0,0,0,0]","exact physical response onset not established",5328,"{""episode_physics_tick"":5328,""source_lines"":[5329,5328,666],""semantic_endpoint_observation_tick"":5328,""calibrated_body_rpy_rad"":[-0.05074548731416526,-0.04896012029129769,-0.020506094095996318],""com_position_world_m"":[0.6001076528968278,-0.12848343112410804,0.1745169722868155],""com_valid"":true,""RR_front_distance_derived_m"":-0.20741831915545816,""RR_top_clearance_derived_m"":-0.04999698767948171,""legs_contact_surface"":[""NONE"",""TOP"",""NONE"",""NONE""],""legs_top_contact"":[false,true,false,false],""legs_support"":[false,true,true,true],""legs_bearing_force_n"":[0,13.04470443725586,14.718982696533203,1.0444555282592773],""legs_bearing_verified"":[true,true,true,true],""legs_load_fraction"":[0,0.4528131018470992,0.5109313317836313,0.036255566369269486],""legs_load_fraction_valid"":[true,true,true,true],""RR_I_initial_lift_observed"":false,""RR_Q_lift_established"":false,""RR_current_lift_valid"":false,""RR_C_front_edge_crossed"":false,""RR_P_placed"":false,""FL_hip_actual_deg"":49.53927483178843,""FR_knee_actual_deg"":30.87178104752477,""RL_hip_actual_deg"":8.401636578989745,""RR_hip_actual_deg"":-0.08424259272758525,""RR_knee_actual_deg"":0.2180336895117063}",5320,"{""episode_physics_tick"":5320,""source_lines"":[5321,5320,665],""semantic_endpoint_observation_tick"":5320,""calibrated_body_rpy_rad"":[-0.05061907392853953,-0.0494194863511439,-0.020483620444112248],""com_position_world_m"":[0.5999753816601411,-0.12849797614621083,0.17454594452394348],""com_valid"":true,""RR_front_distance_derived_m"":-0.2075512077109849,""RR_top_clearance_derived_m"":-0.04999589772645499,""legs_contact_surface"":[""NONE"",""TOP"",""NONE"",""NONE""],""legs_top_contact"":[false,true,false,false],""legs_support"":[false,true,true,true],""legs_bearing_force_n"":[0,13.053414344787598,14.54600715637207,1.0414210557937622],""legs_bearing_verified"":[true,true,true,true],""legs_load_fraction"":[0,0.45576223251220266,0.507876370167769,0.03636139732002842],""legs_load_fraction_valid"":[true,true,true,true],""RR_I_initial_lift_observed"":false,""RR_Q_lift_established"":false,""RR_current_lift_valid"":false,""RR_C_front_edge_crossed"":false,""RR_P_placed"":false,""FL_hip_actual_deg"":49.2832007945209,""FR_knee_actual_deg"":31.079217307712643,""RL_hip_actual_deg"":8.388360398790532,""RR_hip_actual_deg"":-0.0808796316958531,""RR_knee_actual_deg"":0.22461491215831164}",,,"C:\robotics_sim\wlr_robot\fsm_base_on_recording_ppo_phase_v1\runs\ppo_fsm_reference_p09_stable_v2\video_eval\prior_B\20260914T2239069664767Z_ga89ba82af061_fa3a7f654dd34828834613adc1162e33\source\native_tick_audit.jsonl",5321,,"C:\robotics_sim\wlr_robot\fsm_base_on_recording_ppo_phase_v1\runs\ppo_fsm_reference_p09_stable_v2\video_eval\prior_B\20260914T2239069664767Z_ga89ba82af061_fa3a7f654dd34828834613adc1162e33\source\physical_observations.jsonl","Explicit nearest retained pre/after samples; not onset or same-tick fill. Body motion is not leg loading.","[""FL_hip"",""FR_knee"",""RL_hip"",""RR_hip"",""RR_knee""]","[""FL"",""FR"",""RL"",""RR""]",,,,,,,,,,,,,,,,,,,,,,,,
"B_TIMING1_AFTER","RL_P08","Actual native nominal dispatch; no action onset inferred from semantic stage alone",5360,5361,44.666666666666664,,44.675,"[38.6,31.1,14.3,0,0]","[0,0,0,0]","exact physical response onset not established",5368,"{""episode_physics_tick"":5368,""source_lines"":[5369,5368,671],""semantic_endpoint_observation_tick"":5368,""calibrated_body_rpy_rad"":[-0.06308893148440972,-0.05455063251175873,-0.02000599136704665],""com_position_world_m"":[0.603558818513071,-0.12693603648669483,0.17085231555172867],""com_valid"":true,""RR_front_distance_derived_m"":-0.2038217748897111,""RR_top_clearance_derived_m"":-0.04999683405591163,""legs_contact_surface"":[""NONE"",""TOP"",""NONE"",""NONE""],""legs_top_contact"":[false,true,false,false],""legs_support"":[false,true,true,true],""legs_bearing_force_n"":[0,12.633378028869629,15.951996803283691,0.5866221189498901],""legs_bearing_verified"":[true,true,true,true],""legs_load_fraction"":[0,0.43306524575760547,0.5468256708658551,0.020109083376539487],""legs_load_fraction_valid"":[true,true,true,true],""RR_I_initial_lift_observed"":false,""RR_Q_lift_established"":false,""RR_current_lift_valid"":false,""RR_C_front_edge_crossed"":false,""RR_P_placed"":false,""FL_hip_actual_deg"":40.349139190320386,""FR_knee_actual_deg"":30.352843764954713,""RL_hip_actual_deg"":10.547056200125049,""RR_hip_actual_deg"":0.03085108402687492,""RR_knee_actual_deg"":0.25490689200752076}",5360,"{""episode_physics_tick"":5360,""source_lines"":[5361,5360,670],""semantic_endpoint_observation_tick"":5360,""calibrated_body_rpy_rad"":[-0.05126886383219564,-0.04827069479186165,-0.020540305599081096],""com_position_world_m"":[0.6007242113322206,-0.12854094312186712,0.17213842636872503],""com_valid"":true,""RR_front_distance_derived_m"":-0.20711493151355143,""RR_top_clearance_derived_m"":-0.049995999261233576,""legs_contact_surface"":[""NONE"",""TOP"",""NONE"",""NONE""],""legs_top_contact"":[false,true,false,false],""legs_support"":[false,true,true,true],""legs_bearing_force_n"":[0,13.347723960876465,15.007147789001465,0.6892814636230469],""legs_bearing_verified"":[true,true,true,true],""legs_load_fraction"":[0,0.45956664195917635,0.5167011645574674,0.023732193483356197],""legs_load_fraction_valid"":[true,true,true,true],""RR_I_initial_lift_observed"":false,""RR_Q_lift_established"":false,""RR_current_lift_valid"":false,""RR_C_front_edge_crossed"":false,""RR_P_placed"":false,""FL_hip_actual_deg"":42.063472275763985,""FR_knee_actual_deg"":30.614771274340946,""RL_hip_actual_deg"":8.435796916349917,""RR_hip_actual_deg"":-0.13411041750765657,""RR_knee_actual_deg"":0.19698756319410704}",,,"C:\robotics_sim\wlr_robot\fsm_base_on_recording_ppo_phase_v1\runs\ppo_fsm_reference_p09_stable_v2\video_eval\prior_B\20260914T2239069664767Z_ga89ba82af061_fa3a7f654dd34828834613adc1162e33\source\native_tick_audit.jsonl",5361,,"C:\robotics_sim\wlr_robot\fsm_base_on_recording_ppo_phase_v1\runs\ppo_fsm_reference_p09_stable_v2\video_eval\prior_B\20260914T2239069664767Z_ga89ba82af061_fa3a7f654dd34828834613adc1162e33\source\physical_observations.jsonl","Explicit nearest retained pre/after samples; not onset or same-tick fill. Body motion is not leg loading.","[""FL_hip"",""FR_knee"",""RL_hip"",""RR_hip"",""RR_knee""]","[""FL"",""FR"",""RL"",""RR""]",,,,,,,,,,,,,,,,,,,,,,,,
"B_TIMING1_AFTER","RR_P09","Actual native nominal dispatch; no action onset inferred from semantic stage alone",5408,5409,45.06666666666667,,45.075,"[38.6,31.1,31.199999999999996,1.6,0]","[0,0,0,0]","exact physical response onset not established",5416,"{""episode_physics_tick"":5416,""source_lines"":[5417,5416,677],""semantic_endpoint_observation_tick"":5416,""calibrated_body_rpy_rad"":[-0.17579813490666935,-0.07381939873596254,-0.021295594412639646],""com_position_world_m"":[0.6363173846110598,-0.11782155192579154,0.15441640957446176],""com_valid"":true,""RR_front_distance_derived_m"":-0.17074647205043192,""RR_top_clearance_derived_m"":-0.04956371377452833,""legs_contact_surface"":[""NONE"",""TOP"",""NONE"",""NONE""],""legs_top_contact"":[false,true,false,false],""legs_support"":[false,true,true,false],""legs_bearing_force_n"":[0,13.768025398254395,15.6624116897583,0],""legs_bearing_verified"":[true,true,true,true],""legs_load_fraction"":[0,0.46781586549600535,0.5321841345039946,0],""legs_load_fraction_valid"":[true,true,true,true],""RR_I_initial_lift_observed"":false,""RR_Q_lift_established"":false,""RR_current_lift_valid"":false,""RR_C_front_edge_crossed"":false,""RR_P_placed"":false,""FL_hip_actual_deg"":38.57243623247082,""FR_knee_actual_deg"":28.849952845647202,""RL_hip_actual_deg"":28.262744954177023,""RR_hip_actual_deg"":0.8075884140120702,""RR_knee_actual_deg"":0.16338470500687707}",5408,"{""episode_physics_tick"":5408,""source_lines"":[5409,5408,676],""semantic_endpoint_observation_tick"":5408,""calibrated_body_rpy_rad"":[-0.16074970306705333,-0.07031431578533855,-0.02087413059173869],""com_position_world_m"":[0.6315900038197482,-0.11823843903378962,0.15756922210346938],""com_valid"":true,""RR_front_distance_derived_m"":-0.17287468569445963,""RR_top_clearance_derived_m"":-0.04998478710194664,""legs_contact_surface"":[""NONE"",""TOP"",""NONE"",""NONE""],""legs_top_contact"":[false,true,false,false],""legs_support"":[false,true,true,false],""legs_bearing_force_n"":[0,12.77481746673584,16.169971466064453,0],""legs_bearing_verified"":[true,true,true,true],""legs_load_fraction"":[0,0.44135120475034423,0.5586487952496557,0],""legs_load_fraction_valid"":[true,true,true,true],""RR_I_initial_lift_observed"":false,""RR_Q_lift_established"":false,""RR_current_lift_valid"":false,""RR_C_front_edge_crossed"":false,""RR_P_placed"":false,""FL_hip_actual_deg"":38.60397121586877,""FR_knee_actual_deg"":28.896473264084158,""RL_hip_actual_deg"":25.454133601427344,""RR_hip_actual_deg"":-0.26015404810019754,""RR_knee_actual_deg"":0.1842730176442562}",,,"C:\robotics_sim\wlr_robot\fsm_base_on_recording_ppo_phase_v1\runs\ppo_fsm_reference_p09_stable_v2\video_eval\prior_B\20260914T2239069664767Z_ga89ba82af061_fa3a7f654dd34828834613adc1162e33\source\native_tick_audit.jsonl",5409,,"C:\robotics_sim\wlr_robot\fsm_base_on_recording_ppo_phase_v1\runs\ppo_fsm_reference_p09_stable_v2\video_eval\prior_B\20260914T2239069664767Z_ga89ba82af061_fa3a7f654dd34828834613adc1162e33\source\physical_observations.jsonl","Explicit nearest retained pre/after samples; not onset or same-tick fill. Body motion is not leg loading.","[""FL_hip"",""FR_knee"",""RL_hip"",""RR_hip"",""RR_knee""]","[""FL"",""FR"",""RL"",""RR""]",,,,,,,,,,,,,,,,,,,,,,,,
"B_TIMING1_AFTER","P07_actual_start_tick","actual_start_tick",,,,,,,,"exact physical response onset not established",,,,,5160,,"C:\robotics_sim\wlr_robot\fsm_base_on_recording_ppo_phase_v1\runs\ppo_fsm_reference_p09_stable_v2\video_eval\prior_B\20260914T2239069664767Z_ga89ba82af061_fa3a7f654dd34828834613adc1162e33\source\video_policy_decisions.jsonl",645,,,,"[""FL_hip"",""FR_knee"",""RL_hip"",""RR_hip"",""RR_knee""]","[""FL"",""FR"",""RL"",""RR""]",,,,,,,,,,,,5160,5160,,,,,,,,,,,
"B_TIMING1_AFTER","P07_fr_group_start_tick","fr_group_start_tick",,,,,,,,"exact physical response onset not established",,,,,5200,,"C:\robotics_sim\wlr_robot\fsm_base_on_recording_ppo_phase_v1\runs\ppo_fsm_reference_p09_stable_v2\video_eval\prior_B\20260914T2239069664767Z_ga89ba82af061_fa3a7f654dd34828834613adc1162e33\source\video_policy_decisions.jsonl",650,,,,"[""FL_hip"",""FR_knee"",""RL_hip"",""RR_hip"",""RR_knee""]","[""FL"",""FR"",""RL"",""RR""]",,,,,,,,,,,,5200,5200,,,,,,,,,,,
"B_TIMING1_AFTER","P08_actual_start_tick","actual_start_tick",,,,,,,,"exact physical response onset not established",,,,,5360,,"C:\robotics_sim\wlr_robot\fsm_base_on_recording_ppo_phase_v1\runs\ppo_fsm_reference_p09_stable_v2\video_eval\prior_B\20260914T2239069664767Z_ga89ba82af061_fa3a7f654dd34828834613adc1162e33\source\video_policy_decisions.jsonl",670,,,,"[""FL_hip"",""FR_knee"",""RL_hip"",""RR_hip"",""RR_knee""]","[""FL"",""FR"",""RL"",""RR""]",,,,,,,,,,,,5360,5360,,,,,,,,,,,
"B_TIMING1_AFTER","P09_actual_start_tick","actual_start_tick",,,,,,,,"exact physical response onset not established",,,,,5408,,"C:\robotics_sim\wlr_robot\fsm_base_on_recording_ppo_phase_v1\runs\ppo_fsm_reference_p09_stable_v2\video_eval\prior_B\20260914T2239069664767Z_ga89ba82af061_fa3a7f654dd34828834613adc1162e33\source\video_policy_decisions.jsonl",676,,,,"[""FL_hip"",""FR_knee"",""RL_hip"",""RR_hip"",""RR_knee""]","[""FL"",""FR"",""RL"",""RR""]",,,,,,,,,,,,5408,5408,,,,,,,,,,,
"B_TIMING1_AFTER","P08_pending",,,,,,,,,"exact physical response onset not established",,,,,,"P07_source_groups_and_measured_FL_space_FR_response","C:\robotics_sim\wlr_robot\fsm_base_on_recording_ppo_phase_v1\runs\ppo_fsm_reference_p09_stable_v2\video_eval\prior_B\20260914T2239069664767Z_ga89ba82af061_fa3a7f654dd34828834613adc1162e33\source\video_policy_decisions.jsonl",646,,,,"[""FL_hip"",""FR_knee"",""RL_hip"",""RR_hip"",""RR_knee""]","[""FL"",""FR"",""RL"",""RR""]",,,,,,,,,,,,5168,,0,5352,24,,,,,,,,
"B_TIMING1_AFTER","P09_pending",,,,,,,,,"exact physical response onset not established",,,,,,"RL_source_assist_response_and_RR_measured_unload_or_lift","C:\robotics_sim\wlr_robot\fsm_base_on_recording_ppo_phase_v1\runs\ppo_fsm_reference_p09_stable_v2\video_eval\prior_B\20260914T2239069664767Z_ga89ba82af061_fa3a7f654dd34828834613adc1162e33\source\video_policy_decisions.jsonl",647,,,,"[""FL_hip"",""FR_knee"",""RL_hip"",""RR_hip"",""RR_knee""]","[""FL"",""FR"",""RL"",""RR""]",,,,,,,,,,,,5176,,0,5400,29,,,,,,,,
"B_TIMING1_AFTER","P07_holding",,,,,,,,,"exact physical response onset not established",,,,,,"no_live_physical_readiness","C:\robotics_sim\wlr_robot\fsm_base_on_recording_ppo_phase_v1\runs\ppo_fsm_reference_p09_stable_v2\video_eval\prior_B\20260914T2239069664767Z_ga89ba82af061_fa3a7f654dd34828834613adc1162e33\source\video_policy_decisions.jsonl",1161,,,,"[""FL_hip"",""FR_knee"",""RL_hip"",""RR_hip"",""RR_knee""]","[""FL"",""FR"",""RL"",""RR""]",,,,,,,,,,,,9281,,4121,9281,1,,,,,,,,
"B_TIMING1_AFTER","P08_holding",,,,,,,,,"exact physical response onset not established",,,,,,"no_live_physical_readiness","C:\robotics_sim\wlr_robot\fsm_base_on_recording_ppo_phase_v1\runs\ppo_fsm_reference_p09_stable_v2\video_eval\prior_B\20260914T2239069664767Z_ga89ba82af061_fa3a7f654dd34828834613adc1162e33\source\video_policy_decisions.jsonl",1161,,,,"[""FL_hip"",""FR_knee"",""RL_hip"",""RR_hip"",""RR_knee""]","[""FL"",""FR"",""RL"",""RR""]",,,,,,,,,,,,9281,,3921,9281,1,,,,,,,,
"B_TIMING1_AFTER","P09_holding",,,,,,,,,"exact physical response onset not established",,,,,,"no_live_physical_readiness","C:\robotics_sim\wlr_robot\fsm_base_on_recording_ppo_phase_v1\runs\ppo_fsm_reference_p09_stable_v2\video_eval\prior_B\20260914T2239069664767Z_ga89ba82af061_fa3a7f654dd34828834613adc1162e33\source\video_policy_decisions.jsonl",1161,,,,"[""FL_hip"",""FR_knee"",""RL_hip"",""RR_hip"",""RR_knee""]","[""FL"",""FR"",""RL"",""RR""]",,,,,,,,,,,,9281,,3873,9281,1,,,,,,,,
"B_TIMING1_AFTER","RR_whole_body_initial_clearance","whole_body_initial_clearance",,,,5421,,,,"Recorded evaluator event at actual physical tick",,,,,,,"C:\robotics_sim\wlr_robot\fsm_base_on_recording_ppo_phase_v1\runs\ppo_fsm_reference_p09_stable_v2\video_eval\prior_B\20260914T2239069664767Z_ga89ba82af061_fa3a7f654dd34828834613adc1162e33\source\stage_transition_evidence.jsonl",18,,,,"[""FL_hip"",""FR_knee"",""RL_hip"",""RR_hip"",""RR_knee""]","[""FL"",""FR"",""RL"",""RR""]",,,,45.175,,,,,,,,,,,,,,,,,,,,
"B_TIMING1_AFTER","RR_qualified_measured_upward_lift","qualified_measured_upward_lift",,,,5425,,,,"Recorded evaluator event at actual physical tick",,,,,,,"C:\robotics_sim\wlr_robot\fsm_base_on_recording_ppo_phase_v1\runs\ppo_fsm_reference_p09_stable_v2\video_eval\prior_B\20260914T2239069664767Z_ga89ba82af061_fa3a7f654dd34828834613adc1162e33\source\stage_transition_evidence.jsonl",19,,,,"[""FL_hip"",""FR_knee"",""RL_hip"",""RR_hip"",""RR_knee""]","[""FL"",""FR"",""RL"",""RR""]",,,,45.208333333333336,,,,,,,,,,,,,,,,,,,,
"B_TIMING1_AFTER","RR_sequence_terminal_or_not_reached",,,,,,,,,"exact physical response onset not established",9281,"{""episode_physics_tick"":9281,""source_lines"":[9282,9281,1161],""semantic_endpoint_observation_tick"":9281,""calibrated_body_rpy_rad"":[0.07564265661915381,-0.17491724639396564,-0.24250918208416258],""com_position_world_m"":[0.6718439559134618,-0.17726665205437414,0.15250634697537463],""com_valid"":true,""RR_front_distance_derived_m"":-0.029536005427125644,""RR_top_clearance_derived_m"":-0.011898819032890195,""legs_contact_surface"":[""TOP"",""TOP"",""NONE"",""TOP""],""legs_top_contact"":[true,true,false,false],""legs_support"":[true,true,true,true],""legs_bearing_force_n"":[1.683772325515747,11.982914924621582,12.531431198120117,2.356905698776245],""legs_bearing_verified"":[true,true,true,true],""legs_load_fraction"":[0.05896588694324946,0.4196429624054922,0.43885206097512225,0.08253908967613609],""legs_load_fraction_valid"":[true,true,true,true],""RR_I_initial_lift_observed"":true,""RR_Q_lift_established"":true,""RR_current_lift_valid"":true,""RR_C_front_edge_crossed"":false,""RR_P_placed"":false,""FL_hip_actual_deg"":-19.66122729139722,""FR_knee_actual_deg"":30.582911856957423,""RL_hip_actual_deg"":15.001014020153901,""RR_hip_actual_deg"":-6.41562286089132,""RR_knee_actual_deg"":-59.98109146384171}",,,,"INCOMPLETE_CONTROLLER_BLOCKED","C:\robotics_sim\wlr_robot\fsm_base_on_recording_ppo_phase_v1\runs\ppo_fsm_reference_p09_stable_v2\video_eval\prior_B\20260914T2239069664767Z_ga89ba82af061_fa3a7f654dd34828834613adc1162e33\source\video_policy_decisions.jsonl",1161,,"C:\robotics_sim\wlr_robot\fsm_base_on_recording_ppo_phase_v1\runs\ppo_fsm_reference_p09_stable_v2\video_eval\prior_B\20260914T2239069664767Z_ga89ba82af061_fa3a7f654dd34828834613adc1162e33\source\physical_observations.jsonl",,"[""FL_hip"",""FR_knee"",""RL_hip"",""RR_hip"",""RR_knee""]","[""FL"",""FR"",""RL"",""RR""]",,,,,9281,"P09","{""placed_RR"":0.6483119905025301}","{""source_joint_owners_continued"":true,""added_rolling_suggestion"":false,""ordered_source_wheel_owner"":false,""reason"":""no_extra_wall_push_source_and_residual_adjustment_continue"",""fixed_lift_timer_gate"":false,""above_top_15mm_action_gate"":false}","C:\robotics_sim\wlr_robot\fsm_base_on_recording_ppo_phase_v1\outputs\ppo_timing_task_priority_v1\B_TIMING1_AFTER.summary.json",false,"{""physics_tick"":9281,""source"":""C:\\robotics_sim\\wlr_robot\\fsm_base_on_recording_ppo_phase_v1\\runs\\ppo_fsm_reference_p09_stable_v2\\video_eval\\prior_B\\20260914T2239069664767Z_ga89ba82af061_fa3a7f654dd34828834613adc1162e33\\source\\semantic_video_source_manifest.json#/physical_episode/physical_task_evaluation"",""RR_current_lift_valid"":true,""RR_C"":false,""RR_P"":false,""termination_reason"":null,""termination_source"":null}",,,,,,,,,,,,,
"C_TIMING1_AFTER","RR_sequence_terminal_or_not_reached",,,,,,,,,"exact physical response onset not established",879,"{""episode_physics_tick"":879,""source_lines"":[880,879,null],""semantic_endpoint_observation_tick"":null,""calibrated_body_rpy_rad"":[0.07295113315529142,-0.11041076520802516,0.022830073244144152],""com_position_world_m"":[-0.02808728072188818,-0.12479342109225916,0.11609381829411457],""com_valid"":true,""RR_front_distance_derived_m"":-0.7026828642385041,""RR_top_clearance_derived_m"":-0.050153339057399784,""legs_contact_surface"":null,""legs_top_contact"":null,""legs_support"":null,""legs_bearing_force_n"":null,""legs_bearing_verified"":null,""legs_load_fraction"":null,""legs_load_fraction_valid"":null,""RR_I_initial_lift_observed"":null,""RR_Q_lift_established"":null,""RR_current_lift_valid"":null,""RR_C_front_edge_crossed"":null,""RR_P_placed"":null,""FL_hip_actual_deg"":3.2203053538817077,""FR_knee_actual_deg"":45.52117077936812,""RL_hip_actual_deg"":28.438461815859355,""RR_hip_actual_deg"":-6.384892986041787,""RR_knee_actual_deg"":-60.01679969282254}",,,,"SAFETY_ABORT","C:\robotics_sim\wlr_robot\fsm_base_on_recording_ppo_phase_v1\runs\ppo_fsm_reference_p09_stable_v2\video_eval\validation\20260914T2304169309827Z_ga89ba82af061_0b60925a21ed4a9c87cce008dbce5db3\source\video_policy_decisions.jsonl",110,,"C:\robotics_sim\wlr_robot\fsm_base_on_recording_ppo_phase_v1\runs\ppo_fsm_reference_p09_stable_v2\video_eval\validation\20260914T2304169309827Z_ga89ba82af061_0b60925a21ed4a9c87cce008dbce5db3\source\physical_observations.jsonl",,"[""FL_hip"",""FR_knee"",""RL_hip"",""RR_hip"",""RR_knee""]","[""FL"",""FR"",""RL"",""RR""]",,,,,879,"P02",,,"C:\robotics_sim\wlr_robot\fsm_base_on_recording_ppo_phase_v1\outputs\ppo_timing_task_priority_v1\C_TIMING1_AFTER.summary.json",false,"{""physics_tick"":879,""source"":""C:\\robotics_sim\\wlr_robot\\fsm_base_on_recording_ppo_phase_v1\\runs\\ppo_fsm_reference_p09_stable_v2\\video_eval\\validation\\20260914T2304169309827Z_ga89ba82af061_0b60925a21ed4a9c87cce008dbce5db3\\source\\semantic_video_source_manifest.json#/physical_episode/physical_task_evaluation"",""RR_current_lift_valid"":false,""RR_C"":false,""RR_P"":false,""termination_reason"":""SAFETY_ABORT"",""termination_source"":""HARD_JOINT_LIMIT""}",,,,,,,,,,,,,
"B_AFTER_FULL","FL_P07","Actual native nominal dispatch; no action onset inferred from semantic stage alone",5160,5161,43,,43.00833333333333,"[37.6,45.9,6.9,0,0]","[0.3,0.3,0.3,0.3]","exact physical response onset not established",5168,"{""episode_physics_tick"":5168,""source_lines"":[5169,5168,646],""semantic_endpoint_observation_tick"":5168,""calibrated_body_rpy_rad"":[-0.04102300228158545,-0.027882504548316405,-0.02128271919397043],""com_position_world_m"":[0.594007966658887,-0.13035877553603847,0.16242132366727868],""com_valid"":true,""RR_front_distance_derived_m"":-0.2181892360942399,""RR_top_clearance_derived_m"":-0.05092519545788415,""legs_contact_surface"":[""NONE"",""TOP"",""NONE"",""NONE""],""legs_top_contact"":[false,true,false,false],""legs_support"":[false,true,true,true],""legs_bearing_force_n"":[0,12.829343795776367,15.35607624053955,1.6838270425796509],""legs_bearing_verified"":[true,true,true,true],""legs_load_fraction"":[0,0.4295168124556134,0.5141099204803709,0.05637326706401571],""legs_load_fraction_valid"":[true,true,true,true],""RR_I_initial_lift_observed"":false,""RR_Q_lift_established"":false,""RR_current_lift_valid"":false,""RR_C_front_edge_crossed"":false,""RR_P_placed"":false,""FL_hip_actual_deg"":25.552089306357825,""FR_knee_actual_deg"":46.1207555205631,""RL_hip_actual_deg"":7.660487629509783,""RR_hip_actual_deg"":0.12964422084240873,""RR_knee_actual_deg"":-0.08932705491485149}",5160,"{""episode_physics_tick"":5160,""source_lines"":[5161,5160,645],""semantic_endpoint_observation_tick"":5160,""calibrated_body_rpy_rad"":[-0.037759918751510864,-0.030891833370202567,-0.021106935902115726],""com_position_world_m"":[0.5932237445363151,-0.13079528412469607,0.1621838548943216],""com_valid"":true,""RR_front_distance_derived_m"":-0.218984391857866,""RR_top_clearance_derived_m"":-0.05092924746865264,""legs_contact_surface"":[""TOP"",""TOP"",""NONE"",""NONE""],""legs_top_contact"":[true,true,false,false],""legs_support"":[true,true,true,true],""legs_bearing_force_n"":[6.463122844696045,6.689085006713867,8.034895896911621,7.5156402587890625],""legs_bearing_verified"":[true,true,true,true],""legs_load_fraction"":[0.22517438900945919,0.2330468823836761,0.27993476494516056,0.2618439636617041],""legs_load_fraction_valid"":[true,true,true,true],""RR_I_initial_lift_observed"":false,""RR_Q_lift_established"":false,""RR_current_lift_valid"":false,""RR_C_front_edge_crossed"":false,""RR_P_placed"":false,""FL_hip_actual_deg"":22.800721769042024,""FR_knee_actual_deg"":46.10623112329307,""RL_hip_actual_deg"":7.510796349886137,""RR_hip_actual_deg"":0.4868563909666113,""RR_knee_actual_deg"":-0.19220723285541813}",,,"C:\robotics_sim\wlr_robot\fsm_base_on_recording_ppo_phase_v1\runs\ppo_fsm_reference_p09_stable_v2\video_eval\prior_B\20260914T2310036230645Z_g4db24eabd129_332256dc4c39442d8d4f8b257a0df053\source\native_tick_audit.jsonl",5161,,"C:\robotics_sim\wlr_robot\fsm_base_on_recording_ppo_phase_v1\runs\ppo_fsm_reference_p09_stable_v2\video_eval\prior_B\20260914T2310036230645Z_g4db24eabd129_332256dc4c39442d8d4f8b257a0df053\source\physical_observations.jsonl","Explicit nearest retained pre/after samples; not onset or same-tick fill. Body motion is not leg loading.","[""FL_hip"",""FR_knee"",""RL_hip"",""RR_hip"",""RR_knee""]","[""FL"",""FR"",""RL"",""RR""]",,,,,,,,,,,,,,,,,,,,,,,,
"B_AFTER_FULL","FR_P07","Actual native nominal dispatch; no action onset inferred from semantic stage alone",5200,5201,43.333333333333336,,43.34166666666667,"[49.2,31.1,6.9,0,0]","[0.3,-0.63,0.3,0.3]","exact physical response onset not established",5208,"{""episode_physics_tick"":5208,""source_lines"":[5209,5208,651],""semantic_endpoint_observation_tick"":5208,""calibrated_body_rpy_rad"":[-0.04636357596631507,-0.02573162377950046,-0.021580614381050602],""com_position_world_m"":[0.5995347823856604,-0.1294307112024856,0.16896312169194605],""com_valid"":true,""RR_front_distance_derived_m"":-0.21297186272311563,""RR_top_clearance_derived_m"":-0.050475633464122885,""legs_contact_surface"":[""NONE"",""TOP"",""NONE"",""NONE""],""legs_top_contact"":[false,true,false,false],""legs_support"":[false,true,true,true],""legs_bearing_force_n"":[0,10.605359077453613,12.103724479675293,2.907062530517578],""legs_bearing_verified"":[true,true,true,true],""legs_load_fraction"":[0,0.41401071969089454,0.4725037262928624,0.11348555401624305],""legs_load_fraction_valid"":[true,true,true,true],""RR_I_initial_lift_observed"":false,""RR_Q_lift_established"":false,""RR_current_lift_valid"":false,""RR_C_front_edge_crossed"":false,""RR_P_placed"":false,""FL_hip_actual_deg"":49.19020776897118,""FR_knee_actual_deg"":43.45624408382777,""RL_hip_actual_deg"":8.022009542278559,""RR_hip_actual_deg"":0.02465898393572946,""RR_knee_actual_deg"":0.14315430167016086}",5200,"{""episode_physics_tick"":5200,""source_lines"":[5201,5200,650],""semantic_endpoint_observation_tick"":5200,""calibrated_body_rpy_rad"":[-0.04531577878789085,-0.025856992039683835,-0.021527980963455293],""com_position_world_m"":[0.5978271252756845,-0.1295869160754447,0.1681861836531096],""com_valid"":true,""RR_front_distance_derived_m"":-0.21442740814853067,""RR_top_clearance_derived_m"":-0.050660830999461726,""legs_contact_surface"":[""NONE"",""TOP"",""NONE"",""NONE""],""legs_top_contact"":[false,true,false,false],""legs_support"":[false,true,true,true],""legs_bearing_force_n"":[0,11.935014724731445,14.290712356567383,2.453608512878418],""legs_bearing_verified"":[true,true,true,true],""legs_load_fraction"":[0,0.4161538082198322,0.4982930064624238,0.08555318531774402],""legs_load_fraction_valid"":[true,true,true,true],""RR_I_initial_lift_observed"":false,""RR_Q_lift_established"":false,""RR_current_lift_valid"":false,""RR_C_front_edge_crossed"":false,""RR_P_placed"":false,""FL_hip_actual_deg"":46.19048430814996,""FR_knee_actual_deg"":46.14172078622046,""RL_hip_actual_deg"":7.878181980057367,""RR_hip_actual_deg"":-0.11970162652541222,""RR_knee_actual_deg"":0.030120160404190965}",,,"C:\robotics_sim\wlr_robot\fsm_base_on_recording_ppo_phase_v1\runs\ppo_fsm_reference_p09_stable_v2\video_eval\prior_B\20260914T2310036230645Z_g4db24eabd129_332256dc4c39442d8d4f8b257a0df053\source\native_tick_audit.jsonl",5201,,"C:\robotics_sim\wlr_robot\fsm_base_on_recording_ppo_phase_v1\runs\ppo_fsm_reference_p09_stable_v2\video_eval\prior_B\20260914T2310036230645Z_g4db24eabd129_332256dc4c39442d8d4f8b257a0df053\source\physical_observations.jsonl","Explicit nearest retained pre/after samples; not onset or same-tick fill. Body motion is not leg loading.","[""FL_hip"",""FR_knee"",""RL_hip"",""RR_hip"",""RR_knee""]","[""FL"",""FR"",""RL"",""RR""]",,,,,,,,,,,,,,,,,,,,,,,,
"B_AFTER_FULL","four_wheel_stop_after_FR","Actual native nominal dispatch; no action onset inferred from semantic stage alone",5320,5321,44.333333333333336,,44.34166666666667,"[49.2,31.1,6.9,0,0]","[0,0,0,0]","exact physical response onset not established",5328,"{""episode_physics_tick"":5328,""source_lines"":[5329,5328,666],""semantic_endpoint_observation_tick"":5328,""calibrated_body_rpy_rad"":[-0.05074548731416526,-0.04896012029129769,-0.020506094095996318],""com_position_world_m"":[0.6001076528968278,-0.12848343112410804,0.1745169722868155],""com_valid"":true,""RR_front_distance_derived_m"":-0.20741831915545816,""RR_top_clearance_derived_m"":-0.04999698767948171,""legs_contact_surface"":[""NONE"",""TOP"",""NONE"",""NONE""],""legs_top_contact"":[false,true,false,false],""legs_support"":[false,true,true,true],""legs_bearing_force_n"":[0,13.04470443725586,14.718982696533203,1.0444555282592773],""legs_bearing_verified"":[true,true,true,true],""legs_load_fraction"":[0,0.4528131018470992,0.5109313317836313,0.036255566369269486],""legs_load_fraction_valid"":[true,true,true,true],""RR_I_initial_lift_observed"":false,""RR_Q_lift_established"":false,""RR_current_lift_valid"":false,""RR_C_front_edge_crossed"":false,""RR_P_placed"":false,""FL_hip_actual_deg"":49.53927483178843,""FR_knee_actual_deg"":30.87178104752477,""RL_hip_actual_deg"":8.401636578989745,""RR_hip_actual_deg"":-0.08424259272758525,""RR_knee_actual_deg"":0.2180336895117063}",5320,"{""episode_physics_tick"":5320,""source_lines"":[5321,5320,665],""semantic_endpoint_observation_tick"":5320,""calibrated_body_rpy_rad"":[-0.05061907392853953,-0.0494194863511439,-0.020483620444112248],""com_position_world_m"":[0.5999753816601411,-0.12849797614621083,0.17454594452394348],""com_valid"":true,""RR_front_distance_derived_m"":-0.2075512077109849,""RR_top_clearance_derived_m"":-0.04999589772645499,""legs_contact_surface"":[""NONE"",""TOP"",""NONE"",""NONE""],""legs_top_contact"":[false,true,false,false],""legs_support"":[false,true,true,true],""legs_bearing_force_n"":[0,13.053414344787598,14.54600715637207,1.0414210557937622],""legs_bearing_verified"":[true,true,true,true],""legs_load_fraction"":[0,0.45576223251220266,0.507876370167769,0.03636139732002842],""legs_load_fraction_valid"":[true,true,true,true],""RR_I_initial_lift_observed"":false,""RR_Q_lift_established"":false,""RR_current_lift_valid"":false,""RR_C_front_edge_crossed"":false,""RR_P_placed"":false,""FL_hip_actual_deg"":49.2832007945209,""FR_knee_actual_deg"":31.079217307712643,""RL_hip_actual_deg"":8.388360398790532,""RR_hip_actual_deg"":-0.0808796316958531,""RR_knee_actual_deg"":0.22461491215831164}",,,"C:\robotics_sim\wlr_robot\fsm_base_on_recording_ppo_phase_v1\runs\ppo_fsm_reference_p09_stable_v2\video_eval\prior_B\20260914T2310036230645Z_g4db24eabd129_332256dc4c39442d8d4f8b257a0df053\source\native_tick_audit.jsonl",5321,,"C:\robotics_sim\wlr_robot\fsm_base_on_recording_ppo_phase_v1\runs\ppo_fsm_reference_p09_stable_v2\video_eval\prior_B\20260914T2310036230645Z_g4db24eabd129_332256dc4c39442d8d4f8b257a0df053\source\physical_observations.jsonl","Explicit nearest retained pre/after samples; not onset or same-tick fill. Body motion is not leg loading.","[""FL_hip"",""FR_knee"",""RL_hip"",""RR_hip"",""RR_knee""]","[""FL"",""FR"",""RL"",""RR""]",,,,,,,,,,,,,,,,,,,,,,,,
"B_AFTER_FULL","RL_P08","Actual native nominal dispatch; no action onset inferred from semantic stage alone",5360,5361,44.666666666666664,,44.675,"[38.6,31.1,14.3,0,0]","[0,0,0,0]","exact physical response onset not established",5368,"{""episode_physics_tick"":5368,""source_lines"":[5369,5368,671],""semantic_endpoint_observation_tick"":5368,""calibrated_body_rpy_rad"":[-0.06308893148440972,-0.05455063251175873,-0.02000599136704665],""com_position_world_m"":[0.603558818513071,-0.12693603648669483,0.17085231555172867],""com_valid"":true,""RR_front_distance_derived_m"":-0.2038217748897111,""RR_top_clearance_derived_m"":-0.04999683405591163,""legs_contact_surface"":[""NONE"",""TOP"",""NONE"",""NONE""],""legs_top_contact"":[false,true,false,false],""legs_support"":[false,true,true,true],""legs_bearing_force_n"":[0,12.633378028869629,15.951996803283691,0.5866221189498901],""legs_bearing_verified"":[true,true,true,true],""legs_load_fraction"":[0,0.43306524575760547,0.5468256708658551,0.020109083376539487],""legs_load_fraction_valid"":[true,true,true,true],""RR_I_initial_lift_observed"":false,""RR_Q_lift_established"":false,""RR_current_lift_valid"":false,""RR_C_front_edge_crossed"":false,""RR_P_placed"":false,""FL_hip_actual_deg"":40.349139190320386,""FR_knee_actual_deg"":30.352843764954713,""RL_hip_actual_deg"":10.547056200125049,""RR_hip_actual_deg"":0.03085108402687492,""RR_knee_actual_deg"":0.25490689200752076}",5360,"{""episode_physics_tick"":5360,""source_lines"":[5361,5360,670],""semantic_endpoint_observation_tick"":5360,""calibrated_body_rpy_rad"":[-0.05126886383219564,-0.04827069479186165,-0.020540305599081096],""com_position_world_m"":[0.6007242113322206,-0.12854094312186712,0.17213842636872503],""com_valid"":true,""RR_front_distance_derived_m"":-0.20711493151355143,""RR_top_clearance_derived_m"":-0.049995999261233576,""legs_contact_surface"":[""NONE"",""TOP"",""NONE"",""NONE""],""legs_top_contact"":[false,true,false,false],""legs_support"":[false,true,true,true],""legs_bearing_force_n"":[0,13.347723960876465,15.007147789001465,0.6892814636230469],""legs_bearing_verified"":[true,true,true,true],""legs_load_fraction"":[0,0.45956664195917635,0.5167011645574674,0.023732193483356197],""legs_load_fraction_valid"":[true,true,true,true],""RR_I_initial_lift_observed"":false,""RR_Q_lift_established"":false,""RR_current_lift_valid"":false,""RR_C_front_edge_crossed"":false,""RR_P_placed"":false,""FL_hip_actual_deg"":42.063472275763985,""FR_knee_actual_deg"":30.614771274340946,""RL_hip_actual_deg"":8.435796916349917,""RR_hip_actual_deg"":-0.13411041750765657,""RR_knee_actual_deg"":0.19698756319410704}",,,"C:\robotics_sim\wlr_robot\fsm_base_on_recording_ppo_phase_v1\runs\ppo_fsm_reference_p09_stable_v2\video_eval\prior_B\20260914T2310036230645Z_g4db24eabd129_332256dc4c39442d8d4f8b257a0df053\source\native_tick_audit.jsonl",5361,,"C:\robotics_sim\wlr_robot\fsm_base_on_recording_ppo_phase_v1\runs\ppo_fsm_reference_p09_stable_v2\video_eval\prior_B\20260914T2310036230645Z_g4db24eabd129_332256dc4c39442d8d4f8b257a0df053\source\physical_observations.jsonl","Explicit nearest retained pre/after samples; not onset or same-tick fill. Body motion is not leg loading.","[""FL_hip"",""FR_knee"",""RL_hip"",""RR_hip"",""RR_knee""]","[""FL"",""FR"",""RL"",""RR""]",,,,,,,,,,,,,,,,,,,,,,,,
"B_AFTER_FULL","RR_P09","Actual native nominal dispatch; no action onset inferred from semantic stage alone",5408,5409,45.06666666666667,,45.075,"[38.6,31.1,31.199999999999996,1.6,0]","[0,0,0,0]","exact physical response onset not established",5416,"{""episode_physics_tick"":5416,""source_lines"":[5417,5416,677],""semantic_endpoint_observation_tick"":5416,""calibrated_body_rpy_rad"":[-0.17579813490666935,-0.07381939873596254,-0.021295594412639646],""com_position_world_m"":[0.6363173846110598,-0.11782155192579154,0.15441640957446176],""com_valid"":true,""RR_front_distance_derived_m"":-0.17074647205043192,""RR_top_clearance_derived_m"":-0.04956371377452833,""legs_contact_surface"":[""NONE"",""TOP"",""NONE"",""NONE""],""legs_top_contact"":[false,true,false,false],""legs_support"":[false,true,true,false],""legs_bearing_force_n"":[0,13.768025398254395,15.6624116897583,0],""legs_bearing_verified"":[true,true,true,true],""legs_load_fraction"":[0,0.46781586549600535,0.5321841345039946,0],""legs_load_fraction_valid"":[true,true,true,true],""RR_I_initial_lift_observed"":false,""RR_Q_lift_established"":false,""RR_current_lift_valid"":false,""RR_C_front_edge_crossed"":false,""RR_P_placed"":false,""FL_hip_actual_deg"":38.57243623247082,""FR_knee_actual_deg"":28.849952845647202,""RL_hip_actual_deg"":28.262744954177023,""RR_hip_actual_deg"":0.8075884140120702,""RR_knee_actual_deg"":0.16338470500687707}",5408,"{""episode_physics_tick"":5408,""source_lines"":[5409,5408,676],""semantic_endpoint_observation_tick"":5408,""calibrated_body_rpy_rad"":[-0.16074970306705333,-0.07031431578533855,-0.02087413059173869],""com_position_world_m"":[0.6315900038197482,-0.11823843903378962,0.15756922210346938],""com_valid"":true,""RR_front_distance_derived_m"":-0.17287468569445963,""RR_top_clearance_derived_m"":-0.04998478710194664,""legs_contact_surface"":[""NONE"",""TOP"",""NONE"",""NONE""],""legs_top_contact"":[false,true,false,false],""legs_support"":[false,true,true,false],""legs_bearing_force_n"":[0,12.77481746673584,16.169971466064453,0],""legs_bearing_verified"":[true,true,true,true],""legs_load_fraction"":[0,0.44135120475034423,0.5586487952496557,0],""legs_load_fraction_valid"":[true,true,true,true],""RR_I_initial_lift_observed"":false,""RR_Q_lift_established"":false,""RR_current_lift_valid"":false,""RR_C_front_edge_crossed"":false,""RR_P_placed"":false,""FL_hip_actual_deg"":38.60397121586877,""FR_knee_actual_deg"":28.896473264084158,""RL_hip_actual_deg"":25.454133601427344,""RR_hip_actual_deg"":-0.26015404810019754,""RR_knee_actual_deg"":0.1842730176442562}",,,"C:\robotics_sim\wlr_robot\fsm_base_on_recording_ppo_phase_v1\runs\ppo_fsm_reference_p09_stable_v2\video_eval\prior_B\20260914T2310036230645Z_g4db24eabd129_332256dc4c39442d8d4f8b257a0df053\source\native_tick_audit.jsonl",5409,,"C:\robotics_sim\wlr_robot\fsm_base_on_recording_ppo_phase_v1\runs\ppo_fsm_reference_p09_stable_v2\video_eval\prior_B\20260914T2310036230645Z_g4db24eabd129_332256dc4c39442d8d4f8b257a0df053\source\physical_observations.jsonl","Explicit nearest retained pre/after samples; not onset or same-tick fill. Body motion is not leg loading.","[""FL_hip"",""FR_knee"",""RL_hip"",""RR_hip"",""RR_knee""]","[""FL"",""FR"",""RL"",""RR""]",,,,,,,,,,,,,,,,,,,,,,,,
"B_AFTER_FULL","P07_actual_start_tick","actual_start_tick",,,,,,,,"exact physical response onset not established",,,,,5160,,"C:\robotics_sim\wlr_robot\fsm_base_on_recording_ppo_phase_v1\runs\ppo_fsm_reference_p09_stable_v2\video_eval\prior_B\20260914T2310036230645Z_g4db24eabd129_332256dc4c39442d8d4f8b257a0df053\source\video_policy_decisions.jsonl",645,,,,"[""FL_hip"",""FR_knee"",""RL_hip"",""RR_hip"",""RR_knee""]","[""FL"",""FR"",""RL"",""RR""]",,,,,,,,,,,,5160,5160,,,,,,,,,,,
"B_AFTER_FULL","P07_fr_group_start_tick","fr_group_start_tick",,,,,,,,"exact physical response onset not established",,,,,5200,,"C:\robotics_sim\wlr_robot\fsm_base_on_recording_ppo_phase_v1\runs\ppo_fsm_reference_p09_stable_v2\video_eval\prior_B\20260914T2310036230645Z_g4db24eabd129_332256dc4c39442d8d4f8b257a0df053\source\video_policy_decisions.jsonl",650,,,,"[""FL_hip"",""FR_knee"",""RL_hip"",""RR_hip"",""RR_knee""]","[""FL"",""FR"",""RL"",""RR""]",,,,,,,,,,,,5200,5200,,,,,,,,,,,
"B_AFTER_FULL","P08_actual_start_tick","actual_start_tick",,,,,,,,"exact physical response onset not established",,,,,5360,,"C:\robotics_sim\wlr_robot\fsm_base_on_recording_ppo_phase_v1\runs\ppo_fsm_reference_p09_stable_v2\video_eval\prior_B\20260914T2310036230645Z_g4db24eabd129_332256dc4c39442d8d4f8b257a0df053\source\video_policy_decisions.jsonl",670,,,,"[""FL_hip"",""FR_knee"",""RL_hip"",""RR_hip"",""RR_knee""]","[""FL"",""FR"",""RL"",""RR""]",,,,,,,,,,,,5360,5360,,,,,,,,,,,
"B_AFTER_FULL","P09_actual_start_tick","actual_start_tick",,,,,,,,"exact physical response onset not established",,,,,5408,,"C:\robotics_sim\wlr_robot\fsm_base_on_recording_ppo_phase_v1\runs\ppo_fsm_reference_p09_stable_v2\video_eval\prior_B\20260914T2310036230645Z_g4db24eabd129_332256dc4c39442d8d4f8b257a0df053\source\video_policy_decisions.jsonl",676,,,,"[""FL_hip"",""FR_knee"",""RL_hip"",""RR_hip"",""RR_knee""]","[""FL"",""FR"",""RL"",""RR""]",,,,,,,,,,,,5408,5408,,,,,,,,,,,
"B_AFTER_FULL","P08_pending",,,,,,,,,"exact physical response onset not established",,,,,,"P07_source_groups_and_measured_FL_space_FR_response","C:\robotics_sim\wlr_robot\fsm_base_on_recording_ppo_phase_v1\runs\ppo_fsm_reference_p09_stable_v2\video_eval\prior_B\20260914T2310036230645Z_g4db24eabd129_332256dc4c39442d8d4f8b257a0df053\source\video_policy_decisions.jsonl",646,,,,"[""FL_hip"",""FR_knee"",""RL_hip"",""RR_hip"",""RR_knee""]","[""FL"",""FR"",""RL"",""RR""]",,,,,,,,,,,,5168,,0,5352,24,,,,,,,,
"B_AFTER_FULL","P09_pending",,,,,,,,,"exact physical response onset not established",,,,,,"RL_source_assist_response_and_RR_measured_unload_or_lift","C:\robotics_sim\wlr_robot\fsm_base_on_recording_ppo_phase_v1\runs\ppo_fsm_reference_p09_stable_v2\video_eval\prior_B\20260914T2310036230645Z_g4db24eabd129_332256dc4c39442d8d4f8b257a0df053\source\video_policy_decisions.jsonl",647,,,,"[""FL_hip"",""FR_knee"",""RL_hip"",""RR_hip"",""RR_knee""]","[""FL"",""FR"",""RL"",""RR""]",,,,,,,,,,,,5176,,0,5400,29,,,,,,,,
"B_AFTER_FULL","RR_whole_body_initial_clearance","whole_body_initial_clearance",,,,5421,,,,"Recorded evaluator event at actual physical tick",,,,,,,"C:\robotics_sim\wlr_robot\fsm_base_on_recording_ppo_phase_v1\runs\ppo_fsm_reference_p09_stable_v2\video_eval\prior_B\20260914T2310036230645Z_g4db24eabd129_332256dc4c39442d8d4f8b257a0df053\source\stage_transition_evidence.jsonl",18,,,,"[""FL_hip"",""FR_knee"",""RL_hip"",""RR_hip"",""RR_knee""]","[""FL"",""FR"",""RL"",""RR""]",,,,45.175,,,,,,,,,,,,,,,,,,,,
"B_AFTER_FULL","RR_qualified_measured_upward_lift","qualified_measured_upward_lift",,,,5425,,,,"Recorded evaluator event at actual physical tick",,,,,,,"C:\robotics_sim\wlr_robot\fsm_base_on_recording_ppo_phase_v1\runs\ppo_fsm_reference_p09_stable_v2\video_eval\prior_B\20260914T2310036230645Z_g4db24eabd129_332256dc4c39442d8d4f8b257a0df053\source\stage_transition_evidence.jsonl",19,,,,"[""FL_hip"",""FR_knee"",""RL_hip"",""RR_hip"",""RR_knee""]","[""FL"",""FR"",""RL"",""RR""]",,,,45.208333333333336,,,,,,,,,,,,,,,,,,,,
"B_AFTER_FULL","first_recorded_TOP_continuation","Native wheel restart within first decision reporting current_TOP_corner_continuation",6273,6274,52.275,,52.28333333333333,,"[0.3,0.3,0.3,0.3]","exact physical response onset not established",6274,"{""physical_source_line"":6275,""measured_wheel_velocity_rad_s"":[0.5656887888908386,0.23657698929309845,0.20537397265434265,0.22379310429096222],""RR_front_distance_m"":-0.029681828190568638,""RR_clearance_m"":-0.011996795127102382}",6273,"{""physical_source_line"":6274,""measured_wheel_velocity_rad_s"":[0.07791904360055923,-0.023500308394432068,0.08899563550949097,-0.056949302554130554],""RR_front_distance_m"":-0.029748168160203647,""RR_clearance_m"":-0.012049000113502996}",,"Measured TOP continuation after finite owner; advance is not C/P success","C:\robotics_sim\wlr_robot\fsm_base_on_recording_ppo_phase_v1\runs\ppo_fsm_reference_p09_stable_v2\video_eval\prior_B\20260914T2310036230645Z_g4db24eabd129_332256dc4c39442d8d4f8b257a0df053\source\native_tick_audit.jsonl",6274,,"C:\robotics_sim\wlr_robot\fsm_base_on_recording_ppo_phase_v1\runs\ppo_fsm_reference_p09_stable_v2\video_eval\prior_B\20260914T2310036230645Z_g4db24eabd129_332256dc4c39442d8d4f8b257a0df053\source\physical_observations.jsonl",,"[""FL_hip"",""FR_knee"",""RL_hip"",""RR_hip"",""RR_knee""]","[""FL"",""FR"",""RL"",""RR""]",,,,,,,,,,,,,,,,,785,6280,"{""source_joint_owners_continued"":true,""added_rolling_suggestion"":true,""ordered_source_wheel_owner"":false,""current_TOP_continuation_eligible"":true,""reason"":""current_TOP_corner_continuation"",""fixed_lift_timer_gate"":false,""above_top_15mm_action_gate"":false}","not separately recorded; do not move endpoint classification backward","[-0.30000001192092896,0.30000001192092896,-0.30000001192092896,0.30000001192092896]",6374,"{""physical_source_line"":6375,""measured_wheel_velocity_rad_s"":[0.32874396443367004,0.17778155207633972,0.4480108916759491,0.22246888279914856],""RR_front_distance_m"":-0.019751604964021396,""RR_clearance_m"":-0.005733860554657154}",0.009996563196182251
"B_AFTER_FULL","RR_sequence_terminal_or_not_reached",,,,,,,,,"exact physical response onset not established",6374,"{""episode_physics_tick"":6374,""source_lines"":[6375,6374,null],""semantic_endpoint_observation_tick"":null,""calibrated_body_rpy_rad"":[0.06812674422382797,-0.16812403797386602,-0.24128134746174917],""com_position_world_m"":[0.681979983007494,-0.17878111944723726,0.1555718347910028],""com_valid"":true,""RR_front_distance_derived_m"":-0.019751604964021396,""RR_top_clearance_derived_m"":-0.005733860554657154,""legs_contact_surface"":null,""legs_top_contact"":null,""legs_support"":null,""legs_bearing_force_n"":null,""legs_bearing_verified"":null,""legs_load_fraction"":null,""legs_load_fraction_valid"":null,""RR_I_initial_lift_observed"":null,""RR_Q_lift_established"":null,""RR_current_lift_valid"":null,""RR_C_front_edge_crossed"":null,""RR_P_placed"":null,""FL_hip_actual_deg"":-19.452129587693744,""FR_knee_actual_deg"":30.48007652881371,""RL_hip_actual_deg"":14.126273400697661,""RR_hip_actual_deg"":-6.68970170369783,""RR_knee_actual_deg"":-60.000011087842644}",,,,"SAFETY_ABORT","C:\robotics_sim\wlr_robot\fsm_base_on_recording_ppo_phase_v1\runs\ppo_fsm_reference_p09_stable_v2\video_eval\prior_B\20260914T2310036230645Z_g4db24eabd129_332256dc4c39442d8d4f8b257a0df053\source\video_policy_decisions.jsonl",797,,"C:\robotics_sim\wlr_robot\fsm_base_on_recording_ppo_phase_v1\runs\ppo_fsm_reference_p09_stable_v2\video_eval\prior_B\20260914T2310036230645Z_g4db24eabd129_332256dc4c39442d8d4f8b257a0df053\source\physical_observations.jsonl",,"[""FL_hip"",""FR_knee"",""RL_hip"",""RR_hip"",""RR_knee""]","[""FL"",""FR"",""RL"",""RR""]",,,,,6374,"P09",,,"C:\robotics_sim\wlr_robot\fsm_base_on_recording_ppo_phase_v1\outputs\ppo_timing_task_priority_v1\B_AFTER_FULL.summary.json",false,"{""physics_tick"":6374,""source"":""C:\\robotics_sim\\wlr_robot\\fsm_base_on_recording_ppo_phase_v1\\runs\\ppo_fsm_reference_p09_stable_v2\\video_eval\\prior_B\\20260914T2310036230645Z_g4db24eabd129_332256dc4c39442d8d4f8b257a0df053\\source\\semantic_video_source_manifest.json#/physical_episode/physical_task_evaluation"",""RR_current_lift_valid"":false,""RR_C"":false,""RR_P"":false,""termination_reason"":""SAFETY_ABORT"",""termination_source"":""HARD_JOINT_LIMIT""}",,,,,,,,,,,,,
"C_AFTER_FULL","RR_sequence_terminal_or_not_reached",,,,,,,,,"exact physical response onset not established",887,"{""episode_physics_tick"":887,""source_lines"":[888,887,null],""semantic_endpoint_observation_tick"":null,""calibrated_body_rpy_rad"":[0.0714739013632696,-0.10887381932269437,0.020253174555242184],""com_position_world_m"":[-0.029330733145691536,-0.12486359357523946,0.11601310506826866],""com_valid"":true,""RR_front_distance_derived_m"":-0.7052749510304963,""RR_top_clearance_derived_m"":-0.05027032564388313,""legs_contact_surface"":null,""legs_top_contact"":null,""legs_support"":null,""legs_bearing_force_n"":null,""legs_bearing_verified"":null,""legs_load_fraction"":null,""legs_load_fraction_valid"":null,""RR_I_initial_lift_observed"":null,""RR_Q_lift_established"":null,""RR_current_lift_valid"":null,""RR_C_front_edge_crossed"":null,""RR_P_placed"":null,""FL_hip_actual_deg"":3.7213204335130645,""FR_knee_actual_deg"":44.00200693436305,""RL_hip_actual_deg"":28.454087581133052,""RR_hip_actual_deg"":-5.509112043397589,""RR_knee_actual_deg"":-60.017311957010286}",,,,"SAFETY_ABORT","C:\robotics_sim\wlr_robot\fsm_base_on_recording_ppo_phase_v1\runs\ppo_fsm_reference_p09_stable_v2\video_eval\validation\20260915T0011185025896Z_gdbc492f25c0a_ccb65744dd8f48dd94fbf44d3a1285b8\source\video_policy_decisions.jsonl",111,,"C:\robotics_sim\wlr_robot\fsm_base_on_recording_ppo_phase_v1\runs\ppo_fsm_reference_p09_stable_v2\video_eval\validation\20260915T0011185025896Z_gdbc492f25c0a_ccb65744dd8f48dd94fbf44d3a1285b8\source\physical_observations.jsonl",,"[""FL_hip"",""FR_knee"",""RL_hip"",""RR_hip"",""RR_knee""]","[""FL"",""FR"",""RL"",""RR""]",,,,,887,"P02",,,"C:\robotics_sim\wlr_robot\fsm_base_on_recording_ppo_phase_v1\outputs\ppo_timing_task_priority_v1\C_AFTER_FULL.summary.json",false,"{""physics_tick"":887,""source"":""C:\\robotics_sim\\wlr_robot\\fsm_base_on_recording_ppo_phase_v1\\runs\\ppo_fsm_reference_p09_stable_v2\\video_eval\\validation\\20260915T0011185025896Z_gdbc492f25c0a_ccb65744dd8f48dd94fbf44d3a1285b8\\source\\semantic_video_source_manifest.json#/physical_episode/physical_task_evaluation"",""RR_current_lift_valid"":false,""RR_C"":false,""RR_P"":false,""termination_reason"":""SAFETY_ABORT"",""termination_source"":""HARD_JOINT_LIMIT""}",,,,,,,,,,,,,
