phase,state,channel,reference_start,reference_end,reference_delta,reference_active_duration,reference_average_velocity,reference_peak_velocity,reference_wheel_integral,fsm_start,fsm_command_end,fsm_actual_end,fsm_delta,fsm_active_duration,fsm_average_velocity,fsm_peak_velocity,fsm_wheel_integral,endpoint_error_percent,delta_error_percent,duration_error_percent,velocity_error_percent,wheel_integral_error_percent,within_15_percent,within_30_percent,within_active_tolerance,conformance_policy_schema,conformance_tolerance_percent,reference_actual_end,reference_actual_delta,reference_actual_wheel_integral,fsm_command_delta,fsm_actual_delta,fsm_command_wheel_integral,fsm_actual_wheel_integral,command_endpoint_error_percent,actual_endpoint_error_percent,command_delta_error_percent,actual_delta_error_percent,average_velocity_error_percent,peak_velocity_error_percent,command_average_velocity_error_percent,command_peak_velocity_error_percent,command_wheel_integral_error_percent,actual_wheel_integral_error_percent,trajectory_rmse,trajectory_rmse_percent,active_sample_count,reference_measured_average_velocity,fsm_measured_average_velocity,measured_average_velocity_error_percent,reference_measured_peak_velocity,fsm_measured_peak_velocity,measured_peak_velocity_error_percent,channel_kind,wheel_velocity_gate_basis,wheel_integral_gate_basis,reference_wheel_surface_travel,fsm_wheel_surface_travel,wheel_surface_travel_error_percent,reference_command_wheel_surface_travel,fsm_command_wheel_surface_travel,command_wheel_surface_travel_error_percent,reference_actual_wheel_surface_travel,fsm_actual_wheel_surface_travel,actual_wheel_surface_travel_error_percent
P01,INITIAL_LOAD_TRANSFER_FR,rear_left_hip,0.0,37.6,37.6,13.266666666666424,2.8341708542714086,150.0,0.0,0.0,37.6,38.94865787293201,38.73598217729987,13.266666666666666,2.834170854271357,150.00000000000054,0.0,0.0002270674591143427,0.16958809922057566,1.82098892079225e-12,0.6710921163525798,0.0,True,True,True,wlr50_clean.conformance_policy.v2,30.0,38.94874325029664,38.67221705199293,0.0,37.6,38.73598217729987,0.0,0.0,0.0,0.0002270674591143427,0.0,0.16958809922057566,1.545430450278218e-12,3.600083194517841e-13,1.545430450278218e-12,3.600083194517841e-13,0.0,0.0,0.06221076605420466,0.16545416503777835,1594,5.9021231621121455,5.862514478873791,0.6710921163525798,125.13103268911456,125.06651472221462,0.05156032481585553,servo,measured_actual,not_applicable,0.0,0.0,0.0,0.0,0.0,0.0,0.0,0.0,0.0
P01,INITIAL_LOAD_TRANSFER_FR,front_left_ankle,0.0,0.0,0.0,13.266666666666424,0.29246231155778885,0.3,3.8799999999999275,0.0,0.0,-0.03421349450945854,-0.05252398923039436,13.266666666666666,0.29246231155779273,0.3,3.88000000000005,0.0,0.0,1.82098892079225e-12,3.345216791165559,0.2200239756719921,True,True,True,wlr50_clean.conformance_policy.v2,30.0,-0.03645225241780281,-0.048984880559146404,2.995346022057678,0.0,-0.05252398923039436,3.88000000000005,3.001936501460542,0.0,1.343254745006561,0.0,2.123465202748775,1.3286431901227178e-12,0.0,1.3286431901227178e-12,0.0,3.15898510099535e-12,0.2200239756719921,0.0,0.0,1594,0.22587733017499798,0.22613677603395368,0.11486139789004236,0.4794905185699463,0.49553051590919495,3.345216791165559,wheel,effective_drive_target,"max(command_target,measured_actual)",0.19396119356155045,0.19396119356155656,0.2200239756719921,0.19396119356155045,0.19396119356155656,3.15898510099535e-12,0.14973734267220626,0.15006680072661924,0.2200239756719921
P01,INITIAL_LOAD_TRANSFER_FR,front_right_ankle,0.0,0.0,0.0,13.266666666666424,0.29246231155778885,0.3,3.8799999999999275,0.0,0.0,3.641616422100924e-05,-0.028996708282647887,13.266666666666666,0.29246231155779273,0.3,3.88000000000005,0.0,0.0,1.82098892079225e-12,0.03177411165863816,0.005813707597070396,True,True,True,wlr50_clean.conformance_policy.v2,30.0,3.2344425562769175e-05,-0.018395563994999975,3.8816639260651216,0.0,-0.028996708282647887,3.88000000000005,3.881438257474559,0.0,0.0024430431949440386,0.0,6.3606865725887465,1.3286431901227178e-12,0.0,1.3286431901227178e-12,0.0,3.15898510099535e-12,0.005813707597070396,0.0,0.0,1594,0.29222649408070295,0.29221276962728265,0.004696512362258236,0.30276817083358765,0.30267196893692017,0.03177411165863816,wheel,effective_drive_target,"max(command_target,measured_actual)",0.19396119356155045,0.19396119356155656,0.005813707597070396,0.19396119356155045,0.19396119356155656,3.15898510099535e-12,0.1940443732227884,0.19403309205032065,0.005813707597070396
P01,INITIAL_LOAD_TRANSFER_FR,rear_left_ankle,0.0,0.0,0.0,13.266666666666424,0.29246231155778885,0.3,3.8799999999999275,0.0,0.0,0.018589237704873085,0.03322749864310026,13.266666666666666,0.29246231155779273,0.3,3.88000000000005,0.0,0.0,1.82098892079225e-12,0.2452119378512511,0.21285298785039672,True,True,True,wlr50_clean.conformance_policy.v2,30.0,0.019256627187132835,0.025761567056179047,4.466709324854458,0.0,0.03322749864310026,3.88000000000005,4.457201800597913,0.0,0.40043368935585016,0.0,4.479558952152728,1.3286431901227178e-12,0.0,1.3286431901227178e-12,0.0,3.15898510099535e-12,0.21285298785039672,0.0,0.0,1594,0.3368163632306824,0.3362853344861722,0.15766120725747623,0.46886542439460754,0.46771571040153503,0.2452119378512511,wheel,effective_drive_target,"max(command_target,measured_actual)",0.19396119356155045,0.19396119356155656,0.21285298785039672,0.19396119356155045,0.19396119356155656,3.15898510099535e-12,0.2232907917374469,0.22281551061563892,0.21285298785039672
P01,INITIAL_LOAD_TRANSFER_FR,rear_right_ankle,0.0,0.0,0.0,13.266666666666424,0.29246231155778885,0.3,3.8799999999999275,0.0,0.0,-0.01670078933238983,0.007265960797667503,13.266666666666666,0.29246231155779273,0.3,3.88000000000005,0.0,0.0,1.82098892079225e-12,6.373333749487578,0.36678645398598075,True,True,True,wlr50_clean.conformance_policy.v2,30.0,-0.0015365174040198326,0.011951752938330173,3.688643055013309,0.0,0.007265960797667503,3.88000000000005,3.6751136119516254,0.0,9.098563157021998,0.0,2.8114752843976016,1.3286431901227178e-12,0.0,1.3286431901227178e-12,0.0,3.15898510099535e-12,0.36678645398598075,0.0,0.0,1594,0.27796605005398756,0.2773448985462618,0.22346308392880876,0.3914879262447357,0.4164387583732605,6.373333749487578,wheel,effective_drive_target,"max(command_target,measured_actual)",0.19396119356155045,0.19396119356155656,0.36678645398598075,0.19396119356155045,0.19396119356155656,3.15898510099535e-12,0.1843952601992058,0.1837189233630029,0.36678645398598075
P02,FR_ACTIVE_LIFT,front_right_knee,0.0,45.9,45.9,0.4666666666666419,98.35714285714808,150.0,0.0,0.0,45.9,43.4618175181905,43.43475605523486,0.466666666666665,98.3571428571432,150.00000000000853,0.0,0.6811960451639621,0.6865636935718967,4.9484226240438175e-12,0.010260693785264386,0.0,True,True,True,wlr50_clean.conformance_policy.v2,30.0,43.14914853346024,43.119623319885356,0.0,45.9,43.43475605523486,0.0,0.0,0.0,0.6811960451639621,0.0,0.6865636935718967,4.9557388774434566e-12,5.6843418860808015e-12,4.9557388774434566e-12,5.6843418860808015e-12,0.0,0.0,0.48568522620913784,1.0581377477323264,58,81.3884545271993,81.39256496521828,0.005050394485141519,121.15110878050481,121.1386778362154,0.010260693785264386,servo,measured_actual,not_applicable,0.0,0.0,0.0,0.0,0.0,0.0,0.0,0.0,0.0
P03,FR_CROSS_AND_PLACE,front_left_knee,0.0,-22.9,-22.9,1.1999999999999318,19.083333333334416,150.0,0.0,0.0,-22.9,-22.876169529382814,-22.752439815469653,1.1999999999999993,19.083333333333343,150.00000000000853,0.0,0.5597175980980782,0.5126831228749407,5.625129991434446e-12,1.9149159292816853,0.0,True,True,True,wlr50_clean.conformance_policy.v2,30.0,-23.004344859347274,-22.869844250608015,0.0,-22.9,-22.752439815469653,0.0,0.0,0.0,0.5597175980980782,0.0,0.5126831228749407,5.622285751952963e-12,5.6843418860808015e-12,5.622285751952963e-12,5.6843418860808015e-12,0.0,0.0,0.20312072357971994,0.8869900593000872,146,29.888083812061105,30.417261388963702,1.7705302896970998,123.74991379742463,126.11962060920386,1.9149159292816853,servo,measured_actual,not_applicable,0.0,0.0,0.0,0.0,0.0,0.0,0.0,0.0,0.0
P03,FR_CROSS_AND_PLACE,rear_left_hip,37.6,17.5,-20.1,1.1999999999999318,16.750000000000952,150.0,0.0,37.6,17.5,17.140688598423576,-21.75898998797027,1.1999999999999993,16.75000000000001,150.00000000000853,0.0,3.0529756253534477,3.035849180867438,5.625129991434446e-12,8.170260795485724,0.0,True,True,True,wlr50_clean.conformance_policy.v2,30.0,17.75433669911962,-21.148784302615915,0.0,-20.1,-21.75898998797027,0.0,0.0,0.0,3.0529756253534477,0.0,3.035849180867438,5.6207111933258465e-12,5.6843418860808015e-12,5.6207111933258465e-12,5.6843418860808015e-12,0.0,0.0,0.34446869226476107,1.713774588381896,146,33.37192035919353,30.645347433385624,8.170260795485724,168.53540954368486,179.6799013633145,6.612552133586482,servo,measured_actual,not_applicable,0.0,0.0,0.0,0.0,0.0,0.0,0.0,0.0,0.0
P03,FR_CROSS_AND_PLACE,front_left_ankle,0.0,0.0,0.0,1.1999999999999318,0.79,0.79,-0.9479999999999461,0.0,0.0,0.05199751257896423,0.09249959886074066,1.1999999999999993,0.7899999999999995,0.79,-0.9479999999999988,0.0,0.0,5.625129991434446e-12,14.445086161370671,0.6288863770472835,True,True,True,wlr50_clean.conformance_policy.v2,30.0,0.0966917872428894,0.13624364882707596,-0.9219278792850151,0.0,0.09249959886074066,-0.9479999999999988,-0.9161300004459907,0.0,26.8165647983551,0.0,26.246429979801174,7.026728003956686e-14,0.0,7.026728003956686e-14,0.0,5.562826336466027e-12,0.6288863770472835,0.0,0.0,146,0.7586039793103525,0.7538387873911694,0.6281527712938126,1.0415289402008057,1.1919786930084229,14.445086161370671,wheel,effective_drive_target,"max(command_target,measured_actual)",-0.04739051842689247,-0.04739051842689511,0.6288863770472835,-0.04739051842689247,-0.04739051842689511,5.562826336466027e-12,-0.04608717315561697,-0.04579733720207511,0.6288863770472835
P03,FR_CROSS_AND_PLACE,rear_left_ankle,0.0,0.0,0.0,1.1999999999999318,0.61,0.61,0.7319999999999584,0.0,0.0,-0.002002013847231865,-0.049065133556723595,1.1999999999999993,0.5191099999999995,0.51911,0.622931999999999,0.0,0.0,5.625129991434446e-12,18.244515044977753,14.89999999999529,False,True,True,wlr50_clean.conformance_policy.v2,30.0,-0.0030876826494932175,-0.04850427247583866,0.38010620886389873,0.0,-0.049065133556723595,0.622931999999999,0.43089780613760575,0.0,0.6514012813568114,0.0,0.33651664853096,14.900000000000077,14.900000000000004,14.900000000000077,14.900000000000004,14.89999999999529,13.362475037047743,0.0,0.0,146,0.7314684218750973,0.5980155555968338,18.244515044977753,2.0614991188049316,2.069983959197998,0.41158593354069145,wheel,effective_drive_target,"max(command_target,measured_actual)",0.03659267878532203,0.031140369646310777,14.89999999999529,0.03659267878532203,0.031140369646310777,14.89999999999529,0.019001508750360607,0.021540580613789988,13.362475037047743
P04,FL_UNLOAD_PREP,rear_left_hip,17.5,6.9,-10.6,4.799999999999727,2.2083333333334587,150.0,0.0,17.5,6.9,8.346970306193901,-8.793718292229675,4.800000000000001,2.208333333333333,150.00000000000853,0.0,0.17446783916468006,5.759855032942618,5.6991448597427944e-12,10.119260929460237,0.0,True,True,True,wlr50_clean.conformance_policy.v2,30.0,8.365463897145357,-9.404262925721593,0.0,-10.6,-8.793718292229675,0.0,0.0,0.0,0.17446783916468006,0.0,5.759855032942618,3.770317391627032e-12,5.6843418860808015e-12,3.770317391627032e-12,5.6843418860808015e-12,0.0,0.0,0.4777798330730955,4.50735691578392,578,2.6677643844675307,2.3706100935474894,8.914628727601238,40.77779004320147,36.65137906746246,10.119260929460237,servo,measured_actual,not_applicable,0.0,0.0,0.0,0.0,0.0,0.0,0.0,0.0,0.0
P04,FL_UNLOAD_PREP,front_left_ankle,0.0,0.0,0.0,4.799999999999727,0.275,0.3,1.319999999999925,0.0,0.0,-0.0772828757762909,-0.12928038835525513,4.800000000000001,0.2750000000000007,0.3,1.3200000000000034,0.0,0.0,5.6991448597427944e-12,7.601253493407302,0.31857569301646965,True,True,True,wlr50_clean.conformance_policy.v2,30.0,-0.059043314307928085,-0.10104450955986977,1.604287749206711,0.0,-0.12928038835525513,1.3200000000000034,1.6093986200217245,0.0,10.943736881017683,0.0,16.941527277231213,2.422304781000341e-13,0.0,2.422304781000341e-13,0.0,5.938011025647008e-12,0.31857569301646965,0.0,0.0,578,0.3339746975747604,0.33540941266384083,0.42958795965651825,0.7138329744338989,0.6595727205276489,7.601253493407302,wheel,effective_drive_target,"max(command_target,measured_actual)",0.06598679780959711,0.06598679780960104,0.31857569301646965,0.06598679780959711,0.06598679780960104,5.938011025647008e-12,0.08019834192069916,0.08045383434426075,0.31857569301646965
P04,FL_UNLOAD_PREP,front_right_ankle,0.0,0.0,0.0,4.799999999999727,0.275,0.3,1.319999999999925,0.0,0.0,-0.08218737691640854,-0.10886367410421371,4.800000000000001,0.2750000000000007,0.3,1.3200000000000034,0.0,0.0,5.6991448597427944e-12,24.26166407085502,0.30817927590017,False,True,True,wlr50_clean.conformance_policy.v2,30.0,-0.0887410119175911,-0.04492754489183426,1.278427702087526,0.0,-0.10886367410421371,1.3200000000000034,1.2744878528523256,0.0,3.9321810007095332,0.0,38.361677527427666,2.422304781000341e-13,0.0,2.422304781000341e-13,0.0,5.938011025647008e-12,0.30817927590017,0.0,0.0,578,0.2680296645061496,0.26781444071315125,0.08029849733048401,0.47630536556243896,0.36074575781822205,24.26166407085502,wheel,effective_drive_target,"max(command_target,measured_actual)",0.06598679780959711,0.06598679780960104,0.30817927590017,0.06598679780959711,0.06598679780960104,5.938011025647008e-12,0.0639085987059411,0.06371164564921117,0.30817927590017
P04,FL_UNLOAD_PREP,rear_left_ankle,0.0,0.0,0.0,4.799999999999727,0.275,0.3,1.319999999999925,0.0,0.0,0.1861661821603775,0.18816819600760937,4.800000000000001,0.2750000000000007,0.3,1.3200000000000034,0.0,0.0,5.6991448597427944e-12,0.12192850597802711,0.11184002002057761,True,True,True,wlr50_clean.conformance_policy.v2,30.0,0.2266872227191925,0.22878007357940078,1.3236263457516988,0.0,0.18816819600760937,1.3200000000000034,1.3251066897217851,0.0,24.312624335288998,0.0,24.367126543074843,2.422304781000341e-13,0.0,2.422304781000341e-13,0.0,5.938011025647008e-12,0.11184002002057761,0.0,0.0,578,0.2749215122410369,0.27514675554934864,0.08193004122364549,0.3030620217323303,0.30343154072761536,0.12192850597802711,wheel,effective_drive_target,"max(command_target,measured_actual)",0.06598679780959711,0.06598679780960104,0.11184002002057761,0.06598679780959711,0.06598679780960104,5.938011025647008e-12,0.06616807882771075,0.0662420812203189,0.11184002002057761
P04,FL_UNLOAD_PREP,rear_right_ankle,0.0,0.0,0.0,4.799999999999727,0.275,0.3,1.319999999999925,0.0,0.0,-0.03650546446442604,0.16451303288340569,4.800000000000001,0.2750000000000007,0.3,1.3200000000000034,0.0,0.0,5.6991448597427944e-12,20.339170292899542,0.40466802524457035,False,True,True,wlr50_clean.conformance_policy.v2,30.0,-0.03231290355324745,0.20469873771071434,1.023589120564613,0.0,0.16451303288340569,1.3200000000000034,1.0277312584454201,0.0,2.515536546707153,0.0,24.11142289638519,2.422304781000341e-13,0.0,2.422304781000341e-13,0.0,5.938011025647008e-12,0.40466802524457035,0.0,0.0,578,0.21482215748268427,0.21483493930818093,0.0059499567672346805,0.5082479119300842,0.6116213202476501,20.339170292899542,wheel,effective_drive_target,"max(command_target,measured_actual)",0.06598679780959711,0.06598679780960104,0.40466802524457035,0.06598679780959711,0.06598679780960104,5.938011025647008e-12,0.051169218438488095,0.051376283904276204,0.40466802524457035
P05,FL_ACTIVE_LIFT_AND_PLACE,front_left_hip,0.0,22.8,22.8,9.733333333332784,7.561643835616865,150.0,0.0,0.0,22.8,25.756556141804033,25.047564603390565,9.733333333333334,7.561643835616438,150.00000000000864,0.0,1.619428865119014,1.9852821064015886,5.657574865213446e-12,0.28302111682023917,0.0,True,True,True,wlr50_clean.conformance_policy.v2,30.0,26.12578592305117,25.500208923650128,0.0,22.8,25.047564603390565,0.0,0.0,0.0,1.619428865119014,0.0,1.9852821064015886,5.638002142443955e-12,5.760133111228545e-12,5.638002142443955e-12,5.760133111228545e-12,0.0,0.0,0.1078161873704259,0.47287801478256974,1170,7.647766155118751,7.626121361934733,0.28302111682023917,120.84047177705263,120.59136111764393,0.20614836713671758,servo,measured_actual,not_applicable,0.0,0.0,0.0,0.0,0.0,0.0,0.0,0.0,0.0
P05,FL_ACTIVE_LIFT_AND_PLACE,front_left_knee,-22.9,-13.4,9.499999999999998,9.733333333332784,3.8116438356166547,150.0,0.0,-22.9,-13.4,-12.317211898051788,0.8483982873747937,9.733333333333334,3.811643835616439,150.00000000000853,0.0,0.14751411189024569,0.24353219227501652,5.657574865213446e-12,0.38332689447869817,0.0,True,True,True,wlr50_clean.conformance_policy.v2,30.0,-12.331225738681361,0.8715338456409203,0.0,9.499999999999998,0.8483982873747937,0.0,0.0,0.0,0.14751411189024569,0.0,0.24353219227501652,5.662316976481448e-12,5.6843418860808015e-12,5.662316976481448e-12,5.6843418860808015e-12,0.0,0.0,0.24271958591411447,2.5549430096222583,1170,5.564369883112962,5.563510653843991,0.015441627480206123,109.57826847726699,109.99831145084443,0.38332689447869817,servo,measured_actual,not_applicable,0.0,0.0,0.0,0.0,0.0,0.0,0.0,0.0,0.0
P05,FL_ACTIVE_LIFT_AND_PLACE,front_left_ankle,0.0,0.0,0.0,9.733333333332784,0.25273972602739714,0.3,2.45999999999986,0.0,0.0,-0.00043599322088994086,0.07684688255540095,9.733333333333334,0.25273972602740064,0.3,2.460000000000033,0.0,0.0,5.657574865213446e-12,0.06478357288896192,0.04075843866450638,True,True,True,wlr50_clean.conformance_policy.v2,30.0,-0.00047993927728384733,0.034689602558501065,2.4620230221926014,0.0,0.07684688255540095,2.460000000000033,2.461019540049195,0.0,0.02636763383634388,0.0,25.29436799813993,1.3837169892279397e-12,0.0,1.3837169892279397e-12,0.0,7.0223862858408205e-12,0.04075843866450638,0.0,0.0,1170,0.25272202823805734,0.2526719905236634,0.019799506494464145,0.3023310601711273,0.30252692103385925,0.06478357288896192,wheel,effective_drive_target,"max(command_target,measured_actual)",0.12297539591788553,0.12297539591789416,0.04075843866450638,0.12297539591788553,0.12297539591789416,7.0223862858408205e-12,0.12307652679394368,0.12302636272325997,0.04075843866450638
P05,FL_ACTIVE_LIFT_AND_PLACE,front_right_ankle,0.0,0.0,0.0,9.733333333332784,0.25273972602739714,0.3,2.45999999999986,0.0,0.0,-0.15655472874641418,-0.07436735183000565,9.733333333333334,0.25273972602740064,0.3,2.460000000000033,0.0,0.0,5.657574865213446e-12,3.6801707044179963,1.2232440168883671,True,True,True,wlr50_clean.conformance_policy.v2,30.0,-0.1748153269290924,-0.08510437607765198,0.7061534120390408,0.0,-0.07436735183000565,2.460000000000033,0.7147913914018614,0.0,10.956358909606932,0.0,6.442214548587798,1.3837169892279397e-12,0.0,1.3837169892279397e-12,0.0,7.0223862858408205e-12,1.2232440168883671,0.0,0.0,1170,0.13124990614178852,0.12649924392597034,2.850397329490911,0.4817969799041748,0.4640660285949707,3.6801707044179963,wheel,effective_drive_target,"max(command_target,measured_actual)",0.12297539591788553,0.12297539591789416,1.2232440168883671,0.12297539591788553,0.12297539591789416,7.0223862858408205e-12,0.03530060789604542,0.03573242047005902,1.2232440168883671
P05,FL_ACTIVE_LIFT_AND_PLACE,rear_left_ankle,0.0,0.0,0.0,9.733333333332784,0.25273972602739714,0.3,2.45999999999986,0.0,0.0,0.1692347526550293,-0.016931429505348206,9.733333333333334,0.25273972602740064,0.3,2.460000000000033,0.0,0.0,5.657574865213446e-12,3.524476864612725,2.358409983443402,True,True,True,wlr50_clean.conformance_policy.v2,30.0,0.08474545180797577,-0.06803534924983978,3.1531252033385893,0.0,-0.016931429505348206,2.460000000000033,3.2274888229245966,0.0,50.69358050823211,0.0,30.662351846694943,1.3837169892279397e-12,0.0,1.3837169892279397e-12,0.0,7.0223862858408205e-12,2.358409983443402,0.0,0.0,1170,0.3252047601386777,0.33117503724419156,1.8358516963183216,0.5847263336181641,0.5641177892684937,3.524476864612725,wheel,effective_drive_target,"max(command_target,measured_actual)",0.12297539591788553,0.12297539591789416,2.358409983443402,0.12297539591788553,0.12297539591789416,7.0223862858408205e-12,0.1576247236826213,0.1613421609023273,2.358409983443402
P05,FL_ACTIVE_LIFT_AND_PLACE,rear_right_ankle,0.0,0.0,0.0,9.733333333332784,0.25273972602739714,0.3,2.45999999999986,0.0,0.0,0.027685068547725677,0.06419053301215172,9.733333333333334,0.25273972602740064,0.3,2.460000000000033,0.0,0.0,5.657574865213446e-12,1.2256433114788465,2.6666462879369917,True,True,True,wlr50_clean.conformance_policy.v2,30.0,-0.022109057754278183,0.016212940216064453,2.577017138207013,0.0,0.06419053301215172,2.460000000000033,2.6457370700625105,0.0,29.876475781202313,0.0,28.786555677652355,1.3837169892279397e-12,0.0,1.3837169892279397e-12,0.0,7.0223862858408205e-12,2.6666462879369917,0.0,0.0,1170,0.2717141398450093,0.27504438602636194,1.2256433114788465,0.3983379900455475,0.40023645758628845,0.4765971582383816,wheel,effective_drive_target,"max(command_target,measured_actual)",0.12297539591788553,0.12297539591789416,2.6666462879369917,0.12297539591788553,0.12297539591789416,7.0223862858408205e-12,0.12882508246268365,0.13226039174210658,2.6666462879369917
P06,FRONT_PAIR_ADVANCE,front_left_ankle,0.0,0.0,0.0,25.533333333331882,0.3,0.3,7.659999999999564,0.0,0.0,-0.025507856160402298,-0.025071862939512357,25.533333333333335,0.29999999999998567,0.3,7.659999999999634,0.0,0.0,5.690835096460134e-12,2.688391903115966,0.07803576623568119,True,True,True,wlr50_clean.conformance_policy.v2,30.0,-0.04622725397348404,-0.04574560929904692,6.71113146949355,0.0,-0.025071862939512357,7.659999999999634,6.716368552358853,0.0,12.431638687849043,0.0,12.404247815720735,4.773959005888173e-12,0.0,4.773959005888173e-12,0.0,9.160064641816435e-13,0.07803576623568119,0.0,0.0,3066,0.2626975724420229,0.2628822484153171,0.07029984006987666,0.3847907781600952,0.39513546228408813,2.688391903115966,wheel,effective_drive_target,"max(command_target,measured_actual)",0.38292338728902564,0.3829233872890292,0.07803576623568119,0.38292338728902564,0.3829233872890292,9.160064641816435e-13,0.3354894510235761,0.3357512527873222,0.07803576623568119
P06,FRONT_PAIR_ADVANCE,front_right_ankle,0.0,0.0,0.0,25.533333333331882,0.3,0.3,7.659999999999564,0.0,0.0,-0.07326455414295197,0.08329017460346222,25.533333333333335,0.29999999999998567,0.3,7.659999999999634,0.0,0.0,5.690835096460134e-12,6.927080012968492,0.10658622773230186,True,True,True,wlr50_clean.conformance_policy.v2,30.0,-0.0556923933327198,0.1199563704431057,5.741420145642895,0.0,0.08329017460346222,7.659999999999634,5.747539708794398,0.0,10.543296486139296,0.0,21.999717503786083,4.773959005888173e-12,0.0,4.773959005888173e-12,0.0,9.160064641816435e-13,0.10658622773230186,0.0,0.0,3066,0.2248179738866062,0.2250644546500313,0.10963570179198144,0.4805694818496704,0.44728004932403564,6.927080012968492,wheel,effective_drive_target,"max(command_target,measured_actual)",0.38292338728902564,0.3829233872890292,0.10658622773230186,0.38292338728902564,0.3829233872890292,9.160064641816435e-13,0.2870135835534143,0.28731950050520316,0.10658622773230186
P06,FRONT_PAIR_ADVANCE,rear_left_ankle,0.0,0.0,0.0,25.533333333331882,0.3,0.3,7.659999999999564,0.0,0.0,0.041520632803440094,-0.1277141198515892,25.533333333333335,0.29999999999998567,0.3,7.659999999999634,0.0,0.0,5.690835096460134e-12,2.340910454534315,0.19439954973571766,True,True,True,wlr50_clean.conformance_policy.v2,30.0,0.03686167672276497,-0.04872879758477211,8.464769270348171,0.0,-0.1277141198515892,7.659999999999634,8.481224743695895,0.0,2.7953736484050746,0.0,47.39119336009025,4.773959005888173e-12,0.0,4.773959005888173e-12,0.0,9.160064641816435e-13,0.19439954973571766,0.0,0.0,3066,0.3313226375233112,0.33198157613714263,0.19888125325727746,0.4937291741371155,0.5052869319915771,2.340910454534315,wheel,effective_drive_target,"max(command_target,measured_actual)",0.38292338728902564,0.3829233872890292,0.19439954973571766,0.38292338728902564,0.3829233872890292,9.160064641816435e-13,0.4231538017783238,0.42397641086367044,0.19439954973571766
P06,FRONT_PAIR_ADVANCE,rear_right_ankle,0.0,0.0,0.0,25.533333333331882,0.3,0.3,7.659999999999564,0.0,0.0,0.02631414495408535,-0.0013709235936403275,25.533333333333335,0.29999999999998567,0.3,7.659999999999634,0.0,0.0,5.690835096460134e-12,0.9654514033631753,0.15042107965146173,True,True,True,wlr50_clean.conformance_policy.v2,30.0,0.02711913362145424,0.05008804239332676,8.184636462564704,0.0,-0.0013709235936403275,7.659999999999634,8.172325044032167,0.0,0.48299320042133326,0.0,30.87537959218025,4.773959005888173e-12,0.0,4.773959005888173e-12,0.0,9.160064641816435e-13,0.15042107965146173,0.0,0.0,3066,0.3203554493414611,0.31986760331314135,0.15228273136061538,0.4840041995048523,0.479331374168396,0.9654514033631753,wheel,effective_drive_target,"max(command_target,measured_actual)",0.38292338728902564,0.3829233872890292,0.15042107965146173,0.38292338728902564,0.3829233872890292,9.160064641816435e-13,0.4091499631820788,0.40853451539006674,0.15042107965146173
P07,REAR_ENTRY_ALIGNMENT,front_left_hip,22.8,38.6,15.8,1.666666666666572,22.200000000001268,150.0,0.0,22.8,38.6,40.00197775028157,18.13800105798116,1.6666666666666643,22.20000000000003,150.00000000000853,0.0,1.4913588365586685,1.4782280140245563,5.5422333389290965e-12,0.3827407195603606,0.0,True,True,True,wlr50_clean.conformance_policy.v2,30.0,40.23761244645784,18.37156108419704,0.0,15.8,18.13800105798116,0.0,0.0,0.0,1.4913588365586685,0.0,1.4782280140245563,5.569118739741008e-12,5.6843418860808015e-12,5.569118739741008e-12,5.6843418860808015e-12,0.0,0.0,0.09134111675406015,0.5781083338864565,202,23.81636822556119,23.90752316468085,0.3827407195603606,102.4837373259964,102.27325821653329,0.20537805797770933,servo,measured_actual,not_applicable,0.0,0.0,0.0,0.0,0.0,0.0,0.0,0.0,0.0
P07,REAR_ENTRY_ALIGNMENT,front_right_knee,45.9,31.1,-14.799999999999997,1.666666666666572,8.880000000000503,150.0,0.0,45.9,31.1,30.499863586839236,-15.066536705212709,1.6666666666666643,8.880000000000011,150.00000000000853,0.0,8.728727934678767,11.897289610589139,5.5422333389290965e-12,9.53917239247474,0.0,True,True,True,wlr50_clean.conformance_policy.v2,30.0,31.791715321171694,-13.305737842845517,0.0,-14.799999999999997,-15.066536705212709,0.0,0.0,0.0,8.728727934678767,0.0,11.897289610589139,5.541113113894611e-12,5.6843418860808015e-12,5.541113113894611e-12,5.6843418860808015e-12,0.0,0.0,0.7764219109718522,5.246093993053056,202,14.250034462295774,15.129950556949629,6.17483485378248,94.48188384538132,103.49467362504998,9.53917239247474,servo,measured_actual,not_applicable,0.0,0.0,0.0,0.0,0.0,0.0,0.0,0.0,0.0
P07,REAR_ENTRY_ALIGNMENT,front_right_ankle,0.0,0.0,0.0,1.666666666666572,0.37799999999999995,0.63,-0.6299999999999641,0.0,0.0,0.02185739576816559,0.09512194991111755,1.6666666666666643,0.3780000000000012,0.63,-0.6300000000000011,0.0,0.0,5.5422333389290965e-12,13.934239198466742,1.1208595526636802,True,True,True,wlr50_clean.conformance_policy.v2,30.0,0.012575523927807808,0.06868311949074268,-0.6651533663359788,0.0,0.09512194991111755,-0.6300000000000011,-0.6576979312895379,0.0,5.569123104214667,0.0,15.86329825222492,3.3776626410553707e-13,0.0,3.3776626410553707e-13,0.0,5.868321701590447e-12,1.1208595526636802,0.0,0.0,202,0.3985303122640154,0.39674472730430443,0.4480424461485085,0.7847051620483398,0.8940478563308716,13.934239198466742,wheel,effective_drive_target,"max(command_target,measured_actual)",-0.031493698954580436,-0.03149369895458229,1.1208595526636802,-0.031493698954580436,-0.03149369895458229,5.868321701590447e-12,-0.03325101567938455,-0.03287831849378447,1.1208595526636802
P08,FIRST_REAR_LOAD_TRANSFER,rear_left_hip,6.9,31.2,24.299999999999997,0.39999999999997726,60.75000000000345,150.0,0.0,6.9,31.199999999999996,28.858989732867872,22.30171297743808,0.3999999999999986,60.750000000000206,150.00000000000853,0.0,1.5902676039769381,6.453205943531124,5.329070518201054e-12,9.7478935167321,0.0,True,True,True,wlr50_clean.conformance_policy.v2,30.0,28.472554705101476,20.733583933160016,0.0,24.299999999999997,22.30171297743808,0.0,0.0,1.4620220900413587e-14,1.5902676039769381,0.0,6.453205943531124,5.345152761190903e-12,5.6843418860808015e-12,5.345152761190903e-12,5.6843418860808015e-12,0.0,0.0,0.7188871432422722,2.9583833055237543,50,34.209147678502795,37.01940012720765,8.214915130641607,68.14841734947733,74.79145250604256,9.7478935167321,servo,measured_actual,not_applicable,0.0,0.0,0.0,0.0,0.0,0.0,0.0,0.0,0.0
P09,RR_ACTIVE_LIFT_AND_PLACE,front_left_hip,38.6,-18.5,-57.1,7.200000000002284,7.93055555555304,150.0,0.0,38.6,-18.5,-18.544872145146364,-55.8635247026238,7.199999999999996,7.930555555555561,150.00000000013642,0.0,0.1027907584679695,0.10204912671920309,3.1777050127038847e-11,4.434272678449841,0.0,True,True,True,wlr50_clean.conformance_policy.v2,30.0,-18.603565668231575,-55.921794753980464,0.0,-57.1,-55.8635247026238,0.0,0.0,0.0,0.1027907584679695,0.0,0.10204912671920309,3.178403249875698e-11,9.094947017729282e-11,3.178403249875698e-11,9.094947017729282e-11,0.0,0.0,0.3708969382723903,0.649556809583871,866,12.39657935151836,12.132109282400947,2.1334116583137948,185.19857126927977,193.4107809159529,4.434272678449841,servo,measured_actual,not_applicable,0.0,0.0,0.0,0.0,0.0,0.0,0.0,0.0,0.0
P09,RR_ACTIVE_LIFT_AND_PLACE,front_left_knee,-13.4,-31.4,-18.0,7.200000000002284,2.499999999999207,150.0,0.0,-13.4,-31.4,-31.414954425936347,-18.642937306526335,7.199999999999996,2.5000000000000013,150.00000000013642,0.0,4.538262275771881,4.566114269387395,3.1777050127038847e-11,2.4243428658429553,0.0,True,True,True,wlr50_clean.conformance_policy.v2,30.0,-32.231841635575286,-19.464837875016066,0.0,-18.0,-18.642937306526335,0.0,0.0,0.0,4.538262275771881,0.0,4.566114269387395,2.383426789265286e-11,9.094947017729282e-11,2.383426789265286e-11,9.094947017729282e-11,0.0,0.0,0.8585992730703764,4.769995961502091,866,6.484424891118446,6.641629583357221,2.4243428658429553,111.63664843648787,110.910537856013,0.6504231277491087,servo,measured_actual,not_applicable,0.0,0.0,0.0,0.0,0.0,0.0,0.0,0.0,0.0
P09,RR_ACTIVE_LIFT_AND_PLACE,rear_left_hip,31.2,15.4,-15.799999999999999,7.200000000002284,2.1944444444437483,150.0,0.0,31.199999999999996,15.4,15.596558704454823,-13.262431028413049,7.199999999999996,2.194444444444446,150.00000000013642,0.0,0.9721239652402175,0.7331321878578263,3.1777050127038847e-11,1.8280400745933365,0.0,True,True,True,wlr50_clean.conformance_policy.v2,30.0,15.442963117946869,-13.378265914094586,0.0,-15.799999999999995,-13.262431028413049,0.0,0.0,0.0,0.9721239652402175,2.24855296126614e-14,0.7331321878578263,2.092992446023345e-11,9.094947017729282e-11,2.092992446023345e-11,9.094947017729282e-11,0.0,0.0,0.04332930180808316,0.2742360873929314,866,12.779201116351814,12.545592198732024,1.8280400745933365,129.23803909742156,127.50359451996687,1.3420542353998772,servo,measured_actual,not_applicable,0.0,0.0,0.0,0.0,0.0,0.0,0.0,0.0,0.0
P09,RR_ACTIVE_LIFT_AND_PLACE,rear_left_knee,0.0,19.4,19.4,7.200000000002284,2.6944444444435898,150.0,0.0,0.0,19.4,19.828319611849597,20.47483230165528,7.199999999999996,2.694444444444446,150.00000000013642,0.0,0.47723306288413164,6.944579160421737,3.1777050127038847e-11,11.641155610161634,0.0,True,True,True,wlr50_clean.conformance_policy.v2,30.0,19.735736397650076,21.822080658777097,0.0,19.4,20.47483230165528,0.0,0.0,0.0,0.47723306288413164,0.0,6.944579160421737,2.5686119897727622e-11,9.094947017729282e-11,2.5686119897727622e-11,9.094947017729282e-11,0.0,0.0,0.8040579652983332,4.144628687104811,866,8.40057892248996,7.422654457968464,11.641155610161634,115.64180989408082,121.52261642984014,5.085363625098651,servo,measured_actual,not_applicable,0.0,0.0,0.0,0.0,0.0,0.0,0.0,0.0,0.0
P09,RR_ACTIVE_LIFT_AND_PLACE,rear_right_hip,0.0,-6.9,-6.9,7.200000000002284,16.402777777772574,150.0,0.0,0.0,-6.9,-6.493021283905435,-5.742891782925244,7.199999999999996,16.40277777777779,150.00000000013642,0.0,3.9172743449066822,3.2706405694656415,3.1777050127038847e-11,0.5009831612918643,0.0,True,True,True,wlr50_clean.conformance_policy.v2,30.0,-6.763313213703996,-5.968565982218373,0.0,-6.9,-5.742891782925244,0.0,0.0,0.0,3.9172743449066822,0.0,3.2706405694656415,3.179573454653826e-11,9.094947017729282e-11,3.179573454653826e-11,9.094947017729282e-11,0.0,0.0,0.08560319234274817,1.2406259759818576,866,19.675026628638218,19.636645030370488,0.19507774496153926,130.68322516352623,130.02852421082383,0.5009831612918643,servo,measured_actual,not_applicable,0.0,0.0,0.0,0.0,0.0,0.0,0.0,0.0,0.0
P09,RR_ACTIVE_LIFT_AND_PLACE,rear_right_knee,0.0,-37.8,-37.8,7.200000000002284,5.249999999998335,150.0,0.0,0.0,-37.8,-52.83550464852528,-53.47632444235882,7.199999999999996,5.250000000000003,150.00000000013642,0.0,5.822980202763382,5.805168477118109,3.1777050127038847e-11,1.824265454397165,0.0,True,True,True,wlr50_clean.conformance_policy.v2,30.0,-50.63441813188072,-51.28197075800818,0.0,-37.8,-53.47632444235882,0.0,0.0,0.0,5.822980202763382,0.0,5.805168477118109,3.177141089899741e-11,9.094947017729282e-11,3.177141089899741e-11,9.094947017729282e-11,0.0,0.0,1.234235021024979,3.2651720132935957,866,10.651568707374581,10.457255819094568,1.824265454397165,105.6524943083971,106.26853639039723,0.5830833299608836,servo,measured_actual,not_applicable,0.0,0.0,0.0,0.0,0.0,0.0,0.0,0.0,0.0
P09,RR_ACTIVE_LIFT_AND_PLACE,front_left_ankle,0.0,0.0,0.0,7.200000000002284,0.40916666666678764,1.07,-0.9060000000012605,0.0,0.0,0.16846974194049835,0.1672536366386339,7.199999999999996,0.4091666666666646,1.07,-0.9060000000000041,0.0,0.0,3.1777050127038847e-11,26.288520414987204,0.3102100469185711,False,True,True,wlr50_clean.conformance_policy.v2,30.0,0.12681689858436584,0.12413868634030223,-0.799206878302458,0.0,0.1672536366386339,-0.9060000000000041,-0.7967276582702995,0.0,24.9917060136795,0.0,25.868970178999003,3.006420638576724e-11,0.0,3.006420638576724e-11,0.0,1.386675910225253e-10,0.3102100469185711,0.0,0.0,866,0.3585353044800202,0.3567477165015337,0.4985807411850313,1.399324655532837,1.7671864032745361,26.288520414987204,wheel,effective_drive_target,"max(command_target,measured_actual)",-0.045290938496652694,-0.04529093849658989,0.3102100469185711,-0.045290938496652694,-0.04529093849658989,1.386675910225253e-10,-0.03995235052014135,-0.039828414314847745,0.3102100469185711
P09,RR_ACTIVE_LIFT_AND_PLACE,front_right_ankle,0.0,0.0,0.0,7.200000000002284,0.14166666666665959,0.3,1.0200000000002725,0.0,0.0,0.0012427009642124176,0.3231438733637333,7.199999999999996,0.14166666666666589,0.3,1.0199999999999938,0.0,0.0,3.1777050127038847e-11,8.556250532473802,5.746963553523089,True,True,True,wlr50_clean.conformance_policy.v2,30.0,0.002248492557555437,0.3594059613533318,0.6134317581265493,0.0,0.3231438733637333,1.0199999999999938,0.5781780585612806,0.0,0.6034749560058116,0.0,21.757252793759104,3.780309398848657e-12,0.0,3.780309398848657e-12,0.0,2.732019403733724e-11,5.746963553523089,0.0,0.0,866,0.11878691322101505,0.11953459016482623,0.44860616628671074,1.0074520111083984,0.9212518930435181,8.556250532473802,wheel,effective_drive_target,"max(command_target,measured_actual)",0.05098979830743247,0.050989798307418545,5.746963553523089,0.05098979830743247,0.050989798307418545,2.732019403733724e-11,0.03066545257082166,0.02890312018805363,5.746963553523089
P09,RR_ACTIVE_LIFT_AND_PLACE,rear_left_ankle,0.0,0.0,0.0,7.200000000002284,0.14166666666665959,0.3,1.0200000000002725,0.0,0.0,-0.00038782513001933694,0.1687925978912972,7.199999999999996,0.14166666666666589,0.3,1.0199999999999938,0.0,0.0,3.1777050127038847e-11,36.458636795326846,3.058336374724423,False,False,False,wlr50_clean.conformance_policy.v2,30.0,-0.04800482466816902,-0.010602761059999466,1.359597015920012,0.0,0.1687925978912972,1.0199999999999938,1.4011780660075615,0.0,28.570199722889807,0.0,107.63721537077798,3.780309398848657e-12,0.0,3.780309398848657e-12,0.0,2.732019403733724e-11,3.058336374724423,0.0,0.0,866,0.2108908419830283,0.21827582467960915,3.501803410304169,1.0827405452728271,0.6879881024360657,36.458636795326846,wheel,effective_drive_target,"max(command_target,measured_actual)",0.05098979830743247,0.050989798307418545,3.058336374724423,0.05098979830743247,0.050989798307418545,2.732019403733724e-11,0.06796625256973524,0.07004488919461252,3.058336374724423
P09,RR_ACTIVE_LIFT_AND_PLACE,rear_right_ankle,0.0,0.0,0.0,7.200000000002284,0.14166666666665959,0.3,1.0200000000002725,0.0,0.0,-0.11716585606336594,-0.11524041288066655,7.199999999999996,0.14166666666666589,0.3,1.0199999999999938,0.0,0.0,3.1777050127038847e-11,9.917028807039856,1.9026087354607242,True,True,True,wlr50_clean.conformance_policy.v2,30.0,-0.1506960093975067,-0.1485107815824449,0.6934472835954519,0.0,-0.11524041288066655,1.0199999999999938,0.6802536950019498,0.0,20.118092000484463,0.0,19.962221221067008,3.780309398848657e-12,0.0,3.780309398848657e-12,0.0,2.732019403733724e-11,1.9026087354607242,0.0,0.0,866,0.19189179892225663,0.19461336971389273,1.4182840574331779,0.8002223372459412,0.8795806169509888,9.917028807039856,wheel,effective_drive_target,"max(command_target,measured_actual)",0.05098979830743247,0.050989798307418545,1.9026087354607242,0.05098979830743247,0.050989798307418545,2.732019403733724e-11,0.034665428556234876,0.03400588108433906,1.9026087354607242
P10,SECOND_REAR_TRANSFER_PREP,rear_right_knee,-37.8,-27.2,10.599999999999998,0.13333333333343944,79.49999999993672,150.0,0.0,-37.8,-27.2,-46.75435841912573,3.0085856312693124,0.11666666666666003,90.857142857148,150.00000000013642,0.0,8.971743435672732,14.959048600657773,12.500000000074607,16.812829672840515,0.0,False,True,True,wlr50_clean.conformance_policy.v2,30.0,-45.80335361494442,4.594244782939036,0.0,10.599999999999998,3.0085856312693124,0.0,0.0,0.0,8.971743435672732,0.0,14.959048600657773,14.28571428581173,9.094947017729282e-11,14.28571428581173,9.094947017729282e-11,0.0,0.0,0.5817122821475784,5.487851718373382,16,21.647375020830932,18.007838729937603,16.812829672840515,28.557487080234164,28.625179377550868,0.23703870416370237,servo,measured_actual,not_applicable,0.0,0.0,0.0,0.0,0.0,0.0,0.0,0.0,0.0
P11,TRANSFER_TOWARD_FR,front_right_hip,0.0,3.7,3.7,0.46666666666703804,44.35714285710756,150.0,0.0,0.0,3.7,4.563297944529176,4.873691727546354,0.46666666666666856,44.35714285714268,150.00000000013642,0.0,3.5273999704343106,8.294680979249863,7.917476198463387e-11,5.220179509170887,0.0,True,True,True,wlr50_clean.conformance_policy.v2,30.0,4.79845794255813,5.426670459496345,0.0,3.7,4.873691727546354,0.0,0.0,0.0,3.5273999704343106,0.0,8.294680979249863,7.91643008080659e-11,9.094947017729282e-11,7.91643008080659e-11,9.094947017729282e-11,0.0,0.0,0.31057290860001097,8.39386239459489,58,26.486213549169456,27.868841441618443,5.220179509170887,65.78188657566214,66.99454568166288,1.8434544357525315,servo,measured_actual,not_applicable,0.0,0.0,0.0,0.0,0.0,0.0,0.0,0.0,0.0
P12,RL_ACTIVE_LIFT_AND_PLACE,rear_left_hip,15.4,-10.1,-25.5,4.66666666667038,18.621428571413755,150.0,0.0,15.4,-10.1,-0.5802539318018863,-16.385806179575344,4.666666666666671,18.621428571428552,150.00000000013642,0.0,0.34608687801655175,0.7194628100887908,7.947928029995939e-11,1.0792891515215632,0.0,True,True,True,wlr50_clean.conformance_policy.v2,30.0,-0.668506085696107,-16.202343163002702,0.0,-25.5,-16.385806179575344,0.0,0.0,0.0,0.34608687801655175,0.0,0.7194628100887908,7.946249889183814e-11,9.094947017729282e-11,7.946249889183814e-11,9.094947017729282e-11,0.0,0.0,0.3724397536180603,1.460548053404158,562,17.959176049385892,17.76534461058221,1.0792891515215632,106.36460300107346,107.0196796141802,0.6158783980984088,servo,measured_actual,not_applicable,0.0,0.0,0.0,0.0,0.0,0.0,0.0,0.0,0.0
P12,RL_ACTIVE_LIFT_AND_PLACE,rear_left_knee,19.4,-18.7,-38.099999999999994,4.66666666667038,14.97857142855951,150.0,0.0,19.4,-18.699999999999996,-19.21607941057665,-39.352141733217636,4.666666666666671,14.978571428571412,150.00000000013642,0.0,0.1212582665248445,0.18468401267577908,7.947928029995939e-11,0.6590957141971785,0.0,True,True,True,wlr50_clean.conformance_policy.v2,30.0,-19.262278810122616,-39.281777124388164,0.0,-38.099999999999994,-39.352141733217636,0.0,0.0,9.32470781837402e-15,0.1212582665248445,0.0,0.18468401267577908,7.94574494687058e-11,9.094947017729282e-11,7.94574494687058e-11,9.094947017729282e-11,0.0,0.0,0.21227299757861412,0.5571469752719532,562,16.478673535545372,16.370063304516048,0.6590957141971785,123.44295143574591,123.36041542981548,0.0668616595524267,servo,measured_actual,not_applicable,0.0,0.0,0.0,0.0,0.0,0.0,0.0,0.0,0.0
P12,RL_ACTIVE_LIFT_AND_PLACE,front_left_ankle,0.0,0.0,0.0,4.66666666667038,0.1414285714285714,0.3,-0.6600000000005252,0.0,0.0,-0.15000686049461365,-0.4355679750442505,4.666666666666671,0.14142857142857132,0.3,-0.6600000000000001,0.0,0.0,7.947928029995939e-11,10.252513635246956,8.488222227555918,True,True,True,wlr50_clean.conformance_policy.v2,30.0,-0.04543116316199303,-0.2316141538321972,0.27393242830121944,0.0,-0.4355679750442505,-0.6600000000000001,0.25068043503367166,0.0,62.745418399572365,0.0,122.37229272723197,4.996003610813204e-14,0.0,4.996003610813204e-14,0.0,7.954916187042709e-11,8.488222227555918,0.0,0.0,562,0.11172149716495301,0.11212898165673628,0.24449069506995988,0.4190062880516052,0.4619649648666382,10.252513635246956,wheel,effective_drive_target,"max(command_target,measured_actual)",-0.032993398904826686,-0.03299339890480044,8.488222227555918,-0.032993398904826686,-0.03299339890480044,7.954916187042709e-11,0.01369388163621633,0.012531514531355816,8.488222227555918
P12,RL_ACTIVE_LIFT_AND_PLACE,front_right_ankle,0.0,0.0,0.0,4.66666666667038,0.1414285714285714,0.3,-0.6600000000005252,0.0,0.0,-0.1663765013217926,-0.16868409886956215,4.666666666666671,0.14142857142857132,0.3,-0.6600000000000001,0.0,0.0,7.947928029995939e-11,2.1831708932958143,9.746496269799556,True,True,True,wlr50_clean.conformance_policy.v2,30.0,-0.22560659050941467,-0.227062223944813,-0.5727853850703849,0.0,-0.16868409886956215,-0.6600000000000001,-0.5169588788805428,0.0,35.538053512573235,0.0,35.02687504515051,4.996003610813204e-14,0.0,4.996003610813204e-14,0.0,7.954916187042709e-11,9.746496269799556,0.0,0.0,562,0.14153195923033707,0.13826118042065721,1.9624672858079115,0.5957649946212769,0.5827584266662598,2.1831708932958143,wheel,effective_drive_target,"max(command_target,measured_actual)",-0.032993398904826686,-0.03299339890480044,9.746496269799556,-0.032993398904826686,-0.03299339890480044,7.954916187042709e-11,-0.02863354044919232,-0.025842773497400245,9.746496269799556
P12,RL_ACTIVE_LIFT_AND_PLACE,rear_left_ankle,0.0,0.0,0.0,4.66666666667038,0.1414285714285714,0.3,-0.6600000000005252,0.0,0.0,0.05537325516343117,0.055368866538628936,4.666666666666671,0.14142857142857132,0.3,-0.6600000000000001,0.0,0.0,7.947928029995939e-11,13.226005197705678,5.069526453179882,True,True,True,wlr50_clean.conformance_policy.v2,30.0,0.0010134261101484299,0.006427139043807983,-0.6045430254613133,0.0,0.055368866538628936,-0.6600000000000001,-0.6351904940579286,0.0,32.615897431969636,0.0,29.365036496892568,4.996003610813204e-14,0.0,4.996003610813204e-14,0.0,7.954916187042709e-11,5.069526453179882,0.0,0.0,562,0.16968263070234943,0.16470747690173376,2.9320348111191685,1.2071598768234253,1.366818904876709,13.226005197705678,wheel,effective_drive_target,"max(command_target,measured_actual)",-0.032993398904826686,-0.03299339890480044,5.069526453179882,-0.032993398904826686,-0.03299339890480044,7.954916187042709e-11,-0.030221104839636418,-0.03175317174392501,5.069526453179882
P12,RL_ACTIVE_LIFT_AND_PLACE,rear_right_ankle,0.0,0.0,0.0,4.66666666667038,0.1414285714285714,0.3,-0.6600000000005252,0.0,0.0,-0.14648208022117615,-0.03926633298397064,4.666666666666671,0.14142857142857132,0.3,-0.6600000000000001,0.0,0.0,7.947928029995939e-11,3.967173628239309,2.420832801576488,True,True,True,wlr50_clean.conformance_policy.v2,30.0,-0.09750436246395111,0.04255610704421997,-1.2174309377257782,0.0,-0.03926633298397064,-0.6600000000000001,-1.246902905202784,0.0,29.38663065433502,0.0,49.09346401691436,4.996003610813204e-14,0.0,4.996003610813204e-14,0.0,7.954916187042709e-11,2.420832801576488,0.0,0.0,562,0.2624438734214713,0.27032078323335623,3.0013692867712805,0.6808063983917236,0.7078151702880859,3.967173628239309,wheel,effective_drive_target,"max(command_target,measured_actual)",-0.032993398904826686,-0.03299339890480044,2.420832801576488,-0.032993398904826686,-0.03299339890480044,7.954916187042709e-11,-0.06085937055671493,-0.06233267416198487,2.420832801576488
P13,FINAL_ADVANCE_AND_RECOVERY,front_left_hip,-18.5,0.5,19.0,17.800000000014165,1.0674157303362293,150.0,0.0,-18.5,0.5,-2.9887583658411314,14.983650011757074,17.799999999999997,1.0674157303370788,150.00000000013642,0.0,14.463468163121918,13.50060021906139,7.959675365755687e-11,6.502933264477127,0.0,True,True,True,wlr50_clean.conformance_policy.v2,30.0,-5.736817316834296,12.41853597013541,0.0,19.0,14.983650011757074,0.0,0.0,0.0,14.463468163121918,0.0,13.50060021906139,2.5486279753295094e-11,9.094947017729282e-11,2.5486279753295094e-11,9.094947017729282e-11,0.0,0.0,0.10770319334167515,0.5668589123246061,2138,2.2469699478462273,2.184588490981289,1.8714437059481437,107.28926718072061,100.31231773601179,6.502933264477127,servo,measured_actual,not_applicable,0.0,0.0,0.0,0.0,0.0,0.0,0.0,0.0,0.0
P13,FINAL_ADVANCE_AND_RECOVERY,front_left_knee,-31.4,-0.7,30.7,17.800000000014165,1.724719101122223,150.0,0.0,-31.4,-0.6999999999999993,-1.3035577947807326,30.17137593735208,17.799999999999997,1.7247191011235958,150.00000000013642,0.0,2.316324924631277,2.9275823590010406,7.959675365755687e-11,2.582409656418826,0.0,True,True,True,wlr50_clean.conformance_policy.v2,30.0,-0.5924460429189305,31.0701437215654,0.0,30.7,30.17137593735208,0.0,0.0,2.169816986238091e-15,2.316324924631277,0.0,2.9275823590010406,4.118705376754406e-11,9.094947017729282e-11,4.118705376754406e-11,9.094947017729282e-11,0.0,0.0,0.07744175396243103,0.2522532702359317,2138,3.175974218221417,3.2227831825034645,1.4042689284614251,142.61404934154277,138.93117035993686,2.582409656418826,servo,measured_actual,not_applicable,0.0,0.0,0.0,0.0,0.0,0.0,0.0,0.0,0.0
P13,FINAL_ADVANCE_AND_RECOVERY,front_right_knee,31.1,0.4,-30.700000000000003,17.800000000014165,1.7247191011222232,150.0,0.0,31.1,0.3999999999999986,0.3866918001905066,-30.989915359079077,17.799999999999997,1.7247191011235958,150.00000000013642,0.0,0.1310554713965912,3.926260095392122,7.959675365755687e-11,2.5404824792363163,0.0,True,True,True,wlr50_clean.conformance_policy.v2,30.0,0.3464577704717531,-32.19527720836446,0.0,-30.700000000000003,-30.989915359079077,0.0,0.0,4.7012701368491964e-15,0.1310554713965912,0.0,3.926260095392122,4.1180392429396306e-11,9.094947017729282e-11,4.1180392429396306e-11,9.094947017729282e-11,0.0,0.0,0.25534410343802644,0.8317397506124639,2138,5.479965367233087,5.487503014266274,0.1375491728151746,124.49231437907,121.32960894427393,2.5404824792363163,servo,measured_actual,not_applicable,0.0,0.0,0.0,0.0,0.0,0.0,0.0,0.0,0.0
P13,FINAL_ADVANCE_AND_RECOVERY,rear_left_hip,-10.1,-2.6,7.5,17.800000000014165,0.42134831460640626,150.0,0.0,-10.1,-2.5999999999999996,-3.181029378255967,-2.600775446454081,17.799999999999997,0.42134831460674166,150.00000000013642,0.0,9.245611576271754,7.100365484630047,7.959675365755687e-11,3.7225388426934396,0.0,True,True,True,wlr50_clean.conformance_policy.v2,30.0,-3.8744502464763486,-3.1333028578013344,0.0,7.5,-2.600775446454081,0.0,0.0,5.921189464667502e-15,9.245611576271754,0.0,7.100365484630047,1.0061951272177794e-11,9.094947017729282e-11,1.0061951272177794e-11,9.094947017729282e-11,0.0,0.0,0.17497769901322152,2.3330359868429533,2138,6.130016138368937,6.101420588167912,0.4664840932806089,62.50534920815864,64.83213511119352,3.7225388426934396,servo,measured_actual,not_applicable,0.0,0.0,0.0,0.0,0.0,0.0,0.0,0.0,0.0
P13,FINAL_ADVANCE_AND_RECOVERY,rear_left_knee,-18.7,-3.9,14.799999999999999,17.800000000014165,0.8314606741566416,150.0,0.0,-18.699999999999996,-3.9000000000000004,-3.627966835340145,15.588112575236506,17.799999999999997,0.8314606741573036,150.00000000013642,0.0,2.724345555262014,2.3572690373006564,7.959675365755687e-11,12.94440774383705,0.0,True,True,True,wlr50_clean.conformance_policy.v2,30.0,-4.031169977518923,15.239236757716009,0.0,14.799999999999995,15.588112575236506,0.0,0.0,3.00060276925718e-15,2.724345555262014,2.400482215405744e-14,2.3572690373006564,1.9860779687519425e-11,9.094947017729282e-11,1.9860779687519425e-11,9.094947017729282e-11,0.0,0.0,0.2989442634298662,2.0198936718234206,2138,10.589805996350407,10.36376499349377,2.1345150509323525,119.50048428454451,134.96911422619587,12.94440774383705,servo,measured_actual,not_applicable,0.0,0.0,0.0,0.0,0.0,0.0,0.0,0.0,0.0
P13,FINAL_ADVANCE_AND_RECOVERY,rear_right_hip,-6.9,-0.5,6.4,17.800000000014165,0.3595505617974667,150.0,0.0,-6.9,-0.5,1.4977943975674912,7.3625590868026975,17.799999999999997,0.3595505617977529,150.00000000013642,0.0,12.080566257172126,17.945056324777937,7.959675365755687e-11,4.391849703116557,0.0,True,True,True,wlr50_clean.conformance_policy.v2,30.0,2.3031654813789664,8.558896175121227,0.0,6.4,7.3625590868026975,0.0,0.0,0.0,12.080566257172126,0.0,17.945056324777937,8.58646487245096e-12,9.094947017729282e-11,8.58646487245096e-12,9.094947017729282e-11,0.0,0.0,0.15868159558539163,2.479399931021744,2138,1.8046898670712406,1.6582948769673553,4.391849703116557,49.177918684509166,51.11328010658896,3.9354276753672868,servo,measured_actual,not_applicable,0.0,0.0,0.0,0.0,0.0,0.0,0.0,0.0,0.0
P13,FINAL_ADVANCE_AND_RECOVERY,rear_right_knee,-27.2,-6.0,21.2,17.800000000014165,1.1910112359541083,150.0,0.0,-27.2,-6.0,-5.819018536773695,22.160613222016664,17.799999999999997,1.1910112359550564,150.00000000013642,0.0,7.385236680079527,1.014071661952409,7.959675365755687e-11,10.570556317935514,0.0,True,True,True,wlr50_clean.conformance_policy.v2,30.0,-4.253348360596835,22.375596414350575,0.0,21.2,22.160613222016664,0.0,0.0,0.0,7.385236680079527,0.0,1.014071661952409,2.844391389089651e-11,9.094947017729282e-11,2.844391389089651e-11,9.094947017729282e-11,0.0,0.0,0.30672565542687313,1.4468191293720432,2138,4.409301316786447,4.171186731103306,5.40027928634919,122.15147194672322,109.23938181140764,10.570556317935514,servo,measured_actual,not_applicable,0.0,0.0,0.0,0.0,0.0,0.0,0.0,0.0,0.0
P13,FINAL_ADVANCE_AND_RECOVERY,front_left_ankle,0.0,0.0,0.0,17.800000000014165,0.3432584269662921,1.09,6.110000000004862,0.0,0.0,-0.071381576359272,0.07862528413534164,17.799999999999997,0.34325842696629844,1.09,6.110000000000111,0.0,0.0,7.959675365755687e-11,8.161300343536881,0.35298673418620613,True,True,True,wlr50_clean.conformance_policy.v2,30.0,-0.1680314540863037,-0.19484801590442657,6.017342502188997,0.0,0.07862528413534164,6.110000000000111,5.996102081405722,0.0,57.98992663621902,0.0,164.0839800238609,1.8435880209241963e-12,0.0,1.8435880209241963e-12,0.0,7.775558702082143e-11,0.35298673418620613,0.0,0.0,2138,0.33774898233620515,0.33671497287107904,0.3061473221840306,1.242940068244934,1.3443801403045654,8.161300343536881,wheel,effective_drive_target,"max(command_target,measured_actual)",0.3054388898613501,0.3054388898611126,0.35298673418620613,0.3054388898613501,0.3054388898611126,7.775558702082143e-11,0.30080694169929023,0.2997451330995805,0.35298673418620613
P13,FINAL_ADVANCE_AND_RECOVERY,front_right_ankle,0.0,0.0,0.0,17.800000000014165,0.3224719101123595,0.72,4.300000000003422,0.0,0.0,-0.0002854428021237254,0.16609105851966888,17.799999999999997,0.322471910112366,0.72,4.300000000000088,0.0,0.0,7.959675365755687e-11,18.988706084601198,2.886930266965604,False,True,True,wlr50_clean.conformance_policy.v2,30.0,-0.0009634793386794627,0.1990042626275681,2.2755927208370794,0.0,0.16609105851966888,4.300000000000088,2.341287495847791,0.0,0.4068219219334423,0.0,19.747922464739528,2.0140683546030937e-12,0.0,2.0140683546030937e-12,0.0,7.754004157096783e-11,2.886930266965604,0.0,0.0,2138,0.21336414178492397,0.21754773489266663,1.960776104524546,2.091403007507324,1.6942726373672485,18.988706084601198,wheel,effective_drive_target,"max(command_target,measured_actual)",0.21495699286477996,0.21495699286461328,2.886930266965604,0.21495699286477996,0.21495699286461328,7.754004157096783e-11,0.11375687633854233,0.11704095803231433,2.886930266965604
P13,FINAL_ADVANCE_AND_RECOVERY,rear_left_ankle,0.0,0.0,0.0,17.800000000014165,0.3061797752808989,0.43,4.590000000003652,0.0,0.0,-0.0004913352895528078,-0.055864590452983975,17.799999999999997,0.30617977528090257,0.43,4.590000000000137,0.0,0.0,7.959675365755687e-11,28.15410063877578,0.4152809921852617,False,True,True,wlr50_clean.conformance_policy.v2,30.0,0.0003529429668560624,-0.02411793393548578,4.3655599678590775,0.0,-0.055864590452983975,4.590000000000137,4.34743062711011,0.0,0.506566953845322,0.0,19.047993910498914,1.1965963388345263e-12,0.0,1.1965963388345263e-12,0.0,7.658845719325269e-11,0.4152809921852617,0.0,0.0,2138,0.291217558275842,0.2910885158499356,0.04431134807612117,1.1235920190811157,0.8072547912597656,28.15410063877578,wheel,effective_drive_target,"max(command_target,measured_actual)",0.2294540923835674,0.22945409238339165,0.4152809921852617,0.2294540923835674,0.22945409238339165,7.658845719325269e-11,0.2182343355490944,0.2173280498351372,0.4152809921852617
P13,FINAL_ADVANCE_AND_RECOVERY,rear_right_ankle,0.0,0.0,0.0,17.800000000014165,0.3039325842696629,0.39,4.630000000003684,0.0,0.0,0.18804135918617249,0.33452343940734863,17.799999999999997,0.3039325842696667,0.39,4.630000000000136,0.0,0.0,7.959675365755687e-11,16.53497222557247,0.5442439948704428,False,True,True,wlr50_clean.conformance_policy.v2,30.0,0.19921796023845673,0.2862899452447891,4.198843556133641,0.0,0.33452343940734863,4.630000000000136,4.2216955100419025,0.0,6.7059606313705435,0.0,28.940096497535702,1.2419722264383452e-12,0.0,1.2419722264383452e-12,0.0,7.66365612678008e-11,0.5442439948704428,0.0,0.0,2138,0.2790861868241173,0.276374045354545,0.9717935167036726,0.7546393275260925,0.6298599243164062,16.53497222557247,wheel,effective_drive_target,"max(command_target,measured_actual)",0.23145369231719326,0.2314536923170159,0.5442439948704428,0.23145369231719326,0.2314536923170159,7.66365612678008e-11,0.2099001824035879,0.21104255154154153,0.5442439948704428
