"phase","original_purpose","original_entry","original_completion","physical_meaning","all12_action_authority","proxy_history_quality_separation","retained_or_confirmed_problem","implemented_revision","actual_start_set_and_advanced_entry","new_completion_semantics","thresholds_units_frame_tolerance","local_deadline_semantics","reward_observation_terminal_alignment","downstream_executability","early_and_late_checks","positive_and_negative_examples","test_source_and_cpu_result","current_version_real_coverage","task_completed","unverified_or_remaining_limit","evidence_level","source_references"
"P01","Prepare FR support and load transfer","physical_valid","transfer_ready_FR","FR→RL侧的全身卸载准备，不是先得到FR AIR才开放动作。","全12 mask=1；caps canonical servos°[18,24,18,24,12,18,12,18]; wheels rad/s[.6,.6,.6,.6]；tanh→request slew60°/s,1.8rad/s²→单mapper→g→2°headroom→原hard/final1.25°/tick；无phase零化。","动态承载看verified竖直力/current contact；placed为事件账本，AIR不承载；receiver空间为几何/关节余量proxy，不是假CoM/FK证明。","保留RR_FIRST/真实当前测量/全12；确证基线问题：役龄可由纯空间准备借给首次减载；承载范数曾含水平反作用。","独立准备/transfer时钟，unknown load令role invalid；新版current-pose/接触承载共用修复。","安全有效观测即允许全12；推进需当前transfer_ready_FR或已合法下游过程；无必须FR自身先动/receiver AIR。","实测transfer_ready_FR；已Q且非ground的合法连续过程可接管，不以nominal13.267s结束为完成。role谓词对已placed事件也返回1，表示准备已履行，不证明当前承载。","world XY方向；0.5s滑窗、真实transfer独立成熟≥1/15s；motion 0.001m、velocity 0.005m/s、load drop scale0.02；实际其他支持≥2（非固定组合），卸载≤0.20，force floor0.2N。","原30s；当前 allowance=min(10s,0.5×原limit)×clip(goal_progress)^2，上界40s且总200s。非净速度证明/非renewable timer；超限true terminal；6s/.01 stall仅诊断。","同一global Phi/PBRS；gamma=.9985每15Hz action一次，cost按120Hz实际dt；ordinary phase非done不清历史；真终止Phi_next=0、不bootstrap；372布局不变。 角色prepared/transfer/motion及独立transfer成熟度由现有48列暴露；无新阶段奖金。","P02继续FR knee，同时P01未完成RL hip/前送仍可运行。","早：单帧低载/未知bearing不得通过；晚：全身已带起FR不要求重新落地准备。","正：空间成熟后新的持续减载独立8tick成熟；反：空间成熟+首次drop当tick仍transfer0。","C:/robotics_sim/wlr_robot/fsm_base_on_recording_ppo_phase_v1/tests/unit/test_semantic_transfer_response_maturity.py（25项PASS，CPU旧measurement+新tracker隔离）；C:/robotics_sim/wlr_robot/fsm_base_on_recording_ppo_phase_v1/tests/unit/test_semantic_all_stage_physical_acceptance.py（31项PASS）；C:/robotics_sim/wlr_robot/fsm_base_on_recording_ppo_phase_v1/tests/unit/test_all_stage_nominal_transitions.py（71项PASS含全12handoff）；仅有限合成证据","B2 snapshot retained: B2_DIAGNOSTIC_OBSERVED: 2 decisions; runtime 2f942e824f82; a8b1484 PPO coverage unverified | BLOCK1 a8b148463115: 9 optimized decisions/72 recorded ticks; C_REAL_TRAINING_OBSERVED | CUMULATIVE_BLOCKS1_3 a8: 9 optimized decisions/72 recorded ticks; C_REAL_TRAINING_OBSERVED","B2 snapshot retained: B2_STAGE_GUARD_RECORDED_SATISFIED @tick16: {""transfer_ready_FR"":1}; not whole-task success | BLOCK1_AT_LEAST_ONE_RECORDED_STAGE_GUARD_COMPLETION; not whole-task success | AT_LEAST_ONE_RECORDED_STAGE_GUARD_COMPLETION in Block1; not full-task success","实际载荷/净空/下游动力学未证；记录中的proxy与全身命令响应并非因果证明，不能据CPU称成功","B2 snapshot retained: CODE_REVIEWED; SYNTHETIC_CPU_TESTED（限定列明范围）; B2_REAL_DIAGNOSTIC_RECORDED（2f942e824f82，非PPO，仅所列事件/守卫/控制汇总）; a8b1484未据此验证，非完全同版本配对 | BLOCK1: REAL_C_PPO_SAMPLED（保存优化边界内，阶段守卫/事件与全任务成功分开）; independent whole-task success not established | CUMULATIVE_BLOCKS1_3: REAL_C_PPO_SAMPLED; logged guard/history only; saved140032, not task-success proof","C:/robotics_sim/wlr_robot/fsm_base_on_recording_ppo_phase_v1/configs/ppo_all_stage_acceptance_v1/stage_task_spec.yaml; C:/robotics_sim/wlr_robot/fsm_base_on_recording_ppo_phase_v1/src/wlr50_clean/ppo/semantic_supervisor.py#TaskStageSupervisor/TaskEvaluator; C:/robotics_sim/wlr_robot/fsm_base_on_recording_ppo_phase_v1/configs/ppo_all_stage_acceptance_v1/execution_profile.yaml; C:/robotics_sim/wlr_robot/fsm_base_on_recording_ppo_phase_v1/src/wlr50_clean/ppo/semantic_transfer_roles.py"
"P02","Lift FR with clearance and approach","physical_valid","lifted_FR; clear_FR; approach_FR","主动FR抬升与可捕获前缘接近，避免远处提前下落，也不拒绝先进合法状态。","全12 mask=1；caps canonical servos°[18,24,18,24,12,18,12,18]; wheels rad/s[.6,.6,.6,.6]；tanh→request slew60°/s,1.8rad/s²→单mapper→g→2°headroom→原hard/final1.25°/tick；无phase零化。","initial≠qualified≠cross≠placed；历史不代替当前支撑；实际面/反作用/竖直承载分账；恢复质量不代替任务结果。","保留RR_FIRST/真实当前测量/全12；确证基线问题：旧approach窄域无显式对称测量容差；已合法cross/placed可能被旧upper/clear拒绝。","approach采用±5mm对称容差；当前合法advanced crossing/capture不退回旧域、不补第二跳；early TOP主动过程替代唯一AIR-above-top模板。","全12持续开放；已合法cross/placed且非ground、AIR/TOP当前空间有效也可开始/继续，历史单独不够。","Q+clear+approach；新advanced分支只承认当前可用越沿/捕获，未证据跨沿仍pending。","approach world center-front[-0.010,0.105]m；普通clear≥0.015m；已cross/placed且withinXY、TOP或AIR gap≥0可承接；全身command变化≥0.1°或tracking error≥0.5°；实测全身joint累计≥2°或gravity方向变化≥0.02；initial上升≥0.003m，Q≥0.008m，AIR≥2tick或可靠early TOP；near-front[-0.40,0.15]m。","原15s；当前 allowance=min(10s,0.5×原limit)×clip(goal_progress)^2，上界22.5s且总200s。非净速度证明/非renewable timer；超限true terminal；6s/.01 stall仅诊断。","同一global Phi/PBRS；gamma=.9985每15Hz action一次，cost按120Hz实际dt；ordinary phase非done不清历史；真终止Phi_next=0、不bootstrap；372布局不变。 角色prepared/transfer/motion及独立transfer成熟度由现有48列暴露；无新阶段奖金。","P03的FL knee/RL hip及协同wheel在FR尚未placed时开放。","早：前缘远处不能只凭source时间进P03；晚：合法TOP捕获不再强求15mm再跳。","正：front−0.009m与+0.104m纳入已声明容差；反：−0.010001/+0.106外不凭舍入完成。","C:/robotics_sim/wlr_robot/fsm_base_on_recording_ppo_phase_v1/tests/unit/test_semantic_all_stage_physical_acceptance.py（31项PASS，四腿earlyTOP/未知Q/面/机身/post）；C:/robotics_sim/wlr_robot/fsm_base_on_recording_ppo_phase_v1/tests/unit/test_all_stage_supervisor_contract.py（源已读，单独执行回执由主线程汇总）；无本版实测","B2 snapshot retained: B2_DIAGNOSTIC_OBSERVED: 182 decisions; runtime 2f942e824f82; a8b1484 PPO coverage unverified | BLOCK1 a8b148463115: 450 optimized decisions/3600 recorded ticks; C_REAL_TRAINING_OBSERVED | CUMULATIVE_BLOCKS1_3 a8: 450 optimized decisions/3600 recorded ticks; C_REAL_TRAINING_OBSERVED","B2 snapshot retained: B2_STAGE_GUARD_RECORDED_SATISFIED @tick1472: {""lifted_FR"":1,""clear_FR"":1,""approach_FR"":1}; not whole-task success | BLOCK1_AT_LEAST_ONE_RECORDED_STAGE_GUARD_COMPLETION; not whole-task success | AT_LEAST_ONE_RECORDED_STAGE_GUARD_COMPLETION in Block1; current-PPO FR Q/C/P recorded","实际载荷/净空/下游动力学未证；记录中的proxy与全身命令响应并非因果证明，不能据CPU称成功","B2 snapshot retained: CODE_REVIEWED; SYNTHETIC_CPU_TESTED（限定列明范围）; B2_REAL_DIAGNOSTIC_RECORDED（2f942e824f82，非PPO，仅所列事件/守卫/控制汇总）; a8b1484未据此验证，非完全同版本配对 | BLOCK1: REAL_C_PPO_SAMPLED（保存优化边界内，阶段守卫/事件与全任务成功分开）; independent whole-task success not established | CUMULATIVE_BLOCKS1_3: REAL_C_PPO_SAMPLED; logged guard/history only; saved140032, not task-success proof","C:/robotics_sim/wlr_robot/fsm_base_on_recording_ppo_phase_v1/configs/ppo_all_stage_acceptance_v1/stage_task_spec.yaml; C:/robotics_sim/wlr_robot/fsm_base_on_recording_ppo_phase_v1/src/wlr50_clean/ppo/semantic_supervisor.py#TaskStageSupervisor/TaskEvaluator; C:/robotics_sim/wlr_robot/fsm_base_on_recording_ppo_phase_v1/configs/ppo_all_stage_acceptance_v1/execution_profile.yaml; C:/robotics_sim/wlr_robot/fsm_base_on_recording_ppo_phase_v1/src/wlr50_clean/ppo/semantic_physical_sensing.py"
"P03","Actively cross and place FR","physical_valid; lifted_FR","placed_FR","FR主动越沿后真实顶部捕获，为FL准备提供已发生事件及当前接触。","全12 mask=1；caps canonical servos°[18,24,18,24,12,18,12,18]; wheels rad/s[1,.6,1,.6]；tanh→request slew60°/s,1.8rad/s²→单mapper→g→2°headroom→原hard/final1.25°/tick；无phase零化。","initial≠qualified≠cross≠placed；历史不代替当前支撑；实际面/反作用/竖直承载分账；恢复质量不代替任务结果。","保留RR_FIRST/真实当前测量/全12；确证基线问题：旧FL−0.79/RL+0.61rad/s超各±0.6取消域；缺旧Q曾直接wheel-only；旧P02仍可能覆盖已得捕获。","P03 FL/RL wheel caps→1.0并最小非缩延续；全身early TOP/正证wheel-only分层；捕获后仅退役先前owner的FR pair。","Q有效或已合法先进捕获；动作不要求placed才开；缺测量不算成功/确定wheel-only。","Q+轮心越沿+verified TOP连续2tick→placed_FR；top/current bearing与历史分别记录。","轮心world x≥front；Q与当前AIR(bottom≥top)或verified TOP、XY容差0.005m；真实TOP≥2tick后placed；TOP点距面≤0.005m且Fz≥0.2N、Fz>水平力；未知面不补证。 原hip/knee硬限及2°headroom不变。","原20s；当前 allowance=min(10s,0.5×原limit)×clip(goal_progress)^2，上界30s且总200s。非净速度证明/非renewable timer；超限true terminal；6s/.01 stall仅诊断。","同一global Phi/PBRS；gamma=.9985每15Hz action一次，cost按120Hz实际dt；ordinary phase非done不清历史；真终止Phi_next=0、不bootstrap；372布局不变。 角色prepared/transfer/motion及独立transfer成熟度由现有48列暴露；无新阶段奖金。","P04可利用FR接触，旧FR swing建议不无条件拆除新捕获；后续合法owner仍可重开。","早：只有碰墙/缺点不可置placed；晚：早TOP后多个接触tick再轮心越线可接受。","正：有限raw可使−0.79/+0.61建议抵消至0及反向±0.02；反：旧cap仍展示取消不可达。","C:/robotics_sim/wlr_robot/fsm_base_on_recording_ppo_phase_v1/tests/unit/test_all_stage_nominal_transitions.py（最终71项PASS，非旧trial01另加）；C:/robotics_sim/wlr_robot/fsm_base_on_recording_ppo_phase_v1/tests/unit/test_semantic_all_stage_physical_acceptance.py（31项PASS）；非物理成功","B2 snapshot retained: B2_DIAGNOSTIC_OBSERVED: 4 decisions; runtime 2f942e824f82; a8b1484 PPO coverage unverified | BLOCK1 a8b148463115: 22 optimized decisions/176 recorded ticks; C_REAL_TRAINING_OBSERVED | CUMULATIVE_BLOCKS1_3 a8: 22 optimized decisions/176 recorded ticks; C_REAL_TRAINING_OBSERVED","B2 snapshot retained: B2_STAGE_GUARD_RECORDED_SATISFIED @tick1504: {""placed_FR"":1}; not whole-task success | BLOCK1_AT_LEAST_ONE_RECORDED_STAGE_GUARD_COMPLETION; not whole-task success | AT_LEAST_ONE_RECORDED_STAGE_GUARD_COMPLETION; FR current-PPO P=4, not current-support persistence","前腿未接后腿nominal world-down g；nominal保持不等于实测q保持；PPO真实协调/动力学未证","B2 snapshot retained: CODE_REVIEWED; SYNTHETIC_CPU_TESTED（限定列明范围）; B2_REAL_DIAGNOSTIC_RECORDED（2f942e824f82，非PPO，仅所列事件/守卫/控制汇总）; a8b1484未据此验证，非完全同版本配对 | BLOCK1: REAL_C_PPO_SAMPLED（保存优化边界内，阶段守卫/事件与全任务成功分开）; independent whole-task success not established | CUMULATIVE_BLOCKS1_3: REAL_C_PPO_SAMPLED; logged guard/history only; saved140032, not task-success proof","C:/robotics_sim/wlr_robot/fsm_base_on_recording_ppo_phase_v1/configs/ppo_all_stage_acceptance_v1/stage_task_spec.yaml; C:/robotics_sim/wlr_robot/fsm_base_on_recording_ppo_phase_v1/src/wlr50_clean/ppo/semantic_supervisor.py#TaskStageSupervisor/TaskEvaluator; C:/robotics_sim/wlr_robot/fsm_base_on_recording_ppo_phase_v1/configs/ppo_all_stage_acceptance_v1/execution_profile.yaml; C:/robotics_sim/wlr_robot/fsm_base_on_recording_ppo_phase_v1/src/wlr50_clean/ppo/semantic_physical_sensing.py"
"P04","Reconfigure current FR support toward RR side for first FL swing","physical_valid; placed_FR","edge_proximity_FL; role_prepared_FL","FR完成后朝RR接收侧准备FL首摆；不要求FL先AIR或FR永远承载。","全12 mask=1；caps canonical servos°[18,24,18,24,12,18,12,18]; wheels rad/s[1,.6,1,.6]；tanh→request slew60°/s,1.8rad/s²→单mapper→g→2°headroom→原hard/final1.25°/tick；无phase零化。","动态承载看verified竖直力/current contact；placed为事件账本，AIR不承载；receiver空间为几何/关节余量proxy，不是假CoM/FK证明。","保留RR_FIRST/真实当前测量/全12；确证基线问题：history FR placed不等于current FR support；空间收缩只可做准备，不可直接当载荷转移。","共用面/承载有效性和独立准备时钟；advanced过程接管；继承P03增大的FL/RL取消域。","FR事件已placed的有效环境；实际载荷与桥接逐tick观测；已合法FL运动可连续，当前receiver无需固定支撑模板。","edge_FL+role_prepared_FL，或已Q合法后续过程连续接管；不是唯一角度/名义计时。已placed历史可短路role谓词，但edge及当前support仍另验。","wheel center world x−front∈[-0.225,0.065]m，来自原[-0.22,0.06]±0.005m；lateral ROI同±0.005m。 world XY方向；0.5s滑窗、真实transfer独立成熟≥1/15s；motion 0.001m、velocity 0.005m/s、load drop scale0.02；实际其他支持≥2（非固定组合），卸载≤0.20，force floor0.2N。","原20s；当前 allowance=min(10s,0.5×原limit)×clip(goal_progress)^2，上界30s且总200s。非净速度证明/非renewable timer；超限true terminal；6s/.01 stall仅诊断。","同一global Phi/PBRS；gamma=.9985每15Hz action一次，cost按120Hz实际dt；ordinary phase非done不清历史；真终止Phi_next=0、不bootstrap；372布局不变。 角色prepared/transfer/motion及独立transfer成熟度由现有48列暴露；无新阶段奖金。","P05先接FL knee、后hip/wheels；未完成P04 RL调整继续一次，不回灌旧anchor。","早：FR仅历史而当前AIR不可写作承载；晚：FL自然离地不强制回地复做准备。","正：receiver RR仍ground也能测得准备；反：receiver自己移动但全身CoM未动，只报告space而非CoM transfer。","C:/robotics_sim/wlr_robot/fsm_base_on_recording_ppo_phase_v1/tests/unit/test_semantic_transfer_response_maturity.py（25项PASS，CPU旧measurement+新tracker隔离）；C:/robotics_sim/wlr_robot/fsm_base_on_recording_ppo_phase_v1/tests/unit/test_semantic_all_stage_physical_acceptance.py（31项PASS）；C:/robotics_sim/wlr_robot/fsm_base_on_recording_ppo_phase_v1/tests/unit/test_all_stage_nominal_transitions.py（71项PASS含全12handoff）；仅有限合成证据","B2 snapshot retained: B2_DIAGNOSTIC_OBSERVED: 1 decisions; runtime 2f942e824f82; a8b1484 PPO coverage unverified | BLOCK1 a8b148463115: 10 optimized decisions/80 recorded ticks; C_REAL_TRAINING_OBSERVED | CUMULATIVE_BLOCKS1_3 a8: 10 optimized decisions/80 recorded ticks; C_REAL_TRAINING_OBSERVED","B2 snapshot retained: B2_STAGE_GUARD_RECORDED_SATISFIED @tick1512: {""edge_proximity_FL"":1,""role_prepared_FL"":1}; not whole-task success | BLOCK1_AT_LEAST_ONE_RECORDED_STAGE_GUARD_COMPLETION; not whole-task success | AT_LEAST_ONE_RECORDED_STAGE_GUARD_COMPLETION in Block1; no whole-task success","实际载荷/净空/下游动力学未证；记录中的proxy与全身命令响应并非因果证明，不能据CPU称成功","B2 snapshot retained: CODE_REVIEWED; SYNTHETIC_CPU_TESTED（限定列明范围）; B2_REAL_DIAGNOSTIC_RECORDED（2f942e824f82，非PPO，仅所列事件/守卫/控制汇总）; a8b1484未据此验证，非完全同版本配对 | BLOCK1: REAL_C_PPO_SAMPLED（保存优化边界内，阶段守卫/事件与全任务成功分开）; independent whole-task success not established | CUMULATIVE_BLOCKS1_3: REAL_C_PPO_SAMPLED; logged guard/history only; saved140032, not task-success proof","C:/robotics_sim/wlr_robot/fsm_base_on_recording_ppo_phase_v1/configs/ppo_all_stage_acceptance_v1/stage_task_spec.yaml; C:/robotics_sim/wlr_robot/fsm_base_on_recording_ppo_phase_v1/src/wlr50_clean/ppo/semantic_supervisor.py#TaskStageSupervisor/TaskEvaluator; C:/robotics_sim/wlr_robot/fsm_base_on_recording_ppo_phase_v1/configs/ppo_all_stage_acceptance_v1/execution_profile.yaml; C:/robotics_sim/wlr_robot/fsm_base_on_recording_ppo_phase_v1/src/wlr50_clean/ppo/semantic_transfer_roles.py"
"P05","First FL swing and continuous pending capture including wheel cooperation","physical_valid; placed_FR","placed_FL","FL首摆/主动越沿/接触捕获与轮行可重叠，不能先placed才提供捕获动作。","全12 mask=1；caps canonical servos°[18,24,18,24,12,18,12,18]; wheels rad/s[1,.6,1,.6]；tanh→request slew60°/s,1.8rad/s²→单mapper→g→2°headroom→原hard/final1.25°/tick；无phase零化。","initial≠qualified≠cross≠placed；历史不代替当前支撑；实际面/反作用/竖直承载分账；恢复质量不代替任务结果。","保留RR_FIRST/真实当前测量/全12；确证基线问题：已确认pending_capture .3解开旧先placed后开轮依赖；尚有早捕获后旧P05 servo后续目标覆盖问题。","保留未placed时+.3协作；真实capture到达后退役原FL hip/knee owner；new swing仅当前合法capture可抑制重复目标pair，不禁后续P07开空间。","FR历史placed且有效；FL已AIR/Q/C可继承；1/2真实TOP样本仍是待捕获，不当作placed。","全身合法主动过程+cross+2 TOP→placed_FL；真正ground前沿回落撤销尝试，其他腿历史不清。","全身command变化≥0.1°或tracking error≥0.5°；实测全身joint累计≥2°或gravity方向变化≥0.02；initial上升≥0.003m，Q≥0.008m，AIR≥2tick或可靠early TOP；near-front[-0.40,0.15]m。 轮心world x≥front；Q与当前AIR(bottom≥top)或verified TOP、XY容差0.005m；真实TOP≥2tick后placed；TOP点距面≤0.005m且Fz≥0.2N、Fz>水平力；未知面不补证。","原30s；当前 allowance=min(10s,0.5×原limit)×clip(goal_progress)^2，上界40s且总200s。非净速度证明/非renewable timer；超限true terminal；6s/.01 stall仅诊断。","同一global Phi/PBRS；gamma=.9985每15Hz action一次，cost按120Hz实际dt；ordinary phase非done不清历史；真终止Phi_next=0、不bootstrap；372布局不变。 角色prepared/transfer/motion及独立transfer成熟度由现有48列暴露；无新阶段奖金。","P06只接wheel；FL捕获的当前nominal保持，P07以后新owner可重新开FL空间。","早：FL AIR不能填support/placed；晚：首TOP1/2不中断pending_capture协作；capture后不再继续旧摆腿源拆支撑。","正：首TOP1/2仍轮行并最终真实placed；反：历史placed但ground/outside/负gap AIR不能跳过新目标pair。","C:/robotics_sim/wlr_robot/fsm_base_on_recording_ppo_phase_v1/tests/unit/test_all_stage_nominal_transitions.py（最终71项PASS，非旧trial01另加）；C:/robotics_sim/wlr_robot/fsm_base_on_recording_ppo_phase_v1/tests/unit/test_semantic_all_stage_physical_acceptance.py（31项PASS）；非物理成功","B2 snapshot retained: B2_DIAGNOSTIC_OBSERVED: 146 decisions; runtime 2f942e824f82; a8b1484 PPO coverage unverified | BLOCK1 a8b148463115: 286 optimized decisions/2281 recorded ticks; C_REAL_TRAINING_OBSERVED | CUMULATIVE_BLOCKS1_3 a8: 286 optimized decisions/2281 recorded ticks; C_REAL_TRAINING_OBSERVED","B2 snapshot retained: B2_STAGE_GUARD_RECORDED_SATISFIED @tick2680: {""placed_FL"":1}; not whole-task success | BLOCK1_AT_LEAST_ONE_RECORDED_STAGE_GUARD_COMPLETION; not whole-task success | AT_LEAST_ONE_RECORDED_STAGE_GUARD_COMPLETION; FL current-PPO P=3; prefix P excluded","前腿未接后腿nominal world-down g；nominal保持不等于实测q保持；PPO真实协调/动力学未证","B2 snapshot retained: CODE_REVIEWED; SYNTHETIC_CPU_TESTED（限定列明范围）; B2_REAL_DIAGNOSTIC_RECORDED（2f942e824f82，非PPO，仅所列事件/守卫/控制汇总）; a8b1484未据此验证，非完全同版本配对 | BLOCK1: REAL_C_PPO_SAMPLED（保存优化边界内，阶段守卫/事件与全任务成功分开）; independent whole-task success not established | CUMULATIVE_BLOCKS1_3: REAL_C_PPO_SAMPLED; logged guard/history only; saved140032, not task-success proof","C:/robotics_sim/wlr_robot/fsm_base_on_recording_ppo_phase_v1/configs/ppo_all_stage_acceptance_v1/stage_task_spec.yaml; C:/robotics_sim/wlr_robot/fsm_base_on_recording_ppo_phase_v1/src/wlr50_clean/ppo/semantic_supervisor.py#TaskStageSupervisor/TaskEvaluator; C:/robotics_sim/wlr_robot/fsm_base_on_recording_ppo_phase_v1/configs/ppo_all_stage_acceptance_v1/execution_profile.yaml; C:/robotics_sim/wlr_robot/fsm_base_on_recording_ppo_phase_v1/src/wlr50_clean/ppo/semantic_physical_sensing.py"
"P06","Rear approach overlapping FL receiving space and bridge shaping","physical_valid; placed_FR; placed_FL","rear_approach","前腿事件后前送两后腿，同时FL接收空间与桥接准备可重叠。","全12 mask=1；caps canonical servos°[32,36,24,112,24,36,24,36]; wheels rad/s[1.2,1.2,1,.6]；tanh→request slew60°/s,1.8rad/s²→单mapper→g→2°headroom→原hard/final1.25°/tick；无phase零化。","动态承载看verified竖直力/current contact；placed为事件账本，AIR不承载；receiver空间为几何/关节余量proxy，不是假CoM/FK证明。","保留RR_FIRST/真实当前测量/全12；确证基线问题：旧P06 peak退役一旦到区便不可因回退恢复；有限source已有tail，不是25.533s必断轮。","仅真实P06 own wheel gain用当前距离1−fraction恢复；peak只诊断；原source tail/后owner/slew/terminal优先保留。","FR/FL placed历史成立的有效环境；实际支撑另测；不要求P07/08先完成才给全身/轮动作。","rear_approach=两后轮当前edge目标；已有合法RR Q且非ground过程可连续接管，不制造edge测量。","wheel center world x−front∈[-0.225,0.065]m，来自原[-0.22,0.06]±0.005m；lateral ROI同±0.005m。 P06 nominal退役实际两后轮最小front在[-0.22,-0.215]m线性；原+.3rad/s。","原40s；当前 allowance=min(10s,0.5×原limit)×clip(goal_progress)^2，上界50s且总200s。非净速度证明/非renewable timer；超限true terminal；6s/.01 stall仅诊断。","同一global Phi/PBRS；gamma=.9985每15Hz action一次，cost按120Hz实际dt；ordinary phase非done不清历史；真终止Phi_next=0、不bootstrap；372布局不变。 角色prepared/transfer/motion及独立transfer成熟度由现有48列暴露；无新阶段奖金。","P07继续FL开空间、FR knee/wheel，P06不能覆盖其新owner；PPO全部wheel仍可反向。","早：短暂进区不表示当前已达；晚：回退后current gain恢复、不重建历史P06层。","正：finite endpoint前后回退恢复同一+.3贡献；反：FR later owner−.63不能被恢复的P06+.3覆盖。","C:/robotics_sim/wlr_robot/fsm_base_on_recording_ppo_phase_v1/tests/unit/test_all_stage_nominal_transitions.py（最终71项PASS，非旧trial01另加）；C:/robotics_sim/wlr_robot/fsm_base_on_recording_ppo_phase_v1/tests/unit/test_semantic_all_stage_physical_acceptance.py（31项PASS）；非物理成功","B2 snapshot retained: B2_DIAGNOSTIC_OBSERVED: 330 decisions; runtime 2f942e824f82; a8b1484 PPO coverage unverified | BLOCK1 a8b148463115: 247 optimized decisions/1968 recorded ticks; C_REAL_TRAINING_OBSERVED | CUMULATIVE_BLOCKS1_3 a8: 610 optimized decisions/4872 recorded ticks; C_REAL_TRAINING_OBSERVED","B2 snapshot retained: B2_STAGE_GUARD_RECORDED_SATISFIED @tick5320: {""rear_approach"":1}; not whole-task success | BLOCK1_NOT_COMPLETED: two P06 FALL episodes plus nonterminal P06 tail; rear_approach=0 at these ends | RECORDED_ADVANCEMENT P06→P07=2; may use qualified takeover, not proof all original workspace/preparation goals simultaneously complete","恢复的是同一P06有界建议，不重演prefix；新owner仍优先，实际前送效果未证","B2 snapshot retained: CODE_REVIEWED; SYNTHETIC_CPU_TESTED（限定列明范围）; B2_REAL_DIAGNOSTIC_RECORDED（2f942e824f82，非PPO，仅所列事件/守卫/控制汇总）; a8b1484未据此验证，非完全同版本配对 | BLOCK1: REAL_C_PPO_SAMPLED（保存优化边界内，阶段守卫/事件与全任务成功分开）; independent whole-task success not established | CUMULATIVE_BLOCKS1_3: REAL_C_PPO_SAMPLED; logged guard/history only; saved140032, not task-success proof","C:/robotics_sim/wlr_robot/fsm_base_on_recording_ppo_phase_v1/configs/ppo_all_stage_acceptance_v1/stage_task_spec.yaml; C:/robotics_sim/wlr_robot/fsm_base_on_recording_ppo_phase_v1/src/wlr50_clean/ppo/semantic_supervisor.py#TaskStageSupervisor/TaskEvaluator; C:/robotics_sim/wlr_robot/fsm_base_on_recording_ppo_phase_v1/configs/ppo_all_stage_acceptance_v1/execution_profile.yaml; C:/robotics_sim/wlr_robot/fsm_base_on_recording_ppo_phase_v1/src/wlr50_clean/ppo/semantic_physical_sensing.py"
"P07","Create FL receiving space and measured RR preparation with live bridges","physical_valid; placed_FR; placed_FL","edge_proximity_RR; edge_proximity_RL; role_prepared_RR","RR→FL接收侧空间与FR/RL等实际桥接准备；允许FL AIR。","全12 mask=1；caps canonical servos°[32,36,24,112,24,36,24,36]; wheels rad/s[1.2,1.2,1,.6]；tanh→request slew60°/s,1.8rad/s²→单mapper→g→2°headroom→原hard/final1.25°/tick；无phase零化。","动态承载看verified竖直力/current contact；placed为事件账本，AIR不承载；receiver空间为几何/关节余量proxy，不是假CoM/FK证明。","保留RR_FIRST/真实当前测量/全12；确证基线问题：准备可满足proxy，不等于完成transfer；旧FL hip temporal authority已在先前版窄改，仍须区分名义/实际。","保留FL hip60°/s与cap32；共用准备/transfer分时、bearing validity；advanced合法RR过程直接接续。","两个前腿历史完成且有效；当前任意合适支持组合，receiver FL无需永久承载/先AIR。","两rear edge+role_prepared_RR，或合法已Q下游动作；短P07不表示源层动作已完。已placed历史可短路role谓词，不代表当前支撑。","wheel center world x−front∈[-0.225,0.065]m，来自原[-0.22,0.06]±0.005m；lateral ROI同±0.005m。 world XY方向；0.5s滑窗、真实transfer独立成熟≥1/15s；motion 0.001m、velocity 0.005m/s、load drop scale0.02；实际其他支持≥2（非固定组合），卸载≤0.20，force floor0.2N。","原15s；当前 allowance=min(10s,0.5×原limit)×clip(goal_progress)^2，上界22.5s且总200s。非净速度证明/非renewable timer；超限true terminal；6s/.01 stall仅诊断。","同一global Phi/PBRS；gamma=.9985每15Hz action一次，cost按120Hz实际dt；ordinary phase非done不清历史；真终止Phi_next=0、不bootstrap；372布局不变。 角色prepared/transfer/motion及独立transfer成熟度由现有48列暴露；无新阶段奖金。","P08仅新RL hip，P07 FL/FR/FRwheel仍继续；同一个mapper及previous REQUEST保留。","早：edge+空间proxy不能冒称transfer完成；晚：RR已真实有效AIR不要求先静止/复做敲击。","正：FL AIR而FR/RL实际支持可准备；反：current FL AIR不能因历史placed填support。","C:/robotics_sim/wlr_robot/fsm_base_on_recording_ppo_phase_v1/tests/unit/test_semantic_transfer_response_maturity.py（25项PASS，CPU旧measurement+新tracker隔离）；C:/robotics_sim/wlr_robot/fsm_base_on_recording_ppo_phase_v1/tests/unit/test_semantic_all_stage_physical_acceptance.py（31项PASS）；C:/robotics_sim/wlr_robot/fsm_base_on_recording_ppo_phase_v1/tests/unit/test_all_stage_nominal_transitions.py（71项PASS含全12handoff）；仅有限合成证据","B2 snapshot retained: B2_DIAGNOSTIC_OBSERVED: 1 decisions; runtime 2f942e824f82; a8b1484 PPO coverage unverified | BLOCK1 a8b148463115: 0 optimized decisions/0 recorded ticks; C_NOT_VISITED | CUMULATIVE_BLOCKS1_3 a8: 7 optimized decisions/56 recorded ticks; C_REAL_TRAINING_OBSERVED","B2 snapshot retained: B2_STAGE_GUARD_RECORDED_SATISFIED @tick5328: {""edge_proximity_RR"":1,""edge_proximity_RL"":1,""role_prepared_RR"":1}; not whole-task success | BLOCK1_UNVERIFIED_NOT_VISITED; no task quality inferred | RECORDED_ADVANCEMENT P07→P08=7; 5 starts inherit frozen-prefix preparation; not credited P06 or full rear-chain completion","实际载荷/净空/下游动力学未证；记录中的proxy与全身命令响应并非因果证明，不能据CPU称成功","B2 snapshot retained: CODE_REVIEWED; SYNTHETIC_CPU_TESTED（限定列明范围）; B2_REAL_DIAGNOSTIC_RECORDED（2f942e824f82，非PPO，仅所列事件/守卫/控制汇总）; a8b1484未据此验证，非完全同版本配对 | BLOCK1: C_PHYSICALLY_UNVERIFIED（未访问）; independent whole-task success not established | CUMULATIVE_BLOCKS1_3: REAL_C_PPO_SAMPLED; logged guard/history only; saved140032, not task-success proof","C:/robotics_sim/wlr_robot/fsm_base_on_recording_ppo_phase_v1/configs/ppo_all_stage_acceptance_v1/stage_task_spec.yaml; C:/robotics_sim/wlr_robot/fsm_base_on_recording_ppo_phase_v1/src/wlr50_clean/ppo/semantic_supervisor.py#TaskStageSupervisor/TaskEvaluator; C:/robotics_sim/wlr_robot/fsm_base_on_recording_ppo_phase_v1/configs/ppo_all_stage_acceptance_v1/execution_profile.yaml; C:/robotics_sim/wlr_robot/fsm_base_on_recording_ppo_phase_v1/src/wlr50_clean/ppo/semantic_transfer_roles.py"
"P08","Transfer load to permit RR lift","physical_valid; placed_FR; placed_FL","edge_proximity_RR; transfer_ready_RR","真实减载与全身响应形成RR初始摆动；不是固定FR knee/CoM中心条件。","全12 mask=1；caps canonical servos°[32,36,24,112,24,36,24,36]; wheels rad/s[1.2,1.2,1,.6]；tanh→request slew60°/s,1.8rad/s²→单mapper→g→2°headroom→原hard/final1.25°/tick；无phase零化。","动态承载看verified竖直力/current contact；placed为事件账本，AIR不承载；receiver空间为几何/关节余量proxy，不是假CoM/FK证明。","保留RR_FIRST/真实当前测量/全12；确证基线问题：旧空间准备借龄使首次新drop即时transfer_ready，已确证；低载placeholder也不可当卸载。","真实transfer独立≥1/15s成熟；unknown load invalid；准备不丢，372继续用continued_response表示transfer；不按phase重置。","有效前腿历史；RR已全身主动带起可直接承接，RR自身2°不是单独必需。","edge_RR+真实transfer_ready_RR或已Q合法连续过程；低载但无响应不可由标签完成。已placed事件可短路transfer谓词，当前support仍独立。","wheel center world x−front∈[-0.225,0.065]m，来自原[-0.22,0.06]±0.005m；lateral ROI同±0.005m。 world XY方向；0.5s滑窗、真实transfer独立成熟≥1/15s；motion 0.001m、velocity 0.005m/s、load drop scale0.02；实际其他支持≥2（非固定组合），卸载≤0.20，force floor0.2N。 全身command变化≥0.1°或tracking error≥0.5°；实测全身joint累计≥2°或gravity方向变化≥0.02；initial上升≥0.003m，Q≥0.008m，AIR≥2tick或可靠early TOP；near-front[-0.40,0.15]m。","原20s；当前 allowance=min(10s,0.5×原limit)×clip(goal_progress)^2，上界30s且总200s。非净速度证明/非renewable timer；超限true terminal；6s/.01 stall仅诊断。","同一global Phi/PBRS；gamma=.9985每15Hz action一次，cost按120Hz实际dt；ordinary phase非done不清历史；真终止Phi_next=0、不bootstrap；372布局不变。 角色prepared/transfer/motion及独立transfer成熟度由现有48列暴露；无新阶段奖金。","P09 RR hip/knee与carry接手，P07/P08未完支撑动作持续；不全轮zero/强制停稳。","早：瞬时drop/无效bearing不成熟；晚：已有有效运动不补历史膝回弹或标准重抬。","正：新drop后8个持续physics tick成熟；反：成熟空间窗口+drop首tick transfer0且preparation1。","C:/robotics_sim/wlr_robot/fsm_base_on_recording_ppo_phase_v1/tests/unit/test_semantic_transfer_response_maturity.py（25项PASS，CPU旧measurement+新tracker隔离）；C:/robotics_sim/wlr_robot/fsm_base_on_recording_ppo_phase_v1/tests/unit/test_semantic_all_stage_physical_acceptance.py（31项PASS）；C:/robotics_sim/wlr_robot/fsm_base_on_recording_ppo_phase_v1/tests/unit/test_all_stage_nominal_transitions.py（71项PASS含全12handoff）；仅有限合成证据","B2 snapshot retained: B2_DIAGNOSTIC_OBSERVED: 1 decisions; runtime 2f942e824f82; a8b1484 PPO coverage unverified | BLOCK1 a8b148463115: 0 optimized decisions/0 recorded ticks; C_NOT_VISITED | CUMULATIVE_BLOCKS1_3 a8: 33 optimized decisions/264 recorded ticks; C_REAL_TRAINING_OBSERVED","B2 snapshot retained: B2_STAGE_GUARD_RECORDED_SATISFIED @tick5336: {""edge_proximity_RR"":1,""transfer_ready_RR"":1}; not whole-task success | BLOCK1_UNVERIFIED_NOT_VISITED; no task quality inferred | RECORDED_ADVANCEMENT P08→P09=7; rear hard Q/C/P tracked separately; no RR C/P observed","实际载荷/净空/下游动力学未证；记录中的proxy与全身命令响应并非因果证明，不能据CPU称成功","B2 snapshot retained: CODE_REVIEWED; SYNTHETIC_CPU_TESTED（限定列明范围）; B2_REAL_DIAGNOSTIC_RECORDED（2f942e824f82，非PPO，仅所列事件/守卫/控制汇总）; a8b1484未据此验证，非完全同版本配对 | BLOCK1: C_PHYSICALLY_UNVERIFIED（未访问）; independent whole-task success not established | CUMULATIVE_BLOCKS1_3: REAL_C_PPO_SAMPLED; logged guard/history only; saved140032, not task-success proof","C:/robotics_sim/wlr_robot/fsm_base_on_recording_ppo_phase_v1/configs/ppo_all_stage_acceptance_v1/stage_task_spec.yaml; C:/robotics_sim/wlr_robot/fsm_base_on_recording_ppo_phase_v1/src/wlr50_clean/ppo/semantic_supervisor.py#TaskStageSupervisor/TaskEvaluator; C:/robotics_sim/wlr_robot/fsm_base_on_recording_ppo_phase_v1/configs/ppo_all_stage_acceptance_v1/execution_profile.yaml; C:/robotics_sim/wlr_robot/fsm_base_on_recording_ppo_phase_v1/src/wlr50_clean/ppo/semantic_transfer_roles.py"
"P09","Actively lift cross and place RR first","physical_valid; placed_FR; placed_FL","placed_RR","RR持续净空/前送/跨沿/真实捕获，不把初离地等同越障。","全12 mask=1；caps canonical servos°[32,36,24,112,24,36,24,36]; wheels rad/s[1.2,1.2,1,.6]；tanh→request slew60°/s,1.8rad/s²→单mapper→g→2°headroom→原hard/final1.25°/tick；无phase零化。","initial≠qualified≠cross≠placed；历史不代替当前支撑；实际面/反作用/竖直承载分账；恢复质量不代替任务结果。","保留RR_FIRST/真实当前测量/全12；确证基线问题：旧Q唯一模板/碰墙承载/缺点误分类及capture后旧owner续动存在缺口；nominal局部geometry不是物理保证。","新主动attempt AIR或early TOP路径；仅powered wall ascent正证判wheel-only；pose-aware bounds/面分层；真实RR捕获退役旧pair，后P10 knee可重开。","前腿事件有效；继承前驱RR initial/Q/速度和全身支撑，不要求历史entry姿态。","Q+当前cross geometry→C，真实TOP2→P；RR_FIRST保持；缺Q/不明面是pending/unverified非成功亦非确定违规。","全身command变化≥0.1°或tracking error≥0.5°；实测全身joint累计≥2°或gravity方向变化≥0.02；initial上升≥0.003m，Q≥0.008m，AIR≥2tick或可靠early TOP；near-front[-0.40,0.15]m。 轮心world x≥front；Q与当前AIR(bottom≥top)或verified TOP、XY容差0.005m；真实TOP≥2tick后placed；TOP点距面≤0.005m且Fz≥0.2N、Fz>水平力；未知面不补证。 rear nominal g仅当未placeXY等既有条件，以同tick J限制一阶下降；15mm margin不限制residual。","原30s；当前 allowance=min(10s,0.5×原limit)×clip(goal_progress)^2，上界40s且总200s。非净速度证明/非renewable timer；超限true terminal；6s/.01 stall仅诊断。","同一global Phi/PBRS；gamma=.9985每15Hz action一次，cost按120Hz实际dt；ordinary phase非done不清历史；真终止Phi_next=0、不bootstrap；372布局不变。 角色prepared/transfer/motion及独立transfer成熟度由现有48列暴露；无新阶段奖金。","P10利用当前RR实际状态而非只看placed；P09未完协作者继续，新RR knee owner不被永久冻结。","早：缺Q不能自行补成功；晚：early TOP链可跨线；ground前退回撤销尝试，不能强留旧AIR姿态。","正：四腿参数化whole-body early TOP合法；反：持续powered FRONT_WALL上升≥8mm且无joint demand才确证wheel-only。","C:/robotics_sim/wlr_robot/fsm_base_on_recording_ppo_phase_v1/tests/unit/test_semantic_all_stage_physical_acceptance.py（31项PASS，四腿earlyTOP/未知Q/面/机身/post）；C:/robotics_sim/wlr_robot/fsm_base_on_recording_ppo_phase_v1/tests/unit/test_all_stage_supervisor_contract.py（源已读，单独执行回执由主线程汇总）；无本版实测","B2 snapshot retained: B2_DIAGNOSTIC_OBSERVED: 233 decisions; runtime 2f942e824f82; a8b1484 PPO coverage unverified | BLOCK1 a8b148463115: 0 optimized decisions/0 recorded ticks; C_NOT_VISITED | CUMULATIVE_BLOCKS1_3 a8: 109 optimized decisions/851 recorded ticks; C_REAL_TRAINING_OBSERVED","B2 snapshot retained: B2_INCOMPLETE_AT_EXTERNAL_WINDOW: RR initial tick5909 only; hard qualified/crossed/placed absent; no internal terminal reason | BLOCK1_UNVERIFIED_NOT_VISITED; no task quality inferred | NOT_COMPLETED: 7 P09 terminal episodes across Blocks2–3; RR/RL no policy C/P; hard Q may be revoked","实际载荷/净空/下游动力学未证；记录中的proxy与全身命令响应并非因果证明，不能据CPU称成功","B2 snapshot retained: CODE_REVIEWED; SYNTHETIC_CPU_TESTED（限定列明范围）; B2_REAL_DIAGNOSTIC_RECORDED（2f942e824f82，非PPO，仅所列事件/守卫/控制汇总）; a8b1484未据此验证，非完全同版本配对 | BLOCK1: C_PHYSICALLY_UNVERIFIED（未访问）; independent whole-task success not established | CUMULATIVE_BLOCKS1_3: REAL_C_PPO_SAMPLED; logged guard/history only; saved140032, not task-success proof","C:/robotics_sim/wlr_robot/fsm_base_on_recording_ppo_phase_v1/configs/ppo_all_stage_acceptance_v1/stage_task_spec.yaml; C:/robotics_sim/wlr_robot/fsm_base_on_recording_ppo_phase_v1/src/wlr50_clean/ppo/semantic_supervisor.py#TaskStageSupervisor/TaskEvaluator; C:/robotics_sim/wlr_robot/fsm_base_on_recording_ppo_phase_v1/configs/ppo_all_stage_acceptance_v1/execution_profile.yaml; C:/robotics_sim/wlr_robot/fsm_base_on_recording_ppo_phase_v1/src/wlr50_clean/ppo/semantic_physical_sensing.py"
"P10","Check current RR support and open FR receiving space for RL","physical_valid; placed_FR; placed_FL; placed_RR","edge_proximity_RL; role_prepared_RL","RR后为RL→FR准备接收空间，FL/RR桥接是偏好不是永久承载名单。","全12 mask=1；caps canonical servos°[32,36,24,112,24,36,24,36]; wheels rad/s[1.2,1.2,1,.6]；tanh→request slew60°/s,1.8rad/s²→单mapper→g→2°headroom→原hard/final1.25°/tick；无phase零化。","动态承载看verified竖直力/current contact；placed为事件账本，AIR不承载；receiver空间为几何/关节余量proxy，不是假CoM/FK证明。","保留RR_FIRST/真实当前测量/全12；确证基线问题：已无旧RR knee/回弹entry门；旧RR history可能与当前ground/AIR不同，不能写成真实利用支撑。","共用承载与role validity，RR capture旧owner退役但本P10新knee可动；advanced RL入口不退回旧几何域。","FR/FL/RR历史placed且环境有效；当前接触/载荷另验，不要求原A rebound角速度。","edge_RL+role_prepared_RL或已Q合法RL过程；不是P10名义0.133s结束。已placed事件可短路role谓词，不是当前承载证明。","wheel center world x−front∈[-0.225,0.065]m，来自原[-0.22,0.06]±0.005m；lateral ROI同±0.005m。 world XY方向；0.5s滑窗、真实transfer独立成熟≥1/15s；motion 0.001m、velocity 0.005m/s、load drop scale0.02；实际其他支持≥2（非固定组合），卸载≤0.20，force floor0.2N。","原20s；当前 allowance=min(10s,0.5×原limit)×clip(goal_progress)^2，上界30s且总200s。非净速度证明/非renewable timer；超限true terminal；6s/.01 stall仅诊断。","同一global Phi/PBRS；gamma=.9985每15Hz action一次，cost按120Hz实际dt；ordinary phase非done不清历史；真终止Phi_next=0、不bootstrap；372布局不变。 角色prepared/transfer/motion及独立transfer成熟度由现有48列暴露；无新阶段奖金。","P11 FR hip开始新owner，P10 RR knee及前驱协作可继续；FR全12 residual在P10也已开放。","早：RR历史不补当前支持；晚：小回弹或不同RR姿态不能被旧gate拒绝。","正：RR历史但当前AIR被标非support，动作仍开放；反：重复把RR knee delta加两次不得通过目标继承测试。","C:/robotics_sim/wlr_robot/fsm_base_on_recording_ppo_phase_v1/tests/unit/test_semantic_transfer_response_maturity.py（25项PASS，CPU旧measurement+新tracker隔离）；C:/robotics_sim/wlr_robot/fsm_base_on_recording_ppo_phase_v1/tests/unit/test_semantic_all_stage_physical_acceptance.py（31项PASS）；C:/robotics_sim/wlr_robot/fsm_base_on_recording_ppo_phase_v1/tests/unit/test_all_stage_nominal_transitions.py（71项PASS含全12handoff）；仅有限合成证据","B2 snapshot retained: B2_NOT_VISITED: 0 diagnostic decisions; runtime 2f942e824f82; a8b1484 PPO coverage unverified | BLOCK1 a8b148463115: 0 optimized decisions/0 recorded ticks; C_NOT_VISITED | CUMULATIVE_BLOCKS1_3 a8: 0 optimized decisions/0 recorded ticks; C_NOT_VISITED","B2 snapshot retained: UNVERIFIED_NOT_VISITED_IN_B2; no task-completion evidence | BLOCK1_UNVERIFIED_NOT_VISITED; no task quality inferred | UNVERIFIED_NOT_VISITED","实际载荷/净空/下游动力学未证；记录中的proxy与全身命令响应并非因果证明，不能据CPU称成功","B2 snapshot retained: CODE_REVIEWED; SYNTHETIC_CPU_TESTED（限定列明范围）; B2_PHYSICALLY_UNVERIFIED（未访问）; a8b1484未据此验证，非完全同版本配对 | BLOCK1: C_PHYSICALLY_UNVERIFIED（未访问）; independent whole-task success not established | CUMULATIVE_BLOCKS1_3: UNVISITED_QUALITY_UNKNOWN; saved140032, not task-success proof","C:/robotics_sim/wlr_robot/fsm_base_on_recording_ppo_phase_v1/configs/ppo_all_stage_acceptance_v1/stage_task_spec.yaml; C:/robotics_sim/wlr_robot/fsm_base_on_recording_ppo_phase_v1/src/wlr50_clean/ppo/semantic_supervisor.py#TaskStageSupervisor/TaskEvaluator; C:/robotics_sim/wlr_robot/fsm_base_on_recording_ppo_phase_v1/configs/ppo_all_stage_acceptance_v1/execution_profile.yaml; C:/robotics_sim/wlr_robot/fsm_base_on_recording_ppo_phase_v1/src/wlr50_clean/ppo/semantic_transfer_roles.py"
"P11","Transfer load to permit RL lift","physical_valid; placed_FR; placed_FL; placed_RR","edge_proximity_RL; transfer_ready_RL","在真实当前载荷/全身运动下推进RL减载和初始摆动。","全12 mask=1；caps canonical servos°[32,36,24,112,24,36,24,36]; wheels rad/s[1.2,1.2,1,.6]；tanh→request slew60°/s,1.8rad/s²→单mapper→g→2°headroom→原hard/final1.25°/tick；无phase零化。","动态承载看verified竖直力/current contact；placed为事件账本，AIR不承载；receiver空间为几何/关节余量proxy，不是假CoM/FK证明。","保留RR_FIRST/真实当前测量/全12；确证基线问题：与P08同计时借龄；FR AIR既不能自动视作失败，也不能臆造承载。","独立当前transfer成熟、unknown load不可低载、同phase/handoff不中断；接收空间不冒充CoM转移。","RR_FIRST历史已满足且有效；FR可AIR，FL/RR等current桥接来源真实；RL已合法AIR直接继承。","edge_RL+transfer_ready_RL或合法advanced过程；不要求CoM居中/三腿永载/FR全接载。已placed事件可短路role谓词，不替代当前支撑/整体结果。","wheel center world x−front∈[-0.225,0.065]m，来自原[-0.22,0.06]±0.005m；lateral ROI同±0.005m。 world XY方向；0.5s滑窗、真实transfer独立成熟≥1/15s；motion 0.001m、velocity 0.005m/s、load drop scale0.02；实际其他支持≥2（非固定组合），卸载≤0.20，force floor0.2N。","原20s；当前 allowance=min(10s,0.5×原limit)×clip(goal_progress)^2，上界30s且总200s。非净速度证明/非renewable timer；超限true terminal；6s/.01 stall仅诊断。","同一global Phi/PBRS；gamma=.9985每15Hz action一次，cost按120Hz实际dt；ordinary phase非done不清历史；真终止Phi_next=0、不bootstrap；372布局不变。 角色prepared/transfer/motion及独立transfer成熟度由现有48列暴露；无新阶段奖金。","P12继承RL已有active过程与body速度，FR hip仍继续，不能强制重新做标准抬腿。","早：低载无净响应不能用旧年龄通过；晚：自然AIR/Q不重新落地/停稳。","正：已成熟真实定向CoM后再load drop可用；反：只有空间收缩成熟不能借龄新drop。","C:/robotics_sim/wlr_robot/fsm_base_on_recording_ppo_phase_v1/tests/unit/test_semantic_transfer_response_maturity.py（25项PASS，CPU旧measurement+新tracker隔离）；C:/robotics_sim/wlr_robot/fsm_base_on_recording_ppo_phase_v1/tests/unit/test_semantic_all_stage_physical_acceptance.py（31项PASS）；C:/robotics_sim/wlr_robot/fsm_base_on_recording_ppo_phase_v1/tests/unit/test_all_stage_nominal_transitions.py（71项PASS含全12handoff）；仅有限合成证据","B2 snapshot retained: B2_NOT_VISITED: 0 diagnostic decisions; runtime 2f942e824f82; a8b1484 PPO coverage unverified | BLOCK1 a8b148463115: 0 optimized decisions/0 recorded ticks; C_NOT_VISITED | CUMULATIVE_BLOCKS1_3 a8: 0 optimized decisions/0 recorded ticks; C_NOT_VISITED","B2 snapshot retained: UNVERIFIED_NOT_VISITED_IN_B2; no task-completion evidence | BLOCK1_UNVERIFIED_NOT_VISITED; no task quality inferred | UNVERIFIED_NOT_VISITED","实际载荷/净空/下游动力学未证；记录中的proxy与全身命令响应并非因果证明，不能据CPU称成功","B2 snapshot retained: CODE_REVIEWED; SYNTHETIC_CPU_TESTED（限定列明范围）; B2_PHYSICALLY_UNVERIFIED（未访问）; a8b1484未据此验证，非完全同版本配对 | BLOCK1: C_PHYSICALLY_UNVERIFIED（未访问）; independent whole-task success not established | CUMULATIVE_BLOCKS1_3: UNVISITED_QUALITY_UNKNOWN; saved140032, not task-success proof","C:/robotics_sim/wlr_robot/fsm_base_on_recording_ppo_phase_v1/configs/ppo_all_stage_acceptance_v1/stage_task_spec.yaml; C:/robotics_sim/wlr_robot/fsm_base_on_recording_ppo_phase_v1/src/wlr50_clean/ppo/semantic_supervisor.py#TaskStageSupervisor/TaskEvaluator; C:/robotics_sim/wlr_robot/fsm_base_on_recording_ppo_phase_v1/configs/ppo_all_stage_acceptance_v1/execution_profile.yaml; C:/robotics_sim/wlr_robot/fsm_base_on_recording_ppo_phase_v1/src/wlr50_clean/ppo/semantic_transfer_roles.py"
"P12","Actively lift cross and place RL second","physical_valid; placed_RR","placed_RL","RL合法第二后腿跨沿/捕获并维持整体可继续性，RR回退真实记录。","全12 mask=1；caps canonical servos°[32,36,24,112,24,36,24,36]; wheels rad/s[1.2,1.2,1,.6]；tanh→request slew60°/s,1.8rad/s²→单mapper→g→2°headroom→原hard/final1.25°/tick；无phase零化。","initial≠qualified≠cross≠placed；历史不代替当前支撑；实际面/反作用/竖直承载分账；恢复质量不代替任务结果。","保留RR_FIRST/真实当前测量/全12；确证基线问题：旧active模板/载荷面分类同四腿缺口；早RL捕获后计时源可继续拆捕获。","共用active/early TOP/verified bearing；RL已captured只退役旧目标pair，P13合法新owner仍可恢复；RR_FIRST不变。","RR已历史placed且有效；当前RR支持不由history补；RL已开始过程不复做姿态，需实际面/几何证据。","合法RL Q/C/2TOP→placed_RL；单P13标签不得补P；四腿当前位置支撑在全任务判据重核。","全身command变化≥0.1°或tracking error≥0.5°；实测全身joint累计≥2°或gravity方向变化≥0.02；initial上升≥0.003m，Q≥0.008m，AIR≥2tick或可靠early TOP；near-front[-0.40,0.15]m。 轮心world x≥front；Q与当前AIR(bottom≥top)或verified TOP、XY容差0.005m；真实TOP≥2tick后placed；TOP点距面≤0.005m且Fz≥0.2N、Fz>水平力；未知面不补证。","原30s；当前 allowance=min(10s,0.5×原limit)×clip(goal_progress)^2，上界40s且总200s。非净速度证明/非renewable timer；超限true terminal；6s/.01 stall仅诊断。","同一global Phi/PBRS；gamma=.9985每15Hz action一次，cost按120Hz实际dt；ordinary phase非done不清历史；真终止Phi_next=0、不bootstrap；372布局不变。 角色prepared/transfer/motion及独立transfer成熟度由现有48列暴露；无新阶段奖金。","P13首拍保history/REQUEST/nominal，不瞬时home/停轮；旧P12目标pair退役，P13恢复owner允许后到。","早：RL AIR/initial不是cross；晚：当前可靠early TOP不必恢复旧ballistic轨迹。","正：P12早capture不会永久锁后P13 owner；反：ground/outside或负gap AIR不能用历史capture跳过新swing。","C:/robotics_sim/wlr_robot/fsm_base_on_recording_ppo_phase_v1/tests/unit/test_semantic_all_stage_physical_acceptance.py（31项PASS，四腿earlyTOP/未知Q/面/机身/post）；C:/robotics_sim/wlr_robot/fsm_base_on_recording_ppo_phase_v1/tests/unit/test_all_stage_supervisor_contract.py（源已读，单独执行回执由主线程汇总）；无本版实测","B2 snapshot retained: B2_NOT_VISITED: 0 diagnostic decisions; runtime 2f942e824f82; a8b1484 PPO coverage unverified | BLOCK1 a8b148463115: 0 optimized decisions/0 recorded ticks; C_NOT_VISITED | CUMULATIVE_BLOCKS1_3 a8: 0 optimized decisions/0 recorded ticks; C_NOT_VISITED","B2 snapshot retained: UNVERIFIED_NOT_VISITED_IN_B2; no task-completion evidence | BLOCK1_UNVERIFIED_NOT_VISITED; no task quality inferred | UNVERIFIED_NOT_VISITED","实际载荷/净空/下游动力学未证；记录中的proxy与全身命令响应并非因果证明，不能据CPU称成功","B2 snapshot retained: CODE_REVIEWED; SYNTHETIC_CPU_TESTED（限定列明范围）; B2_PHYSICALLY_UNVERIFIED（未访问）; a8b1484未据此验证，非完全同版本配对 | BLOCK1: C_PHYSICALLY_UNVERIFIED（未访问）; independent whole-task success not established | CUMULATIVE_BLOCKS1_3: UNVISITED_QUALITY_UNKNOWN; saved140032, not task-success proof","C:/robotics_sim/wlr_robot/fsm_base_on_recording_ppo_phase_v1/configs/ppo_all_stage_acceptance_v1/stage_task_spec.yaml; C:/robotics_sim/wlr_robot/fsm_base_on_recording_ppo_phase_v1/src/wlr50_clean/ppo/semantic_supervisor.py#TaskStageSupervisor/TaskEvaluator; C:/robotics_sim/wlr_robot/fsm_base_on_recording_ppo_phase_v1/configs/ppo_all_stage_acceptance_v1/execution_profile.yaml; C:/robotics_sim/wlr_robot/fsm_base_on_recording_ppo_phase_v1/src/wlr50_clean/ppo/semantic_physical_sensing.py"
"P13","Complete whole-body traversal and controlled physical stop","physical_valid; placed_FR; placed_FL; placed_RR; placed_RL","whole_task_success（旧薄z层+原点前进+严格wheel/command/稳定时长复合）","区分越障事件、当前基本受控完成、严格恢复质量；完成后同episode有限观察防一帧掩盖退回。","全12 mask=1；caps canonical servos°[32,36,24,112,24,36,24,36]; wheels rad/s[1.2,1.2,1,.6]；tanh→request slew60°/s,1.8rad/s²→单mapper→g→2°headroom→原hard/final1.25°/tick；无phase零化。","initial≠qualified≠cross≠placed；历史不代替当前支撑；实际面/反作用/竖直承载分账；恢复质量不代替任务结果。","保留RR_FIRST/真实当前测量/全12；确证基线问题：旧body origin替身/薄z上界/command≤.02与基本任务混合，先milestone截尾会隐藏后续失稳。","真实body bounds平台区域；取消薄z上界/小command作为基本完成gate；event/current/strictquality分层；同episode固定1s收尾，退出区域/终点不受控照常失败。","四腿历史placed与当前有效bearing；wholebody实际范围/各轮当前平台XY及gap满足，非靠P13 label或home。","基本event需history+current region；controlled需实测速率+≥2 verifiedTOP支持；从首次controlled起观察1s，最终当前controlled且期间无region丢失/安全失败才success。","body bounds world XY在平台±0.005m；各轮XY在平台、gap≥−0.015m且无薄层上界；|wheel|≤0.25rad/s、|body v|≤0.05m/s、|omega|≤0.30rad/s；post1.0s。旧command≤0.02rad/s、stable0.5s/home误差仅strict质量。","原60s；当前 allowance=min(10s,0.5×原limit)×clip(goal_progress)^2，上界70s且总200s。非净速度证明/非renewable timer；超限true terminal；6s/.01 stall仅诊断。","同一global Phi/PBRS；gamma=.9985每15Hz action一次，cost按120Hz实际dt；ordinary phase非done不清历史；真终止Phi_next=0、不bootstrap；372布局不变。 finish复用.15份额：.65事件+.25当前受控+.10观察比例，完成前≤.99；无额外event family。","成功仍需自然P01全程；teacher+suffix不能称FULL；post observation继续PPO/真实动作后一次terminal，不重复发奖金。","早：历史P/P13标签/单帧事件不结束；晚：实际受控而command略高/不同合法关节姿态不再当完全失败。","正：基本受控且command质量不佳可完成后观察；反：body原点通过但后缘未过、event后退回/BODY/HARD均不得成功。","C:/robotics_sim/wlr_robot/fsm_base_on_recording_ppo_phase_v1/tests/unit/test_semantic_all_stage_physical_acceptance.py（31项PASS，四腿earlyTOP/未知Q/面/机身/post）；C:/robotics_sim/wlr_robot/fsm_base_on_recording_ppo_phase_v1/tests/unit/test_all_stage_supervisor_contract.py（源已读，单独执行回执由主线程汇总）；无本版实测","B2 snapshot retained: B2_NOT_VISITED: 0 diagnostic decisions; runtime 2f942e824f82; a8b1484 PPO coverage unverified | BLOCK1 a8b148463115: 0 optimized decisions/0 recorded ticks; C_NOT_VISITED | CUMULATIVE_BLOCKS1_3 a8: 0 optimized decisions/0 recorded ticks; C_NOT_VISITED","B2 snapshot retained: UNVERIFIED_NOT_VISITED_IN_B2; no task-completion evidence | BLOCK1_UNVERIFIED_NOT_VISITED; no task quality inferred | UNVERIFIED_NOT_VISITED","本版post1s/完整P01成功未实跑；aggregate contact mean非逐点法向；稳态速度阈值物理充分性未证","B2 snapshot retained: CODE_REVIEWED; SYNTHETIC_CPU_TESTED（限定列明范围）; B2_PHYSICALLY_UNVERIFIED（未访问）; a8b1484未据此验证，非完全同版本配对 | BLOCK1: C_PHYSICALLY_UNVERIFIED（未访问）; independent whole-task success not established | CUMULATIVE_BLOCKS1_3: UNVISITED_QUALITY_UNKNOWN; saved140032, not task-success proof","C:/robotics_sim/wlr_robot/fsm_base_on_recording_ppo_phase_v1/configs/ppo_all_stage_acceptance_v1/stage_task_spec.yaml; C:/robotics_sim/wlr_robot/fsm_base_on_recording_ppo_phase_v1/src/wlr50_clean/ppo/semantic_supervisor.py#TaskStageSupervisor/TaskEvaluator; C:/robotics_sim/wlr_robot/fsm_base_on_recording_ppo_phase_v1/configs/ppo_all_stage_acceptance_v1/execution_profile.yaml; C:/robotics_sim/wlr_robot/fsm_base_on_recording_ppo_phase_v1/src/wlr50_clean/ppo/semantic_physical_sensing.py"
