"transition","guard_physical_dependency","predecessor_unfinished_actions","channel_ownership","implemented_owner_semantics","history_and_attempt","filter_residual_history","mapper_and_dispatch","current_support_vs_history","early_switch_check","late_switch_check","required_action_available_before_guard","blocking_classification","positive_example","negative_example","test_source_and_cpu_result","current_version_real_coverage","downstream_verified","evidence_level","source_references"
"P01→P02","FR真实transfer或已合法active过程；不是P01源时间到","P01 RL hip/四轮前送未完成仍继续","新P02仅FR knee；其他owner保持","保留absolute source与新层不回灌anchor；capture适用性只退役已捕获pair","保留同episode initial/Q/C/P与角色窗口；当前ground前回退撤销本次attempt；不清其他腿历史，不从snapshot造事件。","PhaseTransitionBridge首交接tick保可行previous REQUEST；其余tick朝本次raw slew；observed raw/request/effective/final分开，非整个decision丢raw。","唯一原mapper.advance及feedback时钟；同tick native→g→headroom→原hard/final slew→atomic8+4→physics→readback；无普通phase reset。","当前support来自verified bearing/contact；历史placed只作顺序/完成账本；receiving AIR可允许但不计承载。","单帧低载/未知bearing不放行","FR已全身有效抬升不复做准备","P01中所有joint/wheel已开放；不要求FR先AIR才准创造AIR","旧计时借龄/证据不足已修；真实当前未做到仍可能阻塞","短P01后RL持续slew且未到37.6不会跳anchor","P02不得把RL瞬跳37.6或丢掉P01真实stop事件","C:/robotics_sim/wlr_robot/fsm_base_on_recording_ppo_phase_v1/tests/unit/test_all_stage_nominal_transitions.py#test_all_twelve_handoffs_hold_nominal_and_request_without_layer_reset（最终71项总套件PASS，12转移参数化）；C:/robotics_sim/wlr_robot/fsm_base_on_recording_ppo_phase_v1/tests/unit/test_semantic_transfer_response_maturity.py（25项PASS）；C:/robotics_sim/wlr_robot/fsm_base_on_recording_ppo_phase_v1/tests/unit/test_semantic_all_stage_physical_acceptance.py（31项PASS）；非物理验证","B2 snapshot retained: B2_DIAGNOSTIC_TRANSITION_OBSERVED @tick16; nonterminal=true; decision_bootstrap_allowed=true; runtime 2f942e824f82; not PPO | BLOCK1 a8b148463115: 4 policy nonterminal handoffs; no logged bootstrap anomaly | CUMULATIVE_BLOCKS1_3 a8: 4 recorded nonterminal policy-credit transitions","B2 snapshot retained: B2_TARGET_STAGE_GUARD_LATER_RECORDED_SATISFIED @tick1472; not complete downstream-chain success | BLOCK1: C_TARGET_STAGE_GUARD_COMPLETED_IN_AT_LEAST_ONE_EPISODE; not full downstream chain | Recorded next-stage entry only; current hard chain and prefix attribution remain separate; AT_LEAST_ONE_RECORDED_STAGE_GUARD_COMPLETION in Block1; not full-task success","B2 snapshot retained: CODE_REVIEWED; SYNTHETIC_CPU_TESTED; B2_REAL_DIAGNOSTIC_HANDOFF_RECORDED（非终止及bootstrap记录；未独立重建全部mapper/filter内部状态）; runtime 2f942e824f82，不替代a8b1484验证 | BLOCK1: REAL_C_PPO_HANDOFF_RECORDED; compact native/bootstrap records, not independent reconstruction of all mapper/filter state; not whole-task success | CUMULATIVE_BLOCKS1_3: REAL_C_LOGGED_NONTERMINAL_HANDOFF; no independent physical replay/task-success proof","C:/robotics_sim/wlr_robot/fsm_base_on_recording_ppo_phase_v1/src/wlr50_clean/ppo/semantic_supervisor.py#NominalMotionProvider/TaskStageSupervisor; C:/robotics_sim/wlr_robot/fsm_base_on_recording_ppo_phase_v1/src/wlr50_clean/ppo/phase_action_masks_v2.py#PhaseTransitionBridge; C:/robotics_sim/wlr_robot/fsm_base_on_recording_ppo_phase_v1/src/wlr50_clean/ppo/semantic_env.py#step; C:/robotics_sim/wlr_robot/fsm_base_on_recording_ppo_phase_v1/outputs/ppo_all_stage_acceptance_v1/reports/nominal_transition_review.md"
"P02→P03","FR Q+clear+可捕获approach；advanced当前cross/capture另承接","P02 FR knee未完在未capture时继续","新P03 FL knee/RL hip/FL+RLwheel","FR真capture后退役旧FR swing pair；P03协作owner不丢","保留同episode initial/Q/C/P与角色窗口；当前ground前回退撤销本次attempt；不清其他腿历史，不从snapshot造事件。","PhaseTransitionBridge首交接tick保可行previous REQUEST；其余tick朝本次raw slew；observed raw/request/effective/final分开，非整个decision丢raw。","唯一原mapper.advance及feedback时钟；同tick native→g→headroom→原hard/final slew→atomic8+4→physics→readback；无普通phase reset。","当前support来自verified bearing/contact；历史placed只作顺序/完成账本；receiving AIR可允许但不计承载。","远处不得按时间提前下落或用计时完成","已cross/placed当前TOP/合法AIR不退回窄upper或补第二跳","P03协作轮在未placed时可用；新FL/RL cap1可取消/反向","基线狭窄边界误拒/取消范围缺口已修；front world-down影响未证","−.009/+ .104m在对称容差内；earlyTOP链保持","−.010001/+.106不能凭误差完成；旧cap取消反例仍成立","C:/robotics_sim/wlr_robot/fsm_base_on_recording_ppo_phase_v1/tests/unit/test_all_stage_nominal_transitions.py#test_all_twelve_handoffs_hold_nominal_and_request_without_layer_reset（最终71项总套件PASS，12转移参数化）；C:/robotics_sim/wlr_robot/fsm_base_on_recording_ppo_phase_v1/tests/unit/test_semantic_transfer_response_maturity.py（25项PASS）；C:/robotics_sim/wlr_robot/fsm_base_on_recording_ppo_phase_v1/tests/unit/test_semantic_all_stage_physical_acceptance.py（31项PASS）；非物理验证","B2 snapshot retained: B2_DIAGNOSTIC_TRANSITION_OBSERVED @tick1472; nonterminal=true; decision_bootstrap_allowed=true; runtime 2f942e824f82; not PPO | BLOCK1 a8b148463115: 4 policy nonterminal handoffs; no logged bootstrap anomaly | CUMULATIVE_BLOCKS1_3 a8: 4 recorded nonterminal policy-credit transitions","B2 snapshot retained: B2_TARGET_STAGE_GUARD_LATER_RECORDED_SATISFIED @tick1504; not complete downstream-chain success | BLOCK1: C_TARGET_STAGE_GUARD_COMPLETED_IN_AT_LEAST_ONE_EPISODE; not full downstream chain | Recorded next-stage entry only; current hard chain and prefix attribution remain separate; AT_LEAST_ONE_RECORDED_STAGE_GUARD_COMPLETION in Block1; current-PPO FR Q/C/P recorded","B2 snapshot retained: CODE_REVIEWED; SYNTHETIC_CPU_TESTED; B2_REAL_DIAGNOSTIC_HANDOFF_RECORDED（非终止及bootstrap记录；未独立重建全部mapper/filter内部状态）; runtime 2f942e824f82，不替代a8b1484验证 | BLOCK1: REAL_C_PPO_HANDOFF_RECORDED; compact native/bootstrap records, not independent reconstruction of all mapper/filter state; not whole-task success | CUMULATIVE_BLOCKS1_3: REAL_C_LOGGED_NONTERMINAL_HANDOFF; no independent physical replay/task-success proof","C:/robotics_sim/wlr_robot/fsm_base_on_recording_ppo_phase_v1/src/wlr50_clean/ppo/semantic_supervisor.py#NominalMotionProvider/TaskStageSupervisor; C:/robotics_sim/wlr_robot/fsm_base_on_recording_ppo_phase_v1/src/wlr50_clean/ppo/phase_action_masks_v2.py#PhaseTransitionBridge; C:/robotics_sim/wlr_robot/fsm_base_on_recording_ppo_phase_v1/src/wlr50_clean/ppo/semantic_env.py#step; C:/robotics_sim/wlr_robot/fsm_base_on_recording_ppo_phase_v1/outputs/ppo_all_stage_acceptance_v1/reports/nominal_transition_review.md"
"P03→P04","FR合法cross+TOP2产生placed；current承载另验","未完成P03 FL knee/RL hip/轮仍按owner；已FR capture的旧FR knee退役","新P04 RL hip/四轮；没有强制新FR knee","捕获前已存在FR owner停止贡献并保持当前nominal；未来合法receiver owner仍可重开","保留同episode initial/Q/C/P与角色窗口；当前ground前回退撤销本次attempt；不清其他腿历史，不从snapshot造事件。","PhaseTransitionBridge首交接tick保可行previous REQUEST；其余tick朝本次raw slew；observed raw/request/effective/final分开，非整个decision丢raw。","唯一原mapper.advance及feedback时钟；同tick native→g→headroom→原hard/final slew→atomic8+4→physics→readback；无普通phase reset。","当前support来自verified bearing/contact；历史placed只作顺序/完成账本；receiving AIR可允许但不计承载。","只有历史FR placed但当前AIR不等于支持","刚捕获无需到统一home或等源全部结束","P04可立即全12整形当前支撑；不靠旧P02继续拆capture","旧capture-owner适用性已修；真实支撑被哪动作破坏仍需测量","首拍REQUEST/nominal连续，FR captured pair不继续旧源摆动","P04 anchor不得恢复整向量；历史FR不能伪造currentTOP","C:/robotics_sim/wlr_robot/fsm_base_on_recording_ppo_phase_v1/tests/unit/test_all_stage_nominal_transitions.py#test_all_twelve_handoffs_hold_nominal_and_request_without_layer_reset（最终71项总套件PASS，12转移参数化）；C:/robotics_sim/wlr_robot/fsm_base_on_recording_ppo_phase_v1/tests/unit/test_semantic_transfer_response_maturity.py（25项PASS）；C:/robotics_sim/wlr_robot/fsm_base_on_recording_ppo_phase_v1/tests/unit/test_semantic_all_stage_physical_acceptance.py（31项PASS）；非物理验证","B2 snapshot retained: B2_DIAGNOSTIC_TRANSITION_OBSERVED @tick1504; nonterminal=true; decision_bootstrap_allowed=true; runtime 2f942e824f82; not PPO | BLOCK1 a8b148463115: 4 policy nonterminal handoffs; no logged bootstrap anomaly | CUMULATIVE_BLOCKS1_3 a8: 4 recorded nonterminal policy-credit transitions","B2 snapshot retained: B2_TARGET_STAGE_GUARD_LATER_RECORDED_SATISFIED @tick1512; not complete downstream-chain success | BLOCK1: C_TARGET_STAGE_GUARD_COMPLETED_IN_AT_LEAST_ONE_EPISODE; not full downstream chain | Recorded next-stage entry only; current hard chain and prefix attribution remain separate; AT_LEAST_ONE_RECORDED_STAGE_GUARD_COMPLETION; FR current-PPO P=4, not current-support persistence","B2 snapshot retained: CODE_REVIEWED; SYNTHETIC_CPU_TESTED; B2_REAL_DIAGNOSTIC_HANDOFF_RECORDED（非终止及bootstrap记录；未独立重建全部mapper/filter内部状态）; runtime 2f942e824f82，不替代a8b1484验证 | BLOCK1: REAL_C_PPO_HANDOFF_RECORDED; compact native/bootstrap records, not independent reconstruction of all mapper/filter state; not whole-task success | CUMULATIVE_BLOCKS1_3: REAL_C_LOGGED_NONTERMINAL_HANDOFF; no independent physical replay/task-success proof","C:/robotics_sim/wlr_robot/fsm_base_on_recording_ppo_phase_v1/src/wlr50_clean/ppo/semantic_supervisor.py#NominalMotionProvider/TaskStageSupervisor; C:/robotics_sim/wlr_robot/fsm_base_on_recording_ppo_phase_v1/src/wlr50_clean/ppo/phase_action_masks_v2.py#PhaseTransitionBridge; C:/robotics_sim/wlr_robot/fsm_base_on_recording_ppo_phase_v1/src/wlr50_clean/ppo/semantic_env.py#step; C:/robotics_sim/wlr_robot/fsm_base_on_recording_ppo_phase_v1/outputs/ppo_all_stage_acceptance_v1/reports/nominal_transition_review.md"
"P04→P05","FL edge+真实prepared或已合法Q连续过程","P04 RL调整未完继续","P05先FL knee、0.2667s后hip、0.8667s后wheel成为owner","新层只接自身touched；当前已capture时仅抑制新FL swing pair，协作者不禁","保留同episode initial/Q/C/P与角色窗口；当前ground前回退撤销本次attempt；不清其他腿历史，不从snapshot造事件。","PhaseTransitionBridge首交接tick保可行previous REQUEST；其余tick朝本次raw slew；observed raw/request/effective/final分开，非整个decision丢raw。","唯一原mapper.advance及feedback时钟；同tick native→g→headroom→原hard/final slew→atomic8+4→physics→readback；无普通phase reset。","当前support来自verified bearing/contact；历史placed只作顺序/完成账本；receiving AIR可允许但不计承载。","FR历史≠当前载荷；准备空间≠真实transfer","FL已自然AIR不先落地重做单腿动作","FL/RR/FR及wheel残差P04已开放；不能以P05标签禁创造准备动作","未发现必须等P05才可表达全身动作的环；proxy充分性未证","P04 RL有限动作跨P05继续一次","P05 start_full12不能把RL提前灌回6.9或清未touched wheel","C:/robotics_sim/wlr_robot/fsm_base_on_recording_ppo_phase_v1/tests/unit/test_all_stage_nominal_transitions.py#test_all_twelve_handoffs_hold_nominal_and_request_without_layer_reset（最终71项总套件PASS，12转移参数化）；C:/robotics_sim/wlr_robot/fsm_base_on_recording_ppo_phase_v1/tests/unit/test_semantic_transfer_response_maturity.py（25项PASS）；C:/robotics_sim/wlr_robot/fsm_base_on_recording_ppo_phase_v1/tests/unit/test_semantic_all_stage_physical_acceptance.py（31项PASS）；非物理验证","B2 snapshot retained: B2_DIAGNOSTIC_TRANSITION_OBSERVED @tick1512; nonterminal=true; decision_bootstrap_allowed=true; runtime 2f942e824f82; not PPO | BLOCK1 a8b148463115: 4 policy nonterminal handoffs; no logged bootstrap anomaly | CUMULATIVE_BLOCKS1_3 a8: 4 recorded nonterminal policy-credit transitions","B2 snapshot retained: B2_TARGET_STAGE_GUARD_LATER_RECORDED_SATISFIED @tick2680; not complete downstream-chain success | BLOCK1: C_TARGET_STAGE_GUARD_COMPLETED_IN_AT_LEAST_ONE_EPISODE; not full downstream chain | Recorded next-stage entry only; current hard chain and prefix attribution remain separate; AT_LEAST_ONE_RECORDED_STAGE_GUARD_COMPLETION in Block1; no whole-task success","B2 snapshot retained: CODE_REVIEWED; SYNTHETIC_CPU_TESTED; B2_REAL_DIAGNOSTIC_HANDOFF_RECORDED（非终止及bootstrap记录；未独立重建全部mapper/filter内部状态）; runtime 2f942e824f82，不替代a8b1484验证 | BLOCK1: REAL_C_PPO_HANDOFF_RECORDED; compact native/bootstrap records, not independent reconstruction of all mapper/filter state; not whole-task success | CUMULATIVE_BLOCKS1_3: REAL_C_LOGGED_NONTERMINAL_HANDOFF; no independent physical replay/task-success proof","C:/robotics_sim/wlr_robot/fsm_base_on_recording_ppo_phase_v1/src/wlr50_clean/ppo/semantic_supervisor.py#NominalMotionProvider/TaskStageSupervisor; C:/robotics_sim/wlr_robot/fsm_base_on_recording_ppo_phase_v1/src/wlr50_clean/ppo/phase_action_masks_v2.py#PhaseTransitionBridge; C:/robotics_sim/wlr_robot/fsm_base_on_recording_ppo_phase_v1/src/wlr50_clean/ppo/semantic_env.py#step; C:/robotics_sim/wlr_robot/fsm_base_on_recording_ppo_phase_v1/outputs/ppo_all_stage_acceptance_v1/reports/nominal_transition_review.md"
"P05→P06","真实FL Q/C/TOP2→placed；pending捕获仍在P05","未capture先保持FL swing/协作；capture后旧FL pair退役","P06只接四轮；后P07可合法新开FL pair","未placed pending_capture允许+.3；capture旧pair保持current nominal，后owner允许","保留同episode initial/Q/C/P与角色窗口；当前ground前回退撤销本次attempt；不清其他腿历史，不从snapshot造事件。","PhaseTransitionBridge首交接tick保可行previous REQUEST；其余tick朝本次raw slew；observed raw/request/effective/final分开，非整个decision丢raw。","唯一原mapper.advance及feedback时钟；同tick native→g→headroom→原hard/final slew→atomic8+4→physics→readback；无普通phase reset。","当前support来自verified bearing/contact；历史placed只作顺序/完成账本；receiving AIR可允许但不计承载。","1/2TOP不伪placed；AIR不伪support","真实capture后不等P05源末才进入P06","捕获需要轮行时P05已经有全12+.3建议，不先placed才给轮","原循环依赖已解除并保留；旧owner拆捕获修复，动力学未证","首TOP1/2仍续轮，真实2TOP后接管不全局清零","ground/outside/负gap AIR的旧history不能跳过新swing或冒支撑","C:/robotics_sim/wlr_robot/fsm_base_on_recording_ppo_phase_v1/tests/unit/test_all_stage_nominal_transitions.py#test_all_twelve_handoffs_hold_nominal_and_request_without_layer_reset（最终71项总套件PASS，12转移参数化）；C:/robotics_sim/wlr_robot/fsm_base_on_recording_ppo_phase_v1/tests/unit/test_semantic_transfer_response_maturity.py（25项PASS）；C:/robotics_sim/wlr_robot/fsm_base_on_recording_ppo_phase_v1/tests/unit/test_semantic_all_stage_physical_acceptance.py（31项PASS）；非物理验证","B2 snapshot retained: B2_DIAGNOSTIC_TRANSITION_OBSERVED @tick2680; nonterminal=true; decision_bootstrap_allowed=true; runtime 2f942e824f82; not PPO | BLOCK1 a8b148463115: 3 policy nonterminal handoffs; no logged bootstrap anomaly | CUMULATIVE_BLOCKS1_3 a8: 3 recorded nonterminal policy-credit transitions","B2 snapshot retained: B2_TARGET_STAGE_GUARD_LATER_RECORDED_SATISFIED @tick5320; not complete downstream-chain success | BLOCK1: C_P06_ENTERED_ONLY; no P06 completion before two FALL terminals/nonterminal tail | Recorded next-stage entry only; current hard chain and prefix attribution remain separate; AT_LEAST_ONE_RECORDED_STAGE_GUARD_COMPLETION; FL current-PPO P=3; prefix P excluded","B2 snapshot retained: CODE_REVIEWED; SYNTHETIC_CPU_TESTED; B2_REAL_DIAGNOSTIC_HANDOFF_RECORDED（非终止及bootstrap记录；未独立重建全部mapper/filter内部状态）; runtime 2f942e824f82，不替代a8b1484验证 | BLOCK1: REAL_C_PPO_HANDOFF_RECORDED; compact native/bootstrap records, not independent reconstruction of all mapper/filter state; not whole-task success | CUMULATIVE_BLOCKS1_3: REAL_C_LOGGED_NONTERMINAL_HANDOFF; no independent physical replay/task-success proof","C:/robotics_sim/wlr_robot/fsm_base_on_recording_ppo_phase_v1/src/wlr50_clean/ppo/semantic_supervisor.py#NominalMotionProvider/TaskStageSupervisor; C:/robotics_sim/wlr_robot/fsm_base_on_recording_ppo_phase_v1/src/wlr50_clean/ppo/phase_action_masks_v2.py#PhaseTransitionBridge; C:/robotics_sim/wlr_robot/fsm_base_on_recording_ppo_phase_v1/src/wlr50_clean/ppo/semantic_env.py#step; C:/robotics_sim/wlr_robot/fsm_base_on_recording_ppo_phase_v1/outputs/ppo_all_stage_acceptance_v1/reports/nominal_transition_review.md"
"P06→P07","当前两rear edge或合法RR advanced；不是峰值曾达到","P06 own rolling可继续，gain按current距离恢复","P07先FL、稍后FR knee/FRwheel；后owner胜P06","仅P06贡献恢复；peak保诊断，不第二次+.3叠加；无P06层prefix不补历史层","保留同episode initial/Q/C/P与角色窗口；当前ground前回退撤销本次attempt；不清其他腿历史，不从snapshot造事件。","PhaseTransitionBridge首交接tick保可行previous REQUEST；其余tick朝本次raw slew；observed raw/request/effective/final分开，非整个decision丢raw。","唯一原mapper.advance及feedback时钟；同tick native→g→headroom→原hard/final slew→atomic8+4→physics→readback；无普通phase reset。","当前support来自verified bearing/contact；历史placed只作顺序/完成账本；receiving AIR可允许但不计承载。","短暂进区后已回退不可称当前已完成","回退后有界tail可恢复，不永远gain0","P06全12已允许FL开空间/RR准备，不等P07才有残差","不可恢复peak局限已修；实际前送/支撑仍未验证","finite endpoint前后回退恢复原+.3且遵守slew","P07 FR−.63接手后P06不能覆盖；terminal不重新激活tail","C:/robotics_sim/wlr_robot/fsm_base_on_recording_ppo_phase_v1/tests/unit/test_all_stage_nominal_transitions.py#test_all_twelve_handoffs_hold_nominal_and_request_without_layer_reset（最终71项总套件PASS，12转移参数化）；C:/robotics_sim/wlr_robot/fsm_base_on_recording_ppo_phase_v1/tests/unit/test_semantic_transfer_response_maturity.py（25项PASS）；C:/robotics_sim/wlr_robot/fsm_base_on_recording_ppo_phase_v1/tests/unit/test_semantic_all_stage_physical_acceptance.py（31项PASS）；非物理验证","B2 snapshot retained: B2_DIAGNOSTIC_TRANSITION_OBSERVED @tick5320; nonterminal=true; decision_bootstrap_allowed=true; runtime 2f942e824f82; not PPO | BLOCK1 a8b148463115: NOT_OBSERVED | CUMULATIVE_BLOCKS1_3 a8: 2 recorded nonterminal policy-credit transitions","B2 snapshot retained: B2_TARGET_STAGE_GUARD_LATER_RECORDED_SATISFIED @tick5328; not complete downstream-chain success | BLOCK1: C_DOWNSTREAM_UNVERIFIED_NOT_VISITED_THROUGH_THIS_TRANSITION | Recorded next-stage entry only; current hard chain and prefix attribution remain separate; RECORDED_ADVANCEMENT P06→P07=2; may use qualified takeover, not proof all original workspace/preparation goals simultaneously complete","B2 snapshot retained: CODE_REVIEWED; SYNTHETIC_CPU_TESTED; B2_REAL_DIAGNOSTIC_HANDOFF_RECORDED（非终止及bootstrap记录；未独立重建全部mapper/filter内部状态）; runtime 2f942e824f82，不替代a8b1484验证 | BLOCK1: C_TRANSITION_PHYSICALLY_UNVERIFIED; not whole-task success | CUMULATIVE_BLOCKS1_3: REAL_C_LOGGED_NONTERMINAL_HANDOFF; no independent physical replay/task-success proof","C:/robotics_sim/wlr_robot/fsm_base_on_recording_ppo_phase_v1/src/wlr50_clean/ppo/semantic_supervisor.py#NominalMotionProvider/TaskStageSupervisor; C:/robotics_sim/wlr_robot/fsm_base_on_recording_ppo_phase_v1/src/wlr50_clean/ppo/phase_action_masks_v2.py#PhaseTransitionBridge; C:/robotics_sim/wlr_robot/fsm_base_on_recording_ppo_phase_v1/src/wlr50_clean/ppo/semantic_env.py#step; C:/robotics_sim/wlr_robot/fsm_base_on_recording_ppo_phase_v1/outputs/ppo_all_stage_acceptance_v1/reports/nominal_transition_review.md"
"P07→P08","rear edge+role_prepared_RR；prepared不伪transfer","P07 FL/FR/P07wheel动作仍继续","P08只接RL hip","保留FL hip60°/s/残差60°/s；未完层不因短phase终结","保留同episode initial/Q/C/P与角色窗口；当前ground前回退撤销本次attempt；不清其他腿历史，不从snapshot造事件。","PhaseTransitionBridge首交接tick保可行previous REQUEST；其余tick朝本次raw slew；observed raw/request/effective/final分开，非整个decision丢raw。","唯一原mapper.advance及feedback时钟；同tick native→g→headroom→原hard/final slew→atomic8+4→physics→readback；无普通phase reset。","当前support来自verified bearing/contact；历史placed只作顺序/完成账本；receiving AIR可允许但不计承载。","FL AIR须按真实其他contacts供桥接，非固定FL支持","已有真实RR运动不强制补标准空间姿态","所有RR/FR knee/wheel残差P07已开放；receiver动作不被guard禁","未发现layer清空；准备充分性/实际动态支撑未知","FL AIR、FR/RL实际支持且RR进展可连续","不能要求FL永久承载或新anchor把FL拉到38.6","C:/robotics_sim/wlr_robot/fsm_base_on_recording_ppo_phase_v1/tests/unit/test_all_stage_nominal_transitions.py#test_all_twelve_handoffs_hold_nominal_and_request_without_layer_reset（最终71项总套件PASS，12转移参数化）；C:/robotics_sim/wlr_robot/fsm_base_on_recording_ppo_phase_v1/tests/unit/test_semantic_transfer_response_maturity.py（25项PASS）；C:/robotics_sim/wlr_robot/fsm_base_on_recording_ppo_phase_v1/tests/unit/test_semantic_all_stage_physical_acceptance.py（31项PASS）；非物理验证","B2 snapshot retained: B2_DIAGNOSTIC_TRANSITION_OBSERVED @tick5328; nonterminal=true; decision_bootstrap_allowed=true; runtime 2f942e824f82; not PPO | BLOCK1 a8b148463115: NOT_OBSERVED | CUMULATIVE_BLOCKS1_3 a8: 7 recorded nonterminal policy-credit transitions","B2 snapshot retained: B2_TARGET_STAGE_GUARD_LATER_RECORDED_SATISFIED @tick5336; not complete downstream-chain success | BLOCK1: C_DOWNSTREAM_UNVERIFIED_NOT_VISITED_THROUGH_THIS_TRANSITION | Recorded next-stage entry only; current hard chain and prefix attribution remain separate; RECORDED_ADVANCEMENT P07→P08=7; 5 starts inherit frozen-prefix preparation; not credited P06 or full rear-chain completion","B2 snapshot retained: CODE_REVIEWED; SYNTHETIC_CPU_TESTED; B2_REAL_DIAGNOSTIC_HANDOFF_RECORDED（非终止及bootstrap记录；未独立重建全部mapper/filter内部状态）; runtime 2f942e824f82，不替代a8b1484验证 | BLOCK1: C_TRANSITION_PHYSICALLY_UNVERIFIED; not whole-task success | CUMULATIVE_BLOCKS1_3: REAL_C_LOGGED_NONTERMINAL_HANDOFF; no independent physical replay/task-success proof","C:/robotics_sim/wlr_robot/fsm_base_on_recording_ppo_phase_v1/src/wlr50_clean/ppo/semantic_supervisor.py#NominalMotionProvider/TaskStageSupervisor; C:/robotics_sim/wlr_robot/fsm_base_on_recording_ppo_phase_v1/src/wlr50_clean/ppo/phase_action_masks_v2.py#PhaseTransitionBridge; C:/robotics_sim/wlr_robot/fsm_base_on_recording_ppo_phase_v1/src/wlr50_clean/ppo/semantic_env.py#step; C:/robotics_sim/wlr_robot/fsm_base_on_recording_ppo_phase_v1/outputs/ppo_all_stage_acceptance_v1/reports/nominal_transition_review.md"
"P08→P09","edge_RR+新成熟transfer或合法RR Q接管","P08 RL hip与P07协作持续","P09先RR hip再knee/wheels/协作","不清attempt/速度，目标pair已当前capture才抑制重复swing；后腿g仅名义建议","保留同episode initial/Q/C/P与角色窗口；当前ground前回退撤销本次attempt；不清其他腿历史，不从snapshot造事件。","PhaseTransitionBridge首交接tick保可行previous REQUEST；其余tick朝本次raw slew；observed raw/request/effective/final分开，非整个decision丢raw。","唯一原mapper.advance及feedback时钟；同tick native→g→headroom→原hard/final slew→atomic8+4→physics→readback；无普通phase reset。","当前support来自verified bearing/contact；历史placed只作顺序/完成账本；receiving AIR可允许但不计承载。","新低载无响应/unknown bearing不通过","已全身抬升不按RR自身2°或旧回弹重置","RR自身及全12在P08可动，无先Q才开所有wheel的mask","旧空间借龄已修；残余150vs60瞬态差不证明必撞","新drop首tick transfer0，8tick真实continuation成熟并继承Q","负knee不直接等于world-down；不得丢RL有限动作或fakeC/P","C:/robotics_sim/wlr_robot/fsm_base_on_recording_ppo_phase_v1/tests/unit/test_all_stage_nominal_transitions.py#test_all_twelve_handoffs_hold_nominal_and_request_without_layer_reset（最终71项总套件PASS，12转移参数化）；C:/robotics_sim/wlr_robot/fsm_base_on_recording_ppo_phase_v1/tests/unit/test_semantic_transfer_response_maturity.py（25项PASS）；C:/robotics_sim/wlr_robot/fsm_base_on_recording_ppo_phase_v1/tests/unit/test_semantic_all_stage_physical_acceptance.py（31项PASS）；非物理验证","B2 snapshot retained: B2_DIAGNOSTIC_TRANSITION_OBSERVED @tick5336; nonterminal=true; decision_bootstrap_allowed=true; runtime 2f942e824f82; not PPO | BLOCK1 a8b148463115: NOT_OBSERVED | CUMULATIVE_BLOCKS1_3 a8: 7 recorded nonterminal policy-credit transitions","B2 snapshot retained: B2_P09_ENTERED_ONLY; RR hard Q/C/P absent at tick7200; downstream task incomplete | BLOCK1: C_DOWNSTREAM_UNVERIFIED_NOT_VISITED_THROUGH_THIS_TRANSITION | Recorded next-stage entry only; current hard chain and prefix attribution remain separate; RECORDED_ADVANCEMENT P08→P09=7; rear hard Q/C/P tracked separately; no RR C/P observed","B2 snapshot retained: CODE_REVIEWED; SYNTHETIC_CPU_TESTED; B2_REAL_DIAGNOSTIC_HANDOFF_RECORDED（非终止及bootstrap记录；未独立重建全部mapper/filter内部状态）; runtime 2f942e824f82，不替代a8b1484验证 | BLOCK1: C_TRANSITION_PHYSICALLY_UNVERIFIED; not whole-task success | CUMULATIVE_BLOCKS1_3: REAL_C_LOGGED_NONTERMINAL_HANDOFF; no independent physical replay/task-success proof","C:/robotics_sim/wlr_robot/fsm_base_on_recording_ppo_phase_v1/src/wlr50_clean/ppo/semantic_supervisor.py#NominalMotionProvider/TaskStageSupervisor; C:/robotics_sim/wlr_robot/fsm_base_on_recording_ppo_phase_v1/src/wlr50_clean/ppo/phase_action_masks_v2.py#PhaseTransitionBridge; C:/robotics_sim/wlr_robot/fsm_base_on_recording_ppo_phase_v1/src/wlr50_clean/ppo/semantic_env.py#step; C:/robotics_sim/wlr_robot/fsm_base_on_recording_ppo_phase_v1/outputs/ppo_all_stage_acceptance_v1/reports/nominal_transition_review.md"
"P09→P10","RR真实Q/C/placed；RR_FIRST事件、非历史回弹角速度","P09其他协作者可继续，已captured RR旧pair退役","P10新RR knee可接手，P09FL/RL旧协作仍有owner","旧capture retire只作用既有层，不永久锁住P10新任务","保留同episode initial/Q/C/P与角色窗口；当前ground前回退撤销本次attempt；不清其他腿历史，不从snapshot造事件。","PhaseTransitionBridge首交接tick保可行previous REQUEST；其余tick朝本次raw slew；observed raw/request/effective/final分开，非整个decision丢raw。","唯一原mapper.advance及feedback时钟；同tick native→g→headroom→原hard/final slew→atomic8+4→physics→readback；无普通phase reset。","当前support来自verified bearing/contact；历史placed只作顺序/完成账本；receiving AIR可允许但不计承载。","RR historyplaced但当前GROUND/AIR必须分账","合法小回弹/不同RR姿态无需重建旧A entry","P10可用全12 FR开空间/当前支撑，不等P11才有残差","旧A姿态门不在B/C；当前RR失稳是真状态非history成功","低回弹合法放置后首拍history/REQUEST不清","不能凭history写当前TOP；RR knee delta不得再次叠加","C:/robotics_sim/wlr_robot/fsm_base_on_recording_ppo_phase_v1/tests/unit/test_all_stage_nominal_transitions.py#test_all_twelve_handoffs_hold_nominal_and_request_without_layer_reset（最终71项总套件PASS，12转移参数化）；C:/robotics_sim/wlr_robot/fsm_base_on_recording_ppo_phase_v1/tests/unit/test_semantic_transfer_response_maturity.py（25项PASS）；C:/robotics_sim/wlr_robot/fsm_base_on_recording_ppo_phase_v1/tests/unit/test_semantic_all_stage_physical_acceptance.py（31项PASS）；非物理验证","B2 snapshot retained: B2_NOT_OBSERVED; runtime 2f942e824f82; no transition coverage | BLOCK1 a8b148463115: NOT_OBSERVED | CUMULATIVE_BLOCKS1_3 a8: 0 recorded nonterminal policy-credit transitions","B2 snapshot retained: UNVERIFIED_NOT_VISITED_IN_B2 | BLOCK1: C_DOWNSTREAM_UNVERIFIED_NOT_VISITED_THROUGH_THIS_TRANSITION | UNVERIFIED_NOT_VISITED_THROUGH_THIS_TRANSITION","B2 snapshot retained: CODE_REVIEWED; SYNTHETIC_CPU_TESTED; PHYSICALLY_UNVERIFIED（B2未访问）; runtime 2f942e824f82，不替代a8b1484验证 | BLOCK1: C_TRANSITION_PHYSICALLY_UNVERIFIED; not whole-task success | CUMULATIVE_BLOCKS1_3: NO_REAL_C_HANDOFF; no independent physical replay/task-success proof","C:/robotics_sim/wlr_robot/fsm_base_on_recording_ppo_phase_v1/src/wlr50_clean/ppo/semantic_supervisor.py#NominalMotionProvider/TaskStageSupervisor; C:/robotics_sim/wlr_robot/fsm_base_on_recording_ppo_phase_v1/src/wlr50_clean/ppo/phase_action_masks_v2.py#PhaseTransitionBridge; C:/robotics_sim/wlr_robot/fsm_base_on_recording_ppo_phase_v1/src/wlr50_clean/ppo/semantic_env.py#step; C:/robotics_sim/wlr_robot/fsm_base_on_recording_ppo_phase_v1/outputs/ppo_all_stage_acceptance_v1/reports/nominal_transition_review.md"
"P10→P11","RL edge+真实prepared或已有Q；非P10短source结束","P10 RR knee及前驱协作继续","P11新FR hip；未touched通道原owner","新FR receiver开空间可动，capture历史不永久钉关节","保留同episode initial/Q/C/P与角色窗口；当前ground前回退撤销本次attempt；不清其他腿历史，不从snapshot造事件。","PhaseTransitionBridge首交接tick保可行previous REQUEST；其余tick朝本次raw slew；observed raw/request/effective/final分开，非整个decision丢raw。","唯一原mapper.advance及feedback时钟；同tick native→g→headroom→原hard/final slew→atomic8+4→physics→readback；无普通phase reset。","当前support来自verified bearing/contact；历史placed只作顺序/完成账本；receiving AIR可允许但不计承载。","当前RR/FL支持须实测，不以历史分配固定载荷","RL已合法active不用补一次敲击/停稳","全12在P10已可调整FR/FL/RR，不把P11当动作启用开关","未证实循环依赖；actual receiver空间/支撑充分性未证","不同RR实际姿态、FR AIR仍保持允许动作","不能双加RR knee delta或写FR已承载全部载荷","C:/robotics_sim/wlr_robot/fsm_base_on_recording_ppo_phase_v1/tests/unit/test_all_stage_nominal_transitions.py#test_all_twelve_handoffs_hold_nominal_and_request_without_layer_reset（最终71项总套件PASS，12转移参数化）；C:/robotics_sim/wlr_robot/fsm_base_on_recording_ppo_phase_v1/tests/unit/test_semantic_transfer_response_maturity.py（25项PASS）；C:/robotics_sim/wlr_robot/fsm_base_on_recording_ppo_phase_v1/tests/unit/test_semantic_all_stage_physical_acceptance.py（31项PASS）；非物理验证","B2 snapshot retained: B2_NOT_OBSERVED; runtime 2f942e824f82; no transition coverage | BLOCK1 a8b148463115: NOT_OBSERVED | CUMULATIVE_BLOCKS1_3 a8: 0 recorded nonterminal policy-credit transitions","B2 snapshot retained: UNVERIFIED_NOT_VISITED_IN_B2 | BLOCK1: C_DOWNSTREAM_UNVERIFIED_NOT_VISITED_THROUGH_THIS_TRANSITION | UNVERIFIED_NOT_VISITED_THROUGH_THIS_TRANSITION","B2 snapshot retained: CODE_REVIEWED; SYNTHETIC_CPU_TESTED; PHYSICALLY_UNVERIFIED（B2未访问）; runtime 2f942e824f82，不替代a8b1484验证 | BLOCK1: C_TRANSITION_PHYSICALLY_UNVERIFIED; not whole-task success | CUMULATIVE_BLOCKS1_3: NO_REAL_C_HANDOFF; no independent physical replay/task-success proof","C:/robotics_sim/wlr_robot/fsm_base_on_recording_ppo_phase_v1/src/wlr50_clean/ppo/semantic_supervisor.py#NominalMotionProvider/TaskStageSupervisor; C:/robotics_sim/wlr_robot/fsm_base_on_recording_ppo_phase_v1/src/wlr50_clean/ppo/phase_action_masks_v2.py#PhaseTransitionBridge; C:/robotics_sim/wlr_robot/fsm_base_on_recording_ppo_phase_v1/src/wlr50_clean/ppo/semantic_env.py#step; C:/robotics_sim/wlr_robot/fsm_base_on_recording_ppo_phase_v1/outputs/ppo_all_stage_acceptance_v1/reports/nominal_transition_review.md"
"P11→P12","RL edge+独立成熟transfer或自然合法Q","P11 FR hip尚未结束仍继续","P12 RL hip/knee后wheel新owner","自然RL AIR/Q和全身速度继承，后腿g不读current residual；capture后旧RLpair退役","保留同episode initial/Q/C/P与角色窗口；当前ground前回退撤销本次attempt；不清其他腿历史，不从snapshot造事件。","PhaseTransitionBridge首交接tick保可行previous REQUEST；其余tick朝本次raw slew；observed raw/request/effective/final分开，非整个decision丢raw。","唯一原mapper.advance及feedback时钟；同tick native→g→headroom→原hard/final slew→atomic8+4→physics→readback；无普通phase reset。","当前support来自verified bearing/contact；历史placed只作顺序/完成账本；receiving AIR可允许但不计承载。","旧空间年龄/placeholder低载不得装作持续transfer","已有效RL AIR不重置到标准抬腿姿态","RL和wheel在P11全开放，不先cross才允许创造cross","角色借龄已修；实际净空/前送协调未知","持续新transfer成熟，RR current状态保持真实记录","ground前回退撤销本次Q但不抹其他腿历史；不把FR AIR都判失败","C:/robotics_sim/wlr_robot/fsm_base_on_recording_ppo_phase_v1/tests/unit/test_all_stage_nominal_transitions.py#test_all_twelve_handoffs_hold_nominal_and_request_without_layer_reset（最终71项总套件PASS，12转移参数化）；C:/robotics_sim/wlr_robot/fsm_base_on_recording_ppo_phase_v1/tests/unit/test_semantic_transfer_response_maturity.py（25项PASS）；C:/robotics_sim/wlr_robot/fsm_base_on_recording_ppo_phase_v1/tests/unit/test_semantic_all_stage_physical_acceptance.py（31项PASS）；非物理验证","B2 snapshot retained: B2_NOT_OBSERVED; runtime 2f942e824f82; no transition coverage | BLOCK1 a8b148463115: NOT_OBSERVED | CUMULATIVE_BLOCKS1_3 a8: 0 recorded nonterminal policy-credit transitions","B2 snapshot retained: UNVERIFIED_NOT_VISITED_IN_B2 | BLOCK1: C_DOWNSTREAM_UNVERIFIED_NOT_VISITED_THROUGH_THIS_TRANSITION | UNVERIFIED_NOT_VISITED_THROUGH_THIS_TRANSITION","B2 snapshot retained: CODE_REVIEWED; SYNTHETIC_CPU_TESTED; PHYSICALLY_UNVERIFIED（B2未访问）; runtime 2f942e824f82，不替代a8b1484验证 | BLOCK1: C_TRANSITION_PHYSICALLY_UNVERIFIED; not whole-task success | CUMULATIVE_BLOCKS1_3: NO_REAL_C_HANDOFF; no independent physical replay/task-success proof","C:/robotics_sim/wlr_robot/fsm_base_on_recording_ppo_phase_v1/src/wlr50_clean/ppo/semantic_supervisor.py#NominalMotionProvider/TaskStageSupervisor; C:/robotics_sim/wlr_robot/fsm_base_on_recording_ppo_phase_v1/src/wlr50_clean/ppo/phase_action_masks_v2.py#PhaseTransitionBridge; C:/robotics_sim/wlr_robot/fsm_base_on_recording_ppo_phase_v1/src/wlr50_clean/ppo/semantic_env.py#step; C:/robotics_sim/wlr_robot/fsm_base_on_recording_ppo_phase_v1/outputs/ppo_all_stage_acceptance_v1/reports/nominal_transition_review.md"
"P12→P13","RL真实Q/C/TOP2→placed；整体完成仍独立未必已达","旧P12协作者保留，captured RL旧targetpair退役","P13先wheel+.3，后恢复servo与wheel；新P13owner允许","首拍不home/全轮zero；旧capture不永久禁止新恢复目标","保留同episode initial/Q/C/P与角色窗口；当前ground前回退撤销本次attempt；不清其他腿历史，不从snapshot造事件。","PhaseTransitionBridge首交接tick保可行previous REQUEST；其余tick朝本次raw slew；observed raw/request/effective/final分开，非整个decision丢raw。","唯一原mapper.advance及feedback时钟；同tick native→g→headroom→原hard/final slew→atomic8+4→physics→readback；无普通phase reset。","当前support来自verified bearing/contact；历史placed只作顺序/完成账本；receiving AIR可允许但不计承载。","四腿历史不是当前support/region；current后退不可藏在event","已基本受控但strict command差单列质量，不强制唯一home","P13 PPO全12始终启用；sourceendpoint不触发success","旧任务/严格quality混合已修；post1s真实表现未验证","事件后同episode继续1s，当前受控+无regionloss才success","body原点通过后缘未过、event后FALL/BODY/退回不得被先验success遮盖","C:/robotics_sim/wlr_robot/fsm_base_on_recording_ppo_phase_v1/tests/unit/test_all_stage_nominal_transitions.py#test_all_twelve_handoffs_hold_nominal_and_request_without_layer_reset（最终71项总套件PASS，12转移参数化）；C:/robotics_sim/wlr_robot/fsm_base_on_recording_ppo_phase_v1/tests/unit/test_semantic_transfer_response_maturity.py（25项PASS）；C:/robotics_sim/wlr_robot/fsm_base_on_recording_ppo_phase_v1/tests/unit/test_semantic_all_stage_physical_acceptance.py（31项PASS）；非物理验证","B2 snapshot retained: B2_NOT_OBSERVED; runtime 2f942e824f82; no transition coverage | BLOCK1 a8b148463115: NOT_OBSERVED | CUMULATIVE_BLOCKS1_3 a8: 0 recorded nonterminal policy-credit transitions","B2 snapshot retained: UNVERIFIED_NOT_VISITED_IN_B2 | BLOCK1: C_DOWNSTREAM_UNVERIFIED_NOT_VISITED_THROUGH_THIS_TRANSITION | UNVERIFIED_NOT_VISITED_THROUGH_THIS_TRANSITION","B2 snapshot retained: CODE_REVIEWED; SYNTHETIC_CPU_TESTED; PHYSICALLY_UNVERIFIED（B2未访问）; runtime 2f942e824f82，不替代a8b1484验证 | BLOCK1: C_TRANSITION_PHYSICALLY_UNVERIFIED; not whole-task success | CUMULATIVE_BLOCKS1_3: NO_REAL_C_HANDOFF; no independent physical replay/task-success proof","C:/robotics_sim/wlr_robot/fsm_base_on_recording_ppo_phase_v1/src/wlr50_clean/ppo/semantic_supervisor.py#NominalMotionProvider/TaskStageSupervisor; C:/robotics_sim/wlr_robot/fsm_base_on_recording_ppo_phase_v1/src/wlr50_clean/ppo/phase_action_masks_v2.py#PhaseTransitionBridge; C:/robotics_sim/wlr_robot/fsm_base_on_recording_ppo_phase_v1/src/wlr50_clean/ppo/semantic_env.py#step; C:/robotics_sim/wlr_robot/fsm_base_on_recording_ppo_phase_v1/outputs/ppo_all_stage_acceptance_v1/reports/nominal_transition_review.md"
