trial_id,phase,channel,channel_kind,metric,error_percent,within_30_percent,warning,blocks_task_success,source,acceptance_role
trial_043_20260902_clean_v010,P01,rear_left_hip,servo,command_endpoint_error_percent,0.0,True,,false,raw observation/full12 ledgers vs immutable v010 contract,ADVISORY_DIAGNOSTIC_ONLY
trial_043_20260902_clean_v010,P01,rear_left_hip,servo,actual_endpoint_error_percent,0.0002270674591143427,True,,false,raw observation/full12 ledgers vs immutable v010 contract,ADVISORY_DIAGNOSTIC_ONLY
trial_043_20260902_clean_v010,P01,rear_left_hip,servo,command_delta_error_percent,0.0,True,,false,raw observation/full12 ledgers vs immutable v010 contract,ADVISORY_DIAGNOSTIC_ONLY
trial_043_20260902_clean_v010,P01,rear_left_hip,servo,actual_delta_error_percent,0.16958809922057566,True,,false,raw observation/full12 ledgers vs immutable v010 contract,ADVISORY_DIAGNOSTIC_ONLY
trial_043_20260902_clean_v010,P01,rear_left_hip,servo,duration_error_percent,1.82098892079225e-12,True,,false,raw observation/full12 ledgers vs immutable v010 contract,ADVISORY_DIAGNOSTIC_ONLY
trial_043_20260902_clean_v010,P01,rear_left_hip,servo,command_average_velocity_error_percent,1.545430450278218e-12,True,,false,raw observation/full12 ledgers vs immutable v010 contract,ADVISORY_DIAGNOSTIC_ONLY
trial_043_20260902_clean_v010,P01,rear_left_hip,servo,measured_average_velocity_error_percent,0.6710921163525798,True,,false,raw observation/full12 ledgers vs immutable v010 contract,ADVISORY_DIAGNOSTIC_ONLY
trial_043_20260902_clean_v010,P01,rear_left_hip,servo,command_peak_velocity_error_percent,3.600083194517841e-13,True,,false,raw observation/full12 ledgers vs immutable v010 contract,ADVISORY_DIAGNOSTIC_ONLY
trial_043_20260902_clean_v010,P01,rear_left_hip,servo,measured_peak_velocity_error_percent,0.05156032481585553,True,,false,raw observation/full12 ledgers vs immutable v010 contract,ADVISORY_DIAGNOSTIC_ONLY
trial_043_20260902_clean_v010,P01,rear_left_hip,servo,trajectory_rmse_percent,0.16545416503777835,True,,false,raw observation/full12 ledgers vs immutable v010 contract,ADVISORY_DIAGNOSTIC_ONLY
trial_043_20260902_clean_v010,P01,front_left_ankle,wheel,duration_error_percent,1.82098892079225e-12,True,,false,raw observation/full12 ledgers vs immutable v010 contract,ADVISORY_DIAGNOSTIC_ONLY
trial_043_20260902_clean_v010,P01,front_left_ankle,wheel,command_average_velocity_error_percent,1.3286431901227178e-12,True,,false,raw observation/full12 ledgers vs immutable v010 contract,ADVISORY_DIAGNOSTIC_ONLY
trial_043_20260902_clean_v010,P01,front_left_ankle,wheel,measured_average_velocity_error_percent,0.11486139789004236,True,,false,raw observation/full12 ledgers vs immutable v010 contract,ADVISORY_DIAGNOSTIC_ONLY
trial_043_20260902_clean_v010,P01,front_left_ankle,wheel,command_peak_velocity_error_percent,0.0,True,,false,raw observation/full12 ledgers vs immutable v010 contract,ADVISORY_DIAGNOSTIC_ONLY
trial_043_20260902_clean_v010,P01,front_left_ankle,wheel,measured_peak_velocity_error_percent,3.345216791165559,True,,false,raw observation/full12 ledgers vs immutable v010 contract,ADVISORY_DIAGNOSTIC_ONLY
trial_043_20260902_clean_v010,P01,front_left_ankle,wheel,command_wheel_integral_error_percent,3.15898510099535e-12,True,,false,raw observation/full12 ledgers vs immutable v010 contract,ADVISORY_DIAGNOSTIC_ONLY
trial_043_20260902_clean_v010,P01,front_left_ankle,wheel,actual_wheel_integral_error_percent,0.2200239756719921,True,,false,raw observation/full12 ledgers vs immutable v010 contract,ADVISORY_DIAGNOSTIC_ONLY
trial_043_20260902_clean_v010,P01,front_right_ankle,wheel,duration_error_percent,1.82098892079225e-12,True,,false,raw observation/full12 ledgers vs immutable v010 contract,ADVISORY_DIAGNOSTIC_ONLY
trial_043_20260902_clean_v010,P01,front_right_ankle,wheel,command_average_velocity_error_percent,1.3286431901227178e-12,True,,false,raw observation/full12 ledgers vs immutable v010 contract,ADVISORY_DIAGNOSTIC_ONLY
trial_043_20260902_clean_v010,P01,front_right_ankle,wheel,measured_average_velocity_error_percent,0.004696512362258236,True,,false,raw observation/full12 ledgers vs immutable v010 contract,ADVISORY_DIAGNOSTIC_ONLY
trial_043_20260902_clean_v010,P01,front_right_ankle,wheel,command_peak_velocity_error_percent,0.0,True,,false,raw observation/full12 ledgers vs immutable v010 contract,ADVISORY_DIAGNOSTIC_ONLY
trial_043_20260902_clean_v010,P01,front_right_ankle,wheel,measured_peak_velocity_error_percent,0.03177411165863816,True,,false,raw observation/full12 ledgers vs immutable v010 contract,ADVISORY_DIAGNOSTIC_ONLY
trial_043_20260902_clean_v010,P01,front_right_ankle,wheel,command_wheel_integral_error_percent,3.15898510099535e-12,True,,false,raw observation/full12 ledgers vs immutable v010 contract,ADVISORY_DIAGNOSTIC_ONLY
trial_043_20260902_clean_v010,P01,front_right_ankle,wheel,actual_wheel_integral_error_percent,0.005813707597070396,True,,false,raw observation/full12 ledgers vs immutable v010 contract,ADVISORY_DIAGNOSTIC_ONLY
trial_043_20260902_clean_v010,P01,rear_left_ankle,wheel,duration_error_percent,1.82098892079225e-12,True,,false,raw observation/full12 ledgers vs immutable v010 contract,ADVISORY_DIAGNOSTIC_ONLY
trial_043_20260902_clean_v010,P01,rear_left_ankle,wheel,command_average_velocity_error_percent,1.3286431901227178e-12,True,,false,raw observation/full12 ledgers vs immutable v010 contract,ADVISORY_DIAGNOSTIC_ONLY
trial_043_20260902_clean_v010,P01,rear_left_ankle,wheel,measured_average_velocity_error_percent,0.15766120725747623,True,,false,raw observation/full12 ledgers vs immutable v010 contract,ADVISORY_DIAGNOSTIC_ONLY
trial_043_20260902_clean_v010,P01,rear_left_ankle,wheel,command_peak_velocity_error_percent,0.0,True,,false,raw observation/full12 ledgers vs immutable v010 contract,ADVISORY_DIAGNOSTIC_ONLY
trial_043_20260902_clean_v010,P01,rear_left_ankle,wheel,measured_peak_velocity_error_percent,0.2452119378512511,True,,false,raw observation/full12 ledgers vs immutable v010 contract,ADVISORY_DIAGNOSTIC_ONLY
trial_043_20260902_clean_v010,P01,rear_left_ankle,wheel,command_wheel_integral_error_percent,3.15898510099535e-12,True,,false,raw observation/full12 ledgers vs immutable v010 contract,ADVISORY_DIAGNOSTIC_ONLY
trial_043_20260902_clean_v010,P01,rear_left_ankle,wheel,actual_wheel_integral_error_percent,0.21285298785039672,True,,false,raw observation/full12 ledgers vs immutable v010 contract,ADVISORY_DIAGNOSTIC_ONLY
trial_043_20260902_clean_v010,P01,rear_right_ankle,wheel,duration_error_percent,1.82098892079225e-12,True,,false,raw observation/full12 ledgers vs immutable v010 contract,ADVISORY_DIAGNOSTIC_ONLY
trial_043_20260902_clean_v010,P01,rear_right_ankle,wheel,command_average_velocity_error_percent,1.3286431901227178e-12,True,,false,raw observation/full12 ledgers vs immutable v010 contract,ADVISORY_DIAGNOSTIC_ONLY
trial_043_20260902_clean_v010,P01,rear_right_ankle,wheel,measured_average_velocity_error_percent,0.22346308392880876,True,,false,raw observation/full12 ledgers vs immutable v010 contract,ADVISORY_DIAGNOSTIC_ONLY
trial_043_20260902_clean_v010,P01,rear_right_ankle,wheel,command_peak_velocity_error_percent,0.0,True,,false,raw observation/full12 ledgers vs immutable v010 contract,ADVISORY_DIAGNOSTIC_ONLY
trial_043_20260902_clean_v010,P01,rear_right_ankle,wheel,measured_peak_velocity_error_percent,6.373333749487578,True,,false,raw observation/full12 ledgers vs immutable v010 contract,ADVISORY_DIAGNOSTIC_ONLY
trial_043_20260902_clean_v010,P01,rear_right_ankle,wheel,command_wheel_integral_error_percent,3.15898510099535e-12,True,,false,raw observation/full12 ledgers vs immutable v010 contract,ADVISORY_DIAGNOSTIC_ONLY
trial_043_20260902_clean_v010,P01,rear_right_ankle,wheel,actual_wheel_integral_error_percent,0.36678645398598075,True,,false,raw observation/full12 ledgers vs immutable v010 contract,ADVISORY_DIAGNOSTIC_ONLY
trial_043_20260902_clean_v010,P02,front_right_knee,servo,command_endpoint_error_percent,0.0,True,,false,raw observation/full12 ledgers vs immutable v010 contract,ADVISORY_DIAGNOSTIC_ONLY
trial_043_20260902_clean_v010,P02,front_right_knee,servo,actual_endpoint_error_percent,0.6811960451639621,True,,false,raw observation/full12 ledgers vs immutable v010 contract,ADVISORY_DIAGNOSTIC_ONLY
trial_043_20260902_clean_v010,P02,front_right_knee,servo,command_delta_error_percent,0.0,True,,false,raw observation/full12 ledgers vs immutable v010 contract,ADVISORY_DIAGNOSTIC_ONLY
trial_043_20260902_clean_v010,P02,front_right_knee,servo,actual_delta_error_percent,0.6865636935718967,True,,false,raw observation/full12 ledgers vs immutable v010 contract,ADVISORY_DIAGNOSTIC_ONLY
trial_043_20260902_clean_v010,P02,front_right_knee,servo,duration_error_percent,4.9484226240438175e-12,True,,false,raw observation/full12 ledgers vs immutable v010 contract,ADVISORY_DIAGNOSTIC_ONLY
trial_043_20260902_clean_v010,P02,front_right_knee,servo,command_average_velocity_error_percent,4.9557388774434566e-12,True,,false,raw observation/full12 ledgers vs immutable v010 contract,ADVISORY_DIAGNOSTIC_ONLY
trial_043_20260902_clean_v010,P02,front_right_knee,servo,measured_average_velocity_error_percent,0.005050394485141519,True,,false,raw observation/full12 ledgers vs immutable v010 contract,ADVISORY_DIAGNOSTIC_ONLY
trial_043_20260902_clean_v010,P02,front_right_knee,servo,command_peak_velocity_error_percent,5.6843418860808015e-12,True,,false,raw observation/full12 ledgers vs immutable v010 contract,ADVISORY_DIAGNOSTIC_ONLY
trial_043_20260902_clean_v010,P02,front_right_knee,servo,measured_peak_velocity_error_percent,0.010260693785264386,True,,false,raw observation/full12 ledgers vs immutable v010 contract,ADVISORY_DIAGNOSTIC_ONLY
trial_043_20260902_clean_v010,P02,front_right_knee,servo,trajectory_rmse_percent,1.0581377477323264,True,,false,raw observation/full12 ledgers vs immutable v010 contract,ADVISORY_DIAGNOSTIC_ONLY
trial_043_20260902_clean_v010,P03,front_left_knee,servo,command_endpoint_error_percent,0.0,True,,false,raw observation/full12 ledgers vs immutable v010 contract,ADVISORY_DIAGNOSTIC_ONLY
trial_043_20260902_clean_v010,P03,front_left_knee,servo,actual_endpoint_error_percent,0.5597175980980782,True,,false,raw observation/full12 ledgers vs immutable v010 contract,ADVISORY_DIAGNOSTIC_ONLY
trial_043_20260902_clean_v010,P03,front_left_knee,servo,command_delta_error_percent,0.0,True,,false,raw observation/full12 ledgers vs immutable v010 contract,ADVISORY_DIAGNOSTIC_ONLY
trial_043_20260902_clean_v010,P03,front_left_knee,servo,actual_delta_error_percent,0.5126831228749407,True,,false,raw observation/full12 ledgers vs immutable v010 contract,ADVISORY_DIAGNOSTIC_ONLY
trial_043_20260902_clean_v010,P03,front_left_knee,servo,duration_error_percent,5.625129991434446e-12,True,,false,raw observation/full12 ledgers vs immutable v010 contract,ADVISORY_DIAGNOSTIC_ONLY
trial_043_20260902_clean_v010,P03,front_left_knee,servo,command_average_velocity_error_percent,5.622285751952963e-12,True,,false,raw observation/full12 ledgers vs immutable v010 contract,ADVISORY_DIAGNOSTIC_ONLY
trial_043_20260902_clean_v010,P03,front_left_knee,servo,measured_average_velocity_error_percent,1.7705302896970998,True,,false,raw observation/full12 ledgers vs immutable v010 contract,ADVISORY_DIAGNOSTIC_ONLY
trial_043_20260902_clean_v010,P03,front_left_knee,servo,command_peak_velocity_error_percent,5.6843418860808015e-12,True,,false,raw observation/full12 ledgers vs immutable v010 contract,ADVISORY_DIAGNOSTIC_ONLY
trial_043_20260902_clean_v010,P03,front_left_knee,servo,measured_peak_velocity_error_percent,1.9149159292816853,True,,false,raw observation/full12 ledgers vs immutable v010 contract,ADVISORY_DIAGNOSTIC_ONLY
trial_043_20260902_clean_v010,P03,front_left_knee,servo,trajectory_rmse_percent,0.8869900593000872,True,,false,raw observation/full12 ledgers vs immutable v010 contract,ADVISORY_DIAGNOSTIC_ONLY
trial_043_20260902_clean_v010,P03,rear_left_hip,servo,command_endpoint_error_percent,0.0,True,,false,raw observation/full12 ledgers vs immutable v010 contract,ADVISORY_DIAGNOSTIC_ONLY
trial_043_20260902_clean_v010,P03,rear_left_hip,servo,actual_endpoint_error_percent,3.0529756253534477,True,,false,raw observation/full12 ledgers vs immutable v010 contract,ADVISORY_DIAGNOSTIC_ONLY
trial_043_20260902_clean_v010,P03,rear_left_hip,servo,command_delta_error_percent,0.0,True,,false,raw observation/full12 ledgers vs immutable v010 contract,ADVISORY_DIAGNOSTIC_ONLY
trial_043_20260902_clean_v010,P03,rear_left_hip,servo,actual_delta_error_percent,3.035849180867438,True,,false,raw observation/full12 ledgers vs immutable v010 contract,ADVISORY_DIAGNOSTIC_ONLY
trial_043_20260902_clean_v010,P03,rear_left_hip,servo,duration_error_percent,5.625129991434446e-12,True,,false,raw observation/full12 ledgers vs immutable v010 contract,ADVISORY_DIAGNOSTIC_ONLY
trial_043_20260902_clean_v010,P03,rear_left_hip,servo,command_average_velocity_error_percent,5.6207111933258465e-12,True,,false,raw observation/full12 ledgers vs immutable v010 contract,ADVISORY_DIAGNOSTIC_ONLY
trial_043_20260902_clean_v010,P03,rear_left_hip,servo,measured_average_velocity_error_percent,8.170260795485724,True,,false,raw observation/full12 ledgers vs immutable v010 contract,ADVISORY_DIAGNOSTIC_ONLY
trial_043_20260902_clean_v010,P03,rear_left_hip,servo,command_peak_velocity_error_percent,5.6843418860808015e-12,True,,false,raw observation/full12 ledgers vs immutable v010 contract,ADVISORY_DIAGNOSTIC_ONLY
trial_043_20260902_clean_v010,P03,rear_left_hip,servo,measured_peak_velocity_error_percent,6.612552133586482,True,,false,raw observation/full12 ledgers vs immutable v010 contract,ADVISORY_DIAGNOSTIC_ONLY
trial_043_20260902_clean_v010,P03,rear_left_hip,servo,trajectory_rmse_percent,1.713774588381896,True,,false,raw observation/full12 ledgers vs immutable v010 contract,ADVISORY_DIAGNOSTIC_ONLY
trial_043_20260902_clean_v010,P03,front_left_ankle,wheel,duration_error_percent,5.625129991434446e-12,True,,false,raw observation/full12 ledgers vs immutable v010 contract,ADVISORY_DIAGNOSTIC_ONLY
trial_043_20260902_clean_v010,P03,front_left_ankle,wheel,command_average_velocity_error_percent,7.026728003956686e-14,True,,false,raw observation/full12 ledgers vs immutable v010 contract,ADVISORY_DIAGNOSTIC_ONLY
trial_043_20260902_clean_v010,P03,front_left_ankle,wheel,measured_average_velocity_error_percent,0.6281527712938126,True,,false,raw observation/full12 ledgers vs immutable v010 contract,ADVISORY_DIAGNOSTIC_ONLY
trial_043_20260902_clean_v010,P03,front_left_ankle,wheel,command_peak_velocity_error_percent,0.0,True,,false,raw observation/full12 ledgers vs immutable v010 contract,ADVISORY_DIAGNOSTIC_ONLY
trial_043_20260902_clean_v010,P03,front_left_ankle,wheel,measured_peak_velocity_error_percent,14.445086161370671,True,,false,raw observation/full12 ledgers vs immutable v010 contract,ADVISORY_DIAGNOSTIC_ONLY
trial_043_20260902_clean_v010,P03,front_left_ankle,wheel,command_wheel_integral_error_percent,5.562826336466027e-12,True,,false,raw observation/full12 ledgers vs immutable v010 contract,ADVISORY_DIAGNOSTIC_ONLY
trial_043_20260902_clean_v010,P03,front_left_ankle,wheel,actual_wheel_integral_error_percent,0.6288863770472835,True,,false,raw observation/full12 ledgers vs immutable v010 contract,ADVISORY_DIAGNOSTIC_ONLY
trial_043_20260902_clean_v010,P03,rear_left_ankle,wheel,duration_error_percent,5.625129991434446e-12,True,,false,raw observation/full12 ledgers vs immutable v010 contract,ADVISORY_DIAGNOSTIC_ONLY
trial_043_20260902_clean_v010,P03,rear_left_ankle,wheel,command_average_velocity_error_percent,14.900000000000077,True,,false,raw observation/full12 ledgers vs immutable v010 contract,ADVISORY_DIAGNOSTIC_ONLY
trial_043_20260902_clean_v010,P03,rear_left_ankle,wheel,measured_average_velocity_error_percent,18.244515044977753,True,,false,raw observation/full12 ledgers vs immutable v010 contract,ADVISORY_DIAGNOSTIC_ONLY
trial_043_20260902_clean_v010,P03,rear_left_ankle,wheel,command_peak_velocity_error_percent,14.900000000000004,True,,false,raw observation/full12 ledgers vs immutable v010 contract,ADVISORY_DIAGNOSTIC_ONLY
trial_043_20260902_clean_v010,P03,rear_left_ankle,wheel,measured_peak_velocity_error_percent,0.41158593354069145,True,,false,raw observation/full12 ledgers vs immutable v010 contract,ADVISORY_DIAGNOSTIC_ONLY
trial_043_20260902_clean_v010,P03,rear_left_ankle,wheel,command_wheel_integral_error_percent,14.89999999999529,True,,false,raw observation/full12 ledgers vs immutable v010 contract,ADVISORY_DIAGNOSTIC_ONLY
trial_043_20260902_clean_v010,P03,rear_left_ankle,wheel,actual_wheel_integral_error_percent,13.362475037047743,True,,false,raw observation/full12 ledgers vs immutable v010 contract,ADVISORY_DIAGNOSTIC_ONLY
trial_043_20260902_clean_v010,P04,rear_left_hip,servo,command_endpoint_error_percent,0.0,True,,false,raw observation/full12 ledgers vs immutable v010 contract,ADVISORY_DIAGNOSTIC_ONLY
trial_043_20260902_clean_v010,P04,rear_left_hip,servo,actual_endpoint_error_percent,0.17446783916468006,True,,false,raw observation/full12 ledgers vs immutable v010 contract,ADVISORY_DIAGNOSTIC_ONLY
trial_043_20260902_clean_v010,P04,rear_left_hip,servo,command_delta_error_percent,0.0,True,,false,raw observation/full12 ledgers vs immutable v010 contract,ADVISORY_DIAGNOSTIC_ONLY
trial_043_20260902_clean_v010,P04,rear_left_hip,servo,actual_delta_error_percent,5.759855032942618,True,,false,raw observation/full12 ledgers vs immutable v010 contract,ADVISORY_DIAGNOSTIC_ONLY
trial_043_20260902_clean_v010,P04,rear_left_hip,servo,duration_error_percent,5.6991448597427944e-12,True,,false,raw observation/full12 ledgers vs immutable v010 contract,ADVISORY_DIAGNOSTIC_ONLY
trial_043_20260902_clean_v010,P04,rear_left_hip,servo,command_average_velocity_error_percent,3.770317391627032e-12,True,,false,raw observation/full12 ledgers vs immutable v010 contract,ADVISORY_DIAGNOSTIC_ONLY
trial_043_20260902_clean_v010,P04,rear_left_hip,servo,measured_average_velocity_error_percent,8.914628727601238,True,,false,raw observation/full12 ledgers vs immutable v010 contract,ADVISORY_DIAGNOSTIC_ONLY
trial_043_20260902_clean_v010,P04,rear_left_hip,servo,command_peak_velocity_error_percent,5.6843418860808015e-12,True,,false,raw observation/full12 ledgers vs immutable v010 contract,ADVISORY_DIAGNOSTIC_ONLY
trial_043_20260902_clean_v010,P04,rear_left_hip,servo,measured_peak_velocity_error_percent,10.119260929460237,True,,false,raw observation/full12 ledgers vs immutable v010 contract,ADVISORY_DIAGNOSTIC_ONLY
trial_043_20260902_clean_v010,P04,rear_left_hip,servo,trajectory_rmse_percent,4.50735691578392,True,,false,raw observation/full12 ledgers vs immutable v010 contract,ADVISORY_DIAGNOSTIC_ONLY
trial_043_20260902_clean_v010,P04,front_left_ankle,wheel,duration_error_percent,5.6991448597427944e-12,True,,false,raw observation/full12 ledgers vs immutable v010 contract,ADVISORY_DIAGNOSTIC_ONLY
trial_043_20260902_clean_v010,P04,front_left_ankle,wheel,command_average_velocity_error_percent,2.422304781000341e-13,True,,false,raw observation/full12 ledgers vs immutable v010 contract,ADVISORY_DIAGNOSTIC_ONLY
trial_043_20260902_clean_v010,P04,front_left_ankle,wheel,measured_average_velocity_error_percent,0.42958795965651825,True,,false,raw observation/full12 ledgers vs immutable v010 contract,ADVISORY_DIAGNOSTIC_ONLY
trial_043_20260902_clean_v010,P04,front_left_ankle,wheel,command_peak_velocity_error_percent,0.0,True,,false,raw observation/full12 ledgers vs immutable v010 contract,ADVISORY_DIAGNOSTIC_ONLY
trial_043_20260902_clean_v010,P04,front_left_ankle,wheel,measured_peak_velocity_error_percent,7.601253493407302,True,,false,raw observation/full12 ledgers vs immutable v010 contract,ADVISORY_DIAGNOSTIC_ONLY
trial_043_20260902_clean_v010,P04,front_left_ankle,wheel,command_wheel_integral_error_percent,5.938011025647008e-12,True,,false,raw observation/full12 ledgers vs immutable v010 contract,ADVISORY_DIAGNOSTIC_ONLY
trial_043_20260902_clean_v010,P04,front_left_ankle,wheel,actual_wheel_integral_error_percent,0.31857569301646965,True,,false,raw observation/full12 ledgers vs immutable v010 contract,ADVISORY_DIAGNOSTIC_ONLY
trial_043_20260902_clean_v010,P04,front_right_ankle,wheel,duration_error_percent,5.6991448597427944e-12,True,,false,raw observation/full12 ledgers vs immutable v010 contract,ADVISORY_DIAGNOSTIC_ONLY
trial_043_20260902_clean_v010,P04,front_right_ankle,wheel,command_average_velocity_error_percent,2.422304781000341e-13,True,,false,raw observation/full12 ledgers vs immutable v010 contract,ADVISORY_DIAGNOSTIC_ONLY
trial_043_20260902_clean_v010,P04,front_right_ankle,wheel,measured_average_velocity_error_percent,0.08029849733048401,True,,false,raw observation/full12 ledgers vs immutable v010 contract,ADVISORY_DIAGNOSTIC_ONLY
trial_043_20260902_clean_v010,P04,front_right_ankle,wheel,command_peak_velocity_error_percent,0.0,True,,false,raw observation/full12 ledgers vs immutable v010 contract,ADVISORY_DIAGNOSTIC_ONLY
trial_043_20260902_clean_v010,P04,front_right_ankle,wheel,measured_peak_velocity_error_percent,24.26166407085502,True,,false,raw observation/full12 ledgers vs immutable v010 contract,ADVISORY_DIAGNOSTIC_ONLY
trial_043_20260902_clean_v010,P04,front_right_ankle,wheel,command_wheel_integral_error_percent,5.938011025647008e-12,True,,false,raw observation/full12 ledgers vs immutable v010 contract,ADVISORY_DIAGNOSTIC_ONLY
trial_043_20260902_clean_v010,P04,front_right_ankle,wheel,actual_wheel_integral_error_percent,0.30817927590017,True,,false,raw observation/full12 ledgers vs immutable v010 contract,ADVISORY_DIAGNOSTIC_ONLY
trial_043_20260902_clean_v010,P04,rear_left_ankle,wheel,duration_error_percent,5.6991448597427944e-12,True,,false,raw observation/full12 ledgers vs immutable v010 contract,ADVISORY_DIAGNOSTIC_ONLY
trial_043_20260902_clean_v010,P04,rear_left_ankle,wheel,command_average_velocity_error_percent,2.422304781000341e-13,True,,false,raw observation/full12 ledgers vs immutable v010 contract,ADVISORY_DIAGNOSTIC_ONLY
trial_043_20260902_clean_v010,P04,rear_left_ankle,wheel,measured_average_velocity_error_percent,0.08193004122364549,True,,false,raw observation/full12 ledgers vs immutable v010 contract,ADVISORY_DIAGNOSTIC_ONLY
trial_043_20260902_clean_v010,P04,rear_left_ankle,wheel,command_peak_velocity_error_percent,0.0,True,,false,raw observation/full12 ledgers vs immutable v010 contract,ADVISORY_DIAGNOSTIC_ONLY
trial_043_20260902_clean_v010,P04,rear_left_ankle,wheel,measured_peak_velocity_error_percent,0.12192850597802711,True,,false,raw observation/full12 ledgers vs immutable v010 contract,ADVISORY_DIAGNOSTIC_ONLY
trial_043_20260902_clean_v010,P04,rear_left_ankle,wheel,command_wheel_integral_error_percent,5.938011025647008e-12,True,,false,raw observation/full12 ledgers vs immutable v010 contract,ADVISORY_DIAGNOSTIC_ONLY
trial_043_20260902_clean_v010,P04,rear_left_ankle,wheel,actual_wheel_integral_error_percent,0.11184002002057761,True,,false,raw observation/full12 ledgers vs immutable v010 contract,ADVISORY_DIAGNOSTIC_ONLY
trial_043_20260902_clean_v010,P04,rear_right_ankle,wheel,duration_error_percent,5.6991448597427944e-12,True,,false,raw observation/full12 ledgers vs immutable v010 contract,ADVISORY_DIAGNOSTIC_ONLY
trial_043_20260902_clean_v010,P04,rear_right_ankle,wheel,command_average_velocity_error_percent,2.422304781000341e-13,True,,false,raw observation/full12 ledgers vs immutable v010 contract,ADVISORY_DIAGNOSTIC_ONLY
trial_043_20260902_clean_v010,P04,rear_right_ankle,wheel,measured_average_velocity_error_percent,0.0059499567672346805,True,,false,raw observation/full12 ledgers vs immutable v010 contract,ADVISORY_DIAGNOSTIC_ONLY
trial_043_20260902_clean_v010,P04,rear_right_ankle,wheel,command_peak_velocity_error_percent,0.0,True,,false,raw observation/full12 ledgers vs immutable v010 contract,ADVISORY_DIAGNOSTIC_ONLY
trial_043_20260902_clean_v010,P04,rear_right_ankle,wheel,measured_peak_velocity_error_percent,20.339170292899542,True,,false,raw observation/full12 ledgers vs immutable v010 contract,ADVISORY_DIAGNOSTIC_ONLY
trial_043_20260902_clean_v010,P04,rear_right_ankle,wheel,command_wheel_integral_error_percent,5.938011025647008e-12,True,,false,raw observation/full12 ledgers vs immutable v010 contract,ADVISORY_DIAGNOSTIC_ONLY
trial_043_20260902_clean_v010,P04,rear_right_ankle,wheel,actual_wheel_integral_error_percent,0.40466802524457035,True,,false,raw observation/full12 ledgers vs immutable v010 contract,ADVISORY_DIAGNOSTIC_ONLY
trial_043_20260902_clean_v010,P05,front_left_hip,servo,command_endpoint_error_percent,0.0,True,,false,raw observation/full12 ledgers vs immutable v010 contract,ADVISORY_DIAGNOSTIC_ONLY
trial_043_20260902_clean_v010,P05,front_left_hip,servo,actual_endpoint_error_percent,1.619428865119014,True,,false,raw observation/full12 ledgers vs immutable v010 contract,ADVISORY_DIAGNOSTIC_ONLY
trial_043_20260902_clean_v010,P05,front_left_hip,servo,command_delta_error_percent,0.0,True,,false,raw observation/full12 ledgers vs immutable v010 contract,ADVISORY_DIAGNOSTIC_ONLY
trial_043_20260902_clean_v010,P05,front_left_hip,servo,actual_delta_error_percent,1.9852821064015886,True,,false,raw observation/full12 ledgers vs immutable v010 contract,ADVISORY_DIAGNOSTIC_ONLY
trial_043_20260902_clean_v010,P05,front_left_hip,servo,duration_error_percent,5.657574865213446e-12,True,,false,raw observation/full12 ledgers vs immutable v010 contract,ADVISORY_DIAGNOSTIC_ONLY
trial_043_20260902_clean_v010,P05,front_left_hip,servo,command_average_velocity_error_percent,5.638002142443955e-12,True,,false,raw observation/full12 ledgers vs immutable v010 contract,ADVISORY_DIAGNOSTIC_ONLY
trial_043_20260902_clean_v010,P05,front_left_hip,servo,measured_average_velocity_error_percent,0.28302111682023917,True,,false,raw observation/full12 ledgers vs immutable v010 contract,ADVISORY_DIAGNOSTIC_ONLY
trial_043_20260902_clean_v010,P05,front_left_hip,servo,command_peak_velocity_error_percent,5.760133111228545e-12,True,,false,raw observation/full12 ledgers vs immutable v010 contract,ADVISORY_DIAGNOSTIC_ONLY
trial_043_20260902_clean_v010,P05,front_left_hip,servo,measured_peak_velocity_error_percent,0.20614836713671758,True,,false,raw observation/full12 ledgers vs immutable v010 contract,ADVISORY_DIAGNOSTIC_ONLY
trial_043_20260902_clean_v010,P05,front_left_hip,servo,trajectory_rmse_percent,0.47287801478256974,True,,false,raw observation/full12 ledgers vs immutable v010 contract,ADVISORY_DIAGNOSTIC_ONLY
trial_043_20260902_clean_v010,P05,front_left_knee,servo,command_endpoint_error_percent,0.0,True,,false,raw observation/full12 ledgers vs immutable v010 contract,ADVISORY_DIAGNOSTIC_ONLY
trial_043_20260902_clean_v010,P05,front_left_knee,servo,actual_endpoint_error_percent,0.14751411189024569,True,,false,raw observation/full12 ledgers vs immutable v010 contract,ADVISORY_DIAGNOSTIC_ONLY
trial_043_20260902_clean_v010,P05,front_left_knee,servo,command_delta_error_percent,0.0,True,,false,raw observation/full12 ledgers vs immutable v010 contract,ADVISORY_DIAGNOSTIC_ONLY
trial_043_20260902_clean_v010,P05,front_left_knee,servo,actual_delta_error_percent,0.24353219227501652,True,,false,raw observation/full12 ledgers vs immutable v010 contract,ADVISORY_DIAGNOSTIC_ONLY
trial_043_20260902_clean_v010,P05,front_left_knee,servo,duration_error_percent,5.657574865213446e-12,True,,false,raw observation/full12 ledgers vs immutable v010 contract,ADVISORY_DIAGNOSTIC_ONLY
trial_043_20260902_clean_v010,P05,front_left_knee,servo,command_average_velocity_error_percent,5.662316976481448e-12,True,,false,raw observation/full12 ledgers vs immutable v010 contract,ADVISORY_DIAGNOSTIC_ONLY
trial_043_20260902_clean_v010,P05,front_left_knee,servo,measured_average_velocity_error_percent,0.015441627480206123,True,,false,raw observation/full12 ledgers vs immutable v010 contract,ADVISORY_DIAGNOSTIC_ONLY
trial_043_20260902_clean_v010,P05,front_left_knee,servo,command_peak_velocity_error_percent,5.6843418860808015e-12,True,,false,raw observation/full12 ledgers vs immutable v010 contract,ADVISORY_DIAGNOSTIC_ONLY
trial_043_20260902_clean_v010,P05,front_left_knee,servo,measured_peak_velocity_error_percent,0.38332689447869817,True,,false,raw observation/full12 ledgers vs immutable v010 contract,ADVISORY_DIAGNOSTIC_ONLY
trial_043_20260902_clean_v010,P05,front_left_knee,servo,trajectory_rmse_percent,2.5549430096222583,True,,false,raw observation/full12 ledgers vs immutable v010 contract,ADVISORY_DIAGNOSTIC_ONLY
trial_043_20260902_clean_v010,P05,front_left_ankle,wheel,duration_error_percent,5.657574865213446e-12,True,,false,raw observation/full12 ledgers vs immutable v010 contract,ADVISORY_DIAGNOSTIC_ONLY
trial_043_20260902_clean_v010,P05,front_left_ankle,wheel,command_average_velocity_error_percent,1.3837169892279397e-12,True,,false,raw observation/full12 ledgers vs immutable v010 contract,ADVISORY_DIAGNOSTIC_ONLY
trial_043_20260902_clean_v010,P05,front_left_ankle,wheel,measured_average_velocity_error_percent,0.019799506494464145,True,,false,raw observation/full12 ledgers vs immutable v010 contract,ADVISORY_DIAGNOSTIC_ONLY
trial_043_20260902_clean_v010,P05,front_left_ankle,wheel,command_peak_velocity_error_percent,0.0,True,,false,raw observation/full12 ledgers vs immutable v010 contract,ADVISORY_DIAGNOSTIC_ONLY
trial_043_20260902_clean_v010,P05,front_left_ankle,wheel,measured_peak_velocity_error_percent,0.06478357288896192,True,,false,raw observation/full12 ledgers vs immutable v010 contract,ADVISORY_DIAGNOSTIC_ONLY
trial_043_20260902_clean_v010,P05,front_left_ankle,wheel,command_wheel_integral_error_percent,7.0223862858408205e-12,True,,false,raw observation/full12 ledgers vs immutable v010 contract,ADVISORY_DIAGNOSTIC_ONLY
trial_043_20260902_clean_v010,P05,front_left_ankle,wheel,actual_wheel_integral_error_percent,0.04075843866450638,True,,false,raw observation/full12 ledgers vs immutable v010 contract,ADVISORY_DIAGNOSTIC_ONLY
trial_043_20260902_clean_v010,P05,front_right_ankle,wheel,duration_error_percent,5.657574865213446e-12,True,,false,raw observation/full12 ledgers vs immutable v010 contract,ADVISORY_DIAGNOSTIC_ONLY
trial_043_20260902_clean_v010,P05,front_right_ankle,wheel,command_average_velocity_error_percent,1.3837169892279397e-12,True,,false,raw observation/full12 ledgers vs immutable v010 contract,ADVISORY_DIAGNOSTIC_ONLY
trial_043_20260902_clean_v010,P05,front_right_ankle,wheel,measured_average_velocity_error_percent,2.850397329490911,True,,false,raw observation/full12 ledgers vs immutable v010 contract,ADVISORY_DIAGNOSTIC_ONLY
trial_043_20260902_clean_v010,P05,front_right_ankle,wheel,command_peak_velocity_error_percent,0.0,True,,false,raw observation/full12 ledgers vs immutable v010 contract,ADVISORY_DIAGNOSTIC_ONLY
trial_043_20260902_clean_v010,P05,front_right_ankle,wheel,measured_peak_velocity_error_percent,3.6801707044179963,True,,false,raw observation/full12 ledgers vs immutable v010 contract,ADVISORY_DIAGNOSTIC_ONLY
trial_043_20260902_clean_v010,P05,front_right_ankle,wheel,command_wheel_integral_error_percent,7.0223862858408205e-12,True,,false,raw observation/full12 ledgers vs immutable v010 contract,ADVISORY_DIAGNOSTIC_ONLY
trial_043_20260902_clean_v010,P05,front_right_ankle,wheel,actual_wheel_integral_error_percent,1.2232440168883671,True,,false,raw observation/full12 ledgers vs immutable v010 contract,ADVISORY_DIAGNOSTIC_ONLY
trial_043_20260902_clean_v010,P05,rear_left_ankle,wheel,duration_error_percent,5.657574865213446e-12,True,,false,raw observation/full12 ledgers vs immutable v010 contract,ADVISORY_DIAGNOSTIC_ONLY
trial_043_20260902_clean_v010,P05,rear_left_ankle,wheel,command_average_velocity_error_percent,1.3837169892279397e-12,True,,false,raw observation/full12 ledgers vs immutable v010 contract,ADVISORY_DIAGNOSTIC_ONLY
trial_043_20260902_clean_v010,P05,rear_left_ankle,wheel,measured_average_velocity_error_percent,1.8358516963183216,True,,false,raw observation/full12 ledgers vs immutable v010 contract,ADVISORY_DIAGNOSTIC_ONLY
trial_043_20260902_clean_v010,P05,rear_left_ankle,wheel,command_peak_velocity_error_percent,0.0,True,,false,raw observation/full12 ledgers vs immutable v010 contract,ADVISORY_DIAGNOSTIC_ONLY
trial_043_20260902_clean_v010,P05,rear_left_ankle,wheel,measured_peak_velocity_error_percent,3.524476864612725,True,,false,raw observation/full12 ledgers vs immutable v010 contract,ADVISORY_DIAGNOSTIC_ONLY
trial_043_20260902_clean_v010,P05,rear_left_ankle,wheel,command_wheel_integral_error_percent,7.0223862858408205e-12,True,,false,raw observation/full12 ledgers vs immutable v010 contract,ADVISORY_DIAGNOSTIC_ONLY
trial_043_20260902_clean_v010,P05,rear_left_ankle,wheel,actual_wheel_integral_error_percent,2.358409983443402,True,,false,raw observation/full12 ledgers vs immutable v010 contract,ADVISORY_DIAGNOSTIC_ONLY
trial_043_20260902_clean_v010,P05,rear_right_ankle,wheel,duration_error_percent,5.657574865213446e-12,True,,false,raw observation/full12 ledgers vs immutable v010 contract,ADVISORY_DIAGNOSTIC_ONLY
trial_043_20260902_clean_v010,P05,rear_right_ankle,wheel,command_average_velocity_error_percent,1.3837169892279397e-12,True,,false,raw observation/full12 ledgers vs immutable v010 contract,ADVISORY_DIAGNOSTIC_ONLY
trial_043_20260902_clean_v010,P05,rear_right_ankle,wheel,measured_average_velocity_error_percent,1.2256433114788465,True,,false,raw observation/full12 ledgers vs immutable v010 contract,ADVISORY_DIAGNOSTIC_ONLY
trial_043_20260902_clean_v010,P05,rear_right_ankle,wheel,command_peak_velocity_error_percent,0.0,True,,false,raw observation/full12 ledgers vs immutable v010 contract,ADVISORY_DIAGNOSTIC_ONLY
trial_043_20260902_clean_v010,P05,rear_right_ankle,wheel,measured_peak_velocity_error_percent,0.4765971582383816,True,,false,raw observation/full12 ledgers vs immutable v010 contract,ADVISORY_DIAGNOSTIC_ONLY
trial_043_20260902_clean_v010,P05,rear_right_ankle,wheel,command_wheel_integral_error_percent,7.0223862858408205e-12,True,,false,raw observation/full12 ledgers vs immutable v010 contract,ADVISORY_DIAGNOSTIC_ONLY
trial_043_20260902_clean_v010,P05,rear_right_ankle,wheel,actual_wheel_integral_error_percent,2.6666462879369917,True,,false,raw observation/full12 ledgers vs immutable v010 contract,ADVISORY_DIAGNOSTIC_ONLY
trial_043_20260902_clean_v010,P06,front_left_ankle,wheel,duration_error_percent,5.690835096460134e-12,True,,false,raw observation/full12 ledgers vs immutable v010 contract,ADVISORY_DIAGNOSTIC_ONLY
trial_043_20260902_clean_v010,P06,front_left_ankle,wheel,command_average_velocity_error_percent,4.773959005888173e-12,True,,false,raw observation/full12 ledgers vs immutable v010 contract,ADVISORY_DIAGNOSTIC_ONLY
trial_043_20260902_clean_v010,P06,front_left_ankle,wheel,measured_average_velocity_error_percent,0.07029984006987666,True,,false,raw observation/full12 ledgers vs immutable v010 contract,ADVISORY_DIAGNOSTIC_ONLY
trial_043_20260902_clean_v010,P06,front_left_ankle,wheel,command_peak_velocity_error_percent,0.0,True,,false,raw observation/full12 ledgers vs immutable v010 contract,ADVISORY_DIAGNOSTIC_ONLY
trial_043_20260902_clean_v010,P06,front_left_ankle,wheel,measured_peak_velocity_error_percent,2.688391903115966,True,,false,raw observation/full12 ledgers vs immutable v010 contract,ADVISORY_DIAGNOSTIC_ONLY
trial_043_20260902_clean_v010,P06,front_left_ankle,wheel,command_wheel_integral_error_percent,9.160064641816435e-13,True,,false,raw observation/full12 ledgers vs immutable v010 contract,ADVISORY_DIAGNOSTIC_ONLY
trial_043_20260902_clean_v010,P06,front_left_ankle,wheel,actual_wheel_integral_error_percent,0.07803576623568119,True,,false,raw observation/full12 ledgers vs immutable v010 contract,ADVISORY_DIAGNOSTIC_ONLY
trial_043_20260902_clean_v010,P06,front_right_ankle,wheel,duration_error_percent,5.690835096460134e-12,True,,false,raw observation/full12 ledgers vs immutable v010 contract,ADVISORY_DIAGNOSTIC_ONLY
trial_043_20260902_clean_v010,P06,front_right_ankle,wheel,command_average_velocity_error_percent,4.773959005888173e-12,True,,false,raw observation/full12 ledgers vs immutable v010 contract,ADVISORY_DIAGNOSTIC_ONLY
trial_043_20260902_clean_v010,P06,front_right_ankle,wheel,measured_average_velocity_error_percent,0.10963570179198144,True,,false,raw observation/full12 ledgers vs immutable v010 contract,ADVISORY_DIAGNOSTIC_ONLY
trial_043_20260902_clean_v010,P06,front_right_ankle,wheel,command_peak_velocity_error_percent,0.0,True,,false,raw observation/full12 ledgers vs immutable v010 contract,ADVISORY_DIAGNOSTIC_ONLY
trial_043_20260902_clean_v010,P06,front_right_ankle,wheel,measured_peak_velocity_error_percent,6.927080012968492,True,,false,raw observation/full12 ledgers vs immutable v010 contract,ADVISORY_DIAGNOSTIC_ONLY
trial_043_20260902_clean_v010,P06,front_right_ankle,wheel,command_wheel_integral_error_percent,9.160064641816435e-13,True,,false,raw observation/full12 ledgers vs immutable v010 contract,ADVISORY_DIAGNOSTIC_ONLY
trial_043_20260902_clean_v010,P06,front_right_ankle,wheel,actual_wheel_integral_error_percent,0.10658622773230186,True,,false,raw observation/full12 ledgers vs immutable v010 contract,ADVISORY_DIAGNOSTIC_ONLY
trial_043_20260902_clean_v010,P06,rear_left_ankle,wheel,duration_error_percent,5.690835096460134e-12,True,,false,raw observation/full12 ledgers vs immutable v010 contract,ADVISORY_DIAGNOSTIC_ONLY
trial_043_20260902_clean_v010,P06,rear_left_ankle,wheel,command_average_velocity_error_percent,4.773959005888173e-12,True,,false,raw observation/full12 ledgers vs immutable v010 contract,ADVISORY_DIAGNOSTIC_ONLY
trial_043_20260902_clean_v010,P06,rear_left_ankle,wheel,measured_average_velocity_error_percent,0.19888125325727746,True,,false,raw observation/full12 ledgers vs immutable v010 contract,ADVISORY_DIAGNOSTIC_ONLY
trial_043_20260902_clean_v010,P06,rear_left_ankle,wheel,command_peak_velocity_error_percent,0.0,True,,false,raw observation/full12 ledgers vs immutable v010 contract,ADVISORY_DIAGNOSTIC_ONLY
trial_043_20260902_clean_v010,P06,rear_left_ankle,wheel,measured_peak_velocity_error_percent,2.340910454534315,True,,false,raw observation/full12 ledgers vs immutable v010 contract,ADVISORY_DIAGNOSTIC_ONLY
trial_043_20260902_clean_v010,P06,rear_left_ankle,wheel,command_wheel_integral_error_percent,9.160064641816435e-13,True,,false,raw observation/full12 ledgers vs immutable v010 contract,ADVISORY_DIAGNOSTIC_ONLY
trial_043_20260902_clean_v010,P06,rear_left_ankle,wheel,actual_wheel_integral_error_percent,0.19439954973571766,True,,false,raw observation/full12 ledgers vs immutable v010 contract,ADVISORY_DIAGNOSTIC_ONLY
trial_043_20260902_clean_v010,P06,rear_right_ankle,wheel,duration_error_percent,5.690835096460134e-12,True,,false,raw observation/full12 ledgers vs immutable v010 contract,ADVISORY_DIAGNOSTIC_ONLY
trial_043_20260902_clean_v010,P06,rear_right_ankle,wheel,command_average_velocity_error_percent,4.773959005888173e-12,True,,false,raw observation/full12 ledgers vs immutable v010 contract,ADVISORY_DIAGNOSTIC_ONLY
trial_043_20260902_clean_v010,P06,rear_right_ankle,wheel,measured_average_velocity_error_percent,0.15228273136061538,True,,false,raw observation/full12 ledgers vs immutable v010 contract,ADVISORY_DIAGNOSTIC_ONLY
trial_043_20260902_clean_v010,P06,rear_right_ankle,wheel,command_peak_velocity_error_percent,0.0,True,,false,raw observation/full12 ledgers vs immutable v010 contract,ADVISORY_DIAGNOSTIC_ONLY
trial_043_20260902_clean_v010,P06,rear_right_ankle,wheel,measured_peak_velocity_error_percent,0.9654514033631753,True,,false,raw observation/full12 ledgers vs immutable v010 contract,ADVISORY_DIAGNOSTIC_ONLY
trial_043_20260902_clean_v010,P06,rear_right_ankle,wheel,command_wheel_integral_error_percent,9.160064641816435e-13,True,,false,raw observation/full12 ledgers vs immutable v010 contract,ADVISORY_DIAGNOSTIC_ONLY
trial_043_20260902_clean_v010,P06,rear_right_ankle,wheel,actual_wheel_integral_error_percent,0.15042107965146173,True,,false,raw observation/full12 ledgers vs immutable v010 contract,ADVISORY_DIAGNOSTIC_ONLY
trial_043_20260902_clean_v010,P07,front_left_hip,servo,command_endpoint_error_percent,0.0,True,,false,raw observation/full12 ledgers vs immutable v010 contract,ADVISORY_DIAGNOSTIC_ONLY
trial_043_20260902_clean_v010,P07,front_left_hip,servo,actual_endpoint_error_percent,1.4913588365586685,True,,false,raw observation/full12 ledgers vs immutable v010 contract,ADVISORY_DIAGNOSTIC_ONLY
trial_043_20260902_clean_v010,P07,front_left_hip,servo,command_delta_error_percent,0.0,True,,false,raw observation/full12 ledgers vs immutable v010 contract,ADVISORY_DIAGNOSTIC_ONLY
trial_043_20260902_clean_v010,P07,front_left_hip,servo,actual_delta_error_percent,1.4782280140245563,True,,false,raw observation/full12 ledgers vs immutable v010 contract,ADVISORY_DIAGNOSTIC_ONLY
trial_043_20260902_clean_v010,P07,front_left_hip,servo,duration_error_percent,5.5422333389290965e-12,True,,false,raw observation/full12 ledgers vs immutable v010 contract,ADVISORY_DIAGNOSTIC_ONLY
trial_043_20260902_clean_v010,P07,front_left_hip,servo,command_average_velocity_error_percent,5.569118739741008e-12,True,,false,raw observation/full12 ledgers vs immutable v010 contract,ADVISORY_DIAGNOSTIC_ONLY
trial_043_20260902_clean_v010,P07,front_left_hip,servo,measured_average_velocity_error_percent,0.3827407195603606,True,,false,raw observation/full12 ledgers vs immutable v010 contract,ADVISORY_DIAGNOSTIC_ONLY
trial_043_20260902_clean_v010,P07,front_left_hip,servo,command_peak_velocity_error_percent,5.6843418860808015e-12,True,,false,raw observation/full12 ledgers vs immutable v010 contract,ADVISORY_DIAGNOSTIC_ONLY
trial_043_20260902_clean_v010,P07,front_left_hip,servo,measured_peak_velocity_error_percent,0.20537805797770933,True,,false,raw observation/full12 ledgers vs immutable v010 contract,ADVISORY_DIAGNOSTIC_ONLY
trial_043_20260902_clean_v010,P07,front_left_hip,servo,trajectory_rmse_percent,0.5781083338864565,True,,false,raw observation/full12 ledgers vs immutable v010 contract,ADVISORY_DIAGNOSTIC_ONLY
trial_043_20260902_clean_v010,P07,front_right_knee,servo,command_endpoint_error_percent,0.0,True,,false,raw observation/full12 ledgers vs immutable v010 contract,ADVISORY_DIAGNOSTIC_ONLY
trial_043_20260902_clean_v010,P07,front_right_knee,servo,actual_endpoint_error_percent,8.728727934678767,True,,false,raw observation/full12 ledgers vs immutable v010 contract,ADVISORY_DIAGNOSTIC_ONLY
trial_043_20260902_clean_v010,P07,front_right_knee,servo,command_delta_error_percent,0.0,True,,false,raw observation/full12 ledgers vs immutable v010 contract,ADVISORY_DIAGNOSTIC_ONLY
trial_043_20260902_clean_v010,P07,front_right_knee,servo,actual_delta_error_percent,11.897289610589139,True,,false,raw observation/full12 ledgers vs immutable v010 contract,ADVISORY_DIAGNOSTIC_ONLY
trial_043_20260902_clean_v010,P07,front_right_knee,servo,duration_error_percent,5.5422333389290965e-12,True,,false,raw observation/full12 ledgers vs immutable v010 contract,ADVISORY_DIAGNOSTIC_ONLY
trial_043_20260902_clean_v010,P07,front_right_knee,servo,command_average_velocity_error_percent,5.541113113894611e-12,True,,false,raw observation/full12 ledgers vs immutable v010 contract,ADVISORY_DIAGNOSTIC_ONLY
trial_043_20260902_clean_v010,P07,front_right_knee,servo,measured_average_velocity_error_percent,6.17483485378248,True,,false,raw observation/full12 ledgers vs immutable v010 contract,ADVISORY_DIAGNOSTIC_ONLY
trial_043_20260902_clean_v010,P07,front_right_knee,servo,command_peak_velocity_error_percent,5.6843418860808015e-12,True,,false,raw observation/full12 ledgers vs immutable v010 contract,ADVISORY_DIAGNOSTIC_ONLY
trial_043_20260902_clean_v010,P07,front_right_knee,servo,measured_peak_velocity_error_percent,9.53917239247474,True,,false,raw observation/full12 ledgers vs immutable v010 contract,ADVISORY_DIAGNOSTIC_ONLY
trial_043_20260902_clean_v010,P07,front_right_knee,servo,trajectory_rmse_percent,5.246093993053056,True,,false,raw observation/full12 ledgers vs immutable v010 contract,ADVISORY_DIAGNOSTIC_ONLY
trial_043_20260902_clean_v010,P07,front_right_ankle,wheel,duration_error_percent,5.5422333389290965e-12,True,,false,raw observation/full12 ledgers vs immutable v010 contract,ADVISORY_DIAGNOSTIC_ONLY
trial_043_20260902_clean_v010,P07,front_right_ankle,wheel,command_average_velocity_error_percent,3.3776626410553707e-13,True,,false,raw observation/full12 ledgers vs immutable v010 contract,ADVISORY_DIAGNOSTIC_ONLY
trial_043_20260902_clean_v010,P07,front_right_ankle,wheel,measured_average_velocity_error_percent,0.4480424461485085,True,,false,raw observation/full12 ledgers vs immutable v010 contract,ADVISORY_DIAGNOSTIC_ONLY
trial_043_20260902_clean_v010,P07,front_right_ankle,wheel,command_peak_velocity_error_percent,0.0,True,,false,raw observation/full12 ledgers vs immutable v010 contract,ADVISORY_DIAGNOSTIC_ONLY
trial_043_20260902_clean_v010,P07,front_right_ankle,wheel,measured_peak_velocity_error_percent,13.934239198466742,True,,false,raw observation/full12 ledgers vs immutable v010 contract,ADVISORY_DIAGNOSTIC_ONLY
trial_043_20260902_clean_v010,P07,front_right_ankle,wheel,command_wheel_integral_error_percent,5.868321701590447e-12,True,,false,raw observation/full12 ledgers vs immutable v010 contract,ADVISORY_DIAGNOSTIC_ONLY
trial_043_20260902_clean_v010,P07,front_right_ankle,wheel,actual_wheel_integral_error_percent,1.1208595526636802,True,,false,raw observation/full12 ledgers vs immutable v010 contract,ADVISORY_DIAGNOSTIC_ONLY
trial_043_20260902_clean_v010,P08,rear_left_hip,servo,command_endpoint_error_percent,1.4620220900413587e-14,True,,false,raw observation/full12 ledgers vs immutable v010 contract,ADVISORY_DIAGNOSTIC_ONLY
trial_043_20260902_clean_v010,P08,rear_left_hip,servo,actual_endpoint_error_percent,1.5902676039769381,True,,false,raw observation/full12 ledgers vs immutable v010 contract,ADVISORY_DIAGNOSTIC_ONLY
trial_043_20260902_clean_v010,P08,rear_left_hip,servo,command_delta_error_percent,0.0,True,,false,raw observation/full12 ledgers vs immutable v010 contract,ADVISORY_DIAGNOSTIC_ONLY
trial_043_20260902_clean_v010,P08,rear_left_hip,servo,actual_delta_error_percent,6.453205943531124,True,,false,raw observation/full12 ledgers vs immutable v010 contract,ADVISORY_DIAGNOSTIC_ONLY
trial_043_20260902_clean_v010,P08,rear_left_hip,servo,duration_error_percent,5.329070518201054e-12,True,,false,raw observation/full12 ledgers vs immutable v010 contract,ADVISORY_DIAGNOSTIC_ONLY
trial_043_20260902_clean_v010,P08,rear_left_hip,servo,command_average_velocity_error_percent,5.345152761190903e-12,True,,false,raw observation/full12 ledgers vs immutable v010 contract,ADVISORY_DIAGNOSTIC_ONLY
trial_043_20260902_clean_v010,P08,rear_left_hip,servo,measured_average_velocity_error_percent,8.214915130641607,True,,false,raw observation/full12 ledgers vs immutable v010 contract,ADVISORY_DIAGNOSTIC_ONLY
trial_043_20260902_clean_v010,P08,rear_left_hip,servo,command_peak_velocity_error_percent,5.6843418860808015e-12,True,,false,raw observation/full12 ledgers vs immutable v010 contract,ADVISORY_DIAGNOSTIC_ONLY
trial_043_20260902_clean_v010,P08,rear_left_hip,servo,measured_peak_velocity_error_percent,9.7478935167321,True,,false,raw observation/full12 ledgers vs immutable v010 contract,ADVISORY_DIAGNOSTIC_ONLY
trial_043_20260902_clean_v010,P08,rear_left_hip,servo,trajectory_rmse_percent,2.9583833055237543,True,,false,raw observation/full12 ledgers vs immutable v010 contract,ADVISORY_DIAGNOSTIC_ONLY
trial_043_20260902_clean_v010,P09,front_left_hip,servo,command_endpoint_error_percent,0.0,True,,false,raw observation/full12 ledgers vs immutable v010 contract,ADVISORY_DIAGNOSTIC_ONLY
trial_043_20260902_clean_v010,P09,front_left_hip,servo,actual_endpoint_error_percent,0.1027907584679695,True,,false,raw observation/full12 ledgers vs immutable v010 contract,ADVISORY_DIAGNOSTIC_ONLY
trial_043_20260902_clean_v010,P09,front_left_hip,servo,command_delta_error_percent,0.0,True,,false,raw observation/full12 ledgers vs immutable v010 contract,ADVISORY_DIAGNOSTIC_ONLY
trial_043_20260902_clean_v010,P09,front_left_hip,servo,actual_delta_error_percent,0.10204912671920309,True,,false,raw observation/full12 ledgers vs immutable v010 contract,ADVISORY_DIAGNOSTIC_ONLY
trial_043_20260902_clean_v010,P09,front_left_hip,servo,duration_error_percent,3.1777050127038847e-11,True,,false,raw observation/full12 ledgers vs immutable v010 contract,ADVISORY_DIAGNOSTIC_ONLY
trial_043_20260902_clean_v010,P09,front_left_hip,servo,command_average_velocity_error_percent,3.178403249875698e-11,True,,false,raw observation/full12 ledgers vs immutable v010 contract,ADVISORY_DIAGNOSTIC_ONLY
trial_043_20260902_clean_v010,P09,front_left_hip,servo,measured_average_velocity_error_percent,2.1334116583137948,True,,false,raw observation/full12 ledgers vs immutable v010 contract,ADVISORY_DIAGNOSTIC_ONLY
trial_043_20260902_clean_v010,P09,front_left_hip,servo,command_peak_velocity_error_percent,9.094947017729282e-11,True,,false,raw observation/full12 ledgers vs immutable v010 contract,ADVISORY_DIAGNOSTIC_ONLY
trial_043_20260902_clean_v010,P09,front_left_hip,servo,measured_peak_velocity_error_percent,4.434272678449841,True,,false,raw observation/full12 ledgers vs immutable v010 contract,ADVISORY_DIAGNOSTIC_ONLY
trial_043_20260902_clean_v010,P09,front_left_hip,servo,trajectory_rmse_percent,0.649556809583871,True,,false,raw observation/full12 ledgers vs immutable v010 contract,ADVISORY_DIAGNOSTIC_ONLY
trial_043_20260902_clean_v010,P09,front_left_knee,servo,command_endpoint_error_percent,0.0,True,,false,raw observation/full12 ledgers vs immutable v010 contract,ADVISORY_DIAGNOSTIC_ONLY
trial_043_20260902_clean_v010,P09,front_left_knee,servo,actual_endpoint_error_percent,4.538262275771881,True,,false,raw observation/full12 ledgers vs immutable v010 contract,ADVISORY_DIAGNOSTIC_ONLY
trial_043_20260902_clean_v010,P09,front_left_knee,servo,command_delta_error_percent,0.0,True,,false,raw observation/full12 ledgers vs immutable v010 contract,ADVISORY_DIAGNOSTIC_ONLY
trial_043_20260902_clean_v010,P09,front_left_knee,servo,actual_delta_error_percent,4.566114269387395,True,,false,raw observation/full12 ledgers vs immutable v010 contract,ADVISORY_DIAGNOSTIC_ONLY
trial_043_20260902_clean_v010,P09,front_left_knee,servo,duration_error_percent,3.1777050127038847e-11,True,,false,raw observation/full12 ledgers vs immutable v010 contract,ADVISORY_DIAGNOSTIC_ONLY
trial_043_20260902_clean_v010,P09,front_left_knee,servo,command_average_velocity_error_percent,2.383426789265286e-11,True,,false,raw observation/full12 ledgers vs immutable v010 contract,ADVISORY_DIAGNOSTIC_ONLY
trial_043_20260902_clean_v010,P09,front_left_knee,servo,measured_average_velocity_error_percent,2.4243428658429553,True,,false,raw observation/full12 ledgers vs immutable v010 contract,ADVISORY_DIAGNOSTIC_ONLY
trial_043_20260902_clean_v010,P09,front_left_knee,servo,command_peak_velocity_error_percent,9.094947017729282e-11,True,,false,raw observation/full12 ledgers vs immutable v010 contract,ADVISORY_DIAGNOSTIC_ONLY
trial_043_20260902_clean_v010,P09,front_left_knee,servo,measured_peak_velocity_error_percent,0.6504231277491087,True,,false,raw observation/full12 ledgers vs immutable v010 contract,ADVISORY_DIAGNOSTIC_ONLY
trial_043_20260902_clean_v010,P09,front_left_knee,servo,trajectory_rmse_percent,4.769995961502091,True,,false,raw observation/full12 ledgers vs immutable v010 contract,ADVISORY_DIAGNOSTIC_ONLY
trial_043_20260902_clean_v010,P09,rear_left_hip,servo,command_endpoint_error_percent,0.0,True,,false,raw observation/full12 ledgers vs immutable v010 contract,ADVISORY_DIAGNOSTIC_ONLY
trial_043_20260902_clean_v010,P09,rear_left_hip,servo,actual_endpoint_error_percent,0.9721239652402175,True,,false,raw observation/full12 ledgers vs immutable v010 contract,ADVISORY_DIAGNOSTIC_ONLY
trial_043_20260902_clean_v010,P09,rear_left_hip,servo,command_delta_error_percent,2.24855296126614e-14,True,,false,raw observation/full12 ledgers vs immutable v010 contract,ADVISORY_DIAGNOSTIC_ONLY
trial_043_20260902_clean_v010,P09,rear_left_hip,servo,actual_delta_error_percent,0.7331321878578263,True,,false,raw observation/full12 ledgers vs immutable v010 contract,ADVISORY_DIAGNOSTIC_ONLY
trial_043_20260902_clean_v010,P09,rear_left_hip,servo,duration_error_percent,3.1777050127038847e-11,True,,false,raw observation/full12 ledgers vs immutable v010 contract,ADVISORY_DIAGNOSTIC_ONLY
trial_043_20260902_clean_v010,P09,rear_left_hip,servo,command_average_velocity_error_percent,2.092992446023345e-11,True,,false,raw observation/full12 ledgers vs immutable v010 contract,ADVISORY_DIAGNOSTIC_ONLY
trial_043_20260902_clean_v010,P09,rear_left_hip,servo,measured_average_velocity_error_percent,1.8280400745933365,True,,false,raw observation/full12 ledgers vs immutable v010 contract,ADVISORY_DIAGNOSTIC_ONLY
trial_043_20260902_clean_v010,P09,rear_left_hip,servo,command_peak_velocity_error_percent,9.094947017729282e-11,True,,false,raw observation/full12 ledgers vs immutable v010 contract,ADVISORY_DIAGNOSTIC_ONLY
trial_043_20260902_clean_v010,P09,rear_left_hip,servo,measured_peak_velocity_error_percent,1.3420542353998772,True,,false,raw observation/full12 ledgers vs immutable v010 contract,ADVISORY_DIAGNOSTIC_ONLY
trial_043_20260902_clean_v010,P09,rear_left_hip,servo,trajectory_rmse_percent,0.2742360873929314,True,,false,raw observation/full12 ledgers vs immutable v010 contract,ADVISORY_DIAGNOSTIC_ONLY
trial_043_20260902_clean_v010,P09,rear_left_knee,servo,command_endpoint_error_percent,0.0,True,,false,raw observation/full12 ledgers vs immutable v010 contract,ADVISORY_DIAGNOSTIC_ONLY
trial_043_20260902_clean_v010,P09,rear_left_knee,servo,actual_endpoint_error_percent,0.47723306288413164,True,,false,raw observation/full12 ledgers vs immutable v010 contract,ADVISORY_DIAGNOSTIC_ONLY
trial_043_20260902_clean_v010,P09,rear_left_knee,servo,command_delta_error_percent,0.0,True,,false,raw observation/full12 ledgers vs immutable v010 contract,ADVISORY_DIAGNOSTIC_ONLY
trial_043_20260902_clean_v010,P09,rear_left_knee,servo,actual_delta_error_percent,6.944579160421737,True,,false,raw observation/full12 ledgers vs immutable v010 contract,ADVISORY_DIAGNOSTIC_ONLY
trial_043_20260902_clean_v010,P09,rear_left_knee,servo,duration_error_percent,3.1777050127038847e-11,True,,false,raw observation/full12 ledgers vs immutable v010 contract,ADVISORY_DIAGNOSTIC_ONLY
trial_043_20260902_clean_v010,P09,rear_left_knee,servo,command_average_velocity_error_percent,2.5686119897727622e-11,True,,false,raw observation/full12 ledgers vs immutable v010 contract,ADVISORY_DIAGNOSTIC_ONLY
trial_043_20260902_clean_v010,P09,rear_left_knee,servo,measured_average_velocity_error_percent,11.641155610161634,True,,false,raw observation/full12 ledgers vs immutable v010 contract,ADVISORY_DIAGNOSTIC_ONLY
trial_043_20260902_clean_v010,P09,rear_left_knee,servo,command_peak_velocity_error_percent,9.094947017729282e-11,True,,false,raw observation/full12 ledgers vs immutable v010 contract,ADVISORY_DIAGNOSTIC_ONLY
trial_043_20260902_clean_v010,P09,rear_left_knee,servo,measured_peak_velocity_error_percent,5.085363625098651,True,,false,raw observation/full12 ledgers vs immutable v010 contract,ADVISORY_DIAGNOSTIC_ONLY
trial_043_20260902_clean_v010,P09,rear_left_knee,servo,trajectory_rmse_percent,4.144628687104811,True,,false,raw observation/full12 ledgers vs immutable v010 contract,ADVISORY_DIAGNOSTIC_ONLY
trial_043_20260902_clean_v010,P09,rear_right_hip,servo,command_endpoint_error_percent,0.0,True,,false,raw observation/full12 ledgers vs immutable v010 contract,ADVISORY_DIAGNOSTIC_ONLY
trial_043_20260902_clean_v010,P09,rear_right_hip,servo,actual_endpoint_error_percent,3.9172743449066822,True,,false,raw observation/full12 ledgers vs immutable v010 contract,ADVISORY_DIAGNOSTIC_ONLY
trial_043_20260902_clean_v010,P09,rear_right_hip,servo,command_delta_error_percent,0.0,True,,false,raw observation/full12 ledgers vs immutable v010 contract,ADVISORY_DIAGNOSTIC_ONLY
trial_043_20260902_clean_v010,P09,rear_right_hip,servo,actual_delta_error_percent,3.2706405694656415,True,,false,raw observation/full12 ledgers vs immutable v010 contract,ADVISORY_DIAGNOSTIC_ONLY
trial_043_20260902_clean_v010,P09,rear_right_hip,servo,duration_error_percent,3.1777050127038847e-11,True,,false,raw observation/full12 ledgers vs immutable v010 contract,ADVISORY_DIAGNOSTIC_ONLY
trial_043_20260902_clean_v010,P09,rear_right_hip,servo,command_average_velocity_error_percent,3.179573454653826e-11,True,,false,raw observation/full12 ledgers vs immutable v010 contract,ADVISORY_DIAGNOSTIC_ONLY
trial_043_20260902_clean_v010,P09,rear_right_hip,servo,measured_average_velocity_error_percent,0.19507774496153926,True,,false,raw observation/full12 ledgers vs immutable v010 contract,ADVISORY_DIAGNOSTIC_ONLY
trial_043_20260902_clean_v010,P09,rear_right_hip,servo,command_peak_velocity_error_percent,9.094947017729282e-11,True,,false,raw observation/full12 ledgers vs immutable v010 contract,ADVISORY_DIAGNOSTIC_ONLY
trial_043_20260902_clean_v010,P09,rear_right_hip,servo,measured_peak_velocity_error_percent,0.5009831612918643,True,,false,raw observation/full12 ledgers vs immutable v010 contract,ADVISORY_DIAGNOSTIC_ONLY
trial_043_20260902_clean_v010,P09,rear_right_hip,servo,trajectory_rmse_percent,1.2406259759818576,True,,false,raw observation/full12 ledgers vs immutable v010 contract,ADVISORY_DIAGNOSTIC_ONLY
trial_043_20260902_clean_v010,P09,rear_right_knee,servo,command_endpoint_error_percent,0.0,True,,false,raw observation/full12 ledgers vs immutable v010 contract,ADVISORY_DIAGNOSTIC_ONLY
trial_043_20260902_clean_v010,P09,rear_right_knee,servo,actual_endpoint_error_percent,5.822980202763382,True,,false,raw observation/full12 ledgers vs immutable v010 contract,ADVISORY_DIAGNOSTIC_ONLY
trial_043_20260902_clean_v010,P09,rear_right_knee,servo,command_delta_error_percent,0.0,True,,false,raw observation/full12 ledgers vs immutable v010 contract,ADVISORY_DIAGNOSTIC_ONLY
trial_043_20260902_clean_v010,P09,rear_right_knee,servo,actual_delta_error_percent,5.805168477118109,True,,false,raw observation/full12 ledgers vs immutable v010 contract,ADVISORY_DIAGNOSTIC_ONLY
trial_043_20260902_clean_v010,P09,rear_right_knee,servo,duration_error_percent,3.1777050127038847e-11,True,,false,raw observation/full12 ledgers vs immutable v010 contract,ADVISORY_DIAGNOSTIC_ONLY
trial_043_20260902_clean_v010,P09,rear_right_knee,servo,command_average_velocity_error_percent,3.177141089899741e-11,True,,false,raw observation/full12 ledgers vs immutable v010 contract,ADVISORY_DIAGNOSTIC_ONLY
trial_043_20260902_clean_v010,P09,rear_right_knee,servo,measured_average_velocity_error_percent,1.824265454397165,True,,false,raw observation/full12 ledgers vs immutable v010 contract,ADVISORY_DIAGNOSTIC_ONLY
trial_043_20260902_clean_v010,P09,rear_right_knee,servo,command_peak_velocity_error_percent,9.094947017729282e-11,True,,false,raw observation/full12 ledgers vs immutable v010 contract,ADVISORY_DIAGNOSTIC_ONLY
trial_043_20260902_clean_v010,P09,rear_right_knee,servo,measured_peak_velocity_error_percent,0.5830833299608836,True,,false,raw observation/full12 ledgers vs immutable v010 contract,ADVISORY_DIAGNOSTIC_ONLY
trial_043_20260902_clean_v010,P09,rear_right_knee,servo,trajectory_rmse_percent,3.2651720132935957,True,,false,raw observation/full12 ledgers vs immutable v010 contract,ADVISORY_DIAGNOSTIC_ONLY
trial_043_20260902_clean_v010,P09,front_left_ankle,wheel,duration_error_percent,3.1777050127038847e-11,True,,false,raw observation/full12 ledgers vs immutable v010 contract,ADVISORY_DIAGNOSTIC_ONLY
trial_043_20260902_clean_v010,P09,front_left_ankle,wheel,command_average_velocity_error_percent,3.006420638576724e-11,True,,false,raw observation/full12 ledgers vs immutable v010 contract,ADVISORY_DIAGNOSTIC_ONLY
trial_043_20260902_clean_v010,P09,front_left_ankle,wheel,measured_average_velocity_error_percent,0.4985807411850313,True,,false,raw observation/full12 ledgers vs immutable v010 contract,ADVISORY_DIAGNOSTIC_ONLY
trial_043_20260902_clean_v010,P09,front_left_ankle,wheel,command_peak_velocity_error_percent,0.0,True,,false,raw observation/full12 ledgers vs immutable v010 contract,ADVISORY_DIAGNOSTIC_ONLY
trial_043_20260902_clean_v010,P09,front_left_ankle,wheel,measured_peak_velocity_error_percent,26.288520414987204,True,,false,raw observation/full12 ledgers vs immutable v010 contract,ADVISORY_DIAGNOSTIC_ONLY
trial_043_20260902_clean_v010,P09,front_left_ankle,wheel,command_wheel_integral_error_percent,1.386675910225253e-10,True,,false,raw observation/full12 ledgers vs immutable v010 contract,ADVISORY_DIAGNOSTIC_ONLY
trial_043_20260902_clean_v010,P09,front_left_ankle,wheel,actual_wheel_integral_error_percent,0.3102100469185711,True,,false,raw observation/full12 ledgers vs immutable v010 contract,ADVISORY_DIAGNOSTIC_ONLY
trial_043_20260902_clean_v010,P09,front_right_ankle,wheel,duration_error_percent,3.1777050127038847e-11,True,,false,raw observation/full12 ledgers vs immutable v010 contract,ADVISORY_DIAGNOSTIC_ONLY
trial_043_20260902_clean_v010,P09,front_right_ankle,wheel,command_average_velocity_error_percent,3.780309398848657e-12,True,,false,raw observation/full12 ledgers vs immutable v010 contract,ADVISORY_DIAGNOSTIC_ONLY
trial_043_20260902_clean_v010,P09,front_right_ankle,wheel,measured_average_velocity_error_percent,0.44860616628671074,True,,false,raw observation/full12 ledgers vs immutable v010 contract,ADVISORY_DIAGNOSTIC_ONLY
trial_043_20260902_clean_v010,P09,front_right_ankle,wheel,command_peak_velocity_error_percent,0.0,True,,false,raw observation/full12 ledgers vs immutable v010 contract,ADVISORY_DIAGNOSTIC_ONLY
trial_043_20260902_clean_v010,P09,front_right_ankle,wheel,measured_peak_velocity_error_percent,8.556250532473802,True,,false,raw observation/full12 ledgers vs immutable v010 contract,ADVISORY_DIAGNOSTIC_ONLY
trial_043_20260902_clean_v010,P09,front_right_ankle,wheel,command_wheel_integral_error_percent,2.732019403733724e-11,True,,false,raw observation/full12 ledgers vs immutable v010 contract,ADVISORY_DIAGNOSTIC_ONLY
trial_043_20260902_clean_v010,P09,front_right_ankle,wheel,actual_wheel_integral_error_percent,5.746963553523089,True,,false,raw observation/full12 ledgers vs immutable v010 contract,ADVISORY_DIAGNOSTIC_ONLY
trial_043_20260902_clean_v010,P09,rear_left_ankle,wheel,duration_error_percent,3.1777050127038847e-11,True,,false,raw observation/full12 ledgers vs immutable v010 contract,ADVISORY_DIAGNOSTIC_ONLY
trial_043_20260902_clean_v010,P09,rear_left_ankle,wheel,command_average_velocity_error_percent,3.780309398848657e-12,True,,false,raw observation/full12 ledgers vs immutable v010 contract,ADVISORY_DIAGNOSTIC_ONLY
trial_043_20260902_clean_v010,P09,rear_left_ankle,wheel,measured_average_velocity_error_percent,3.501803410304169,True,,false,raw observation/full12 ledgers vs immutable v010 contract,ADVISORY_DIAGNOSTIC_ONLY
trial_043_20260902_clean_v010,P09,rear_left_ankle,wheel,command_peak_velocity_error_percent,0.0,True,,false,raw observation/full12 ledgers vs immutable v010 contract,ADVISORY_DIAGNOSTIC_ONLY
trial_043_20260902_clean_v010,P09,rear_left_ankle,wheel,measured_peak_velocity_error_percent,36.458636795326846,False,REFERENCE_DIVERGENCE_WARNING,false,raw observation/full12 ledgers vs immutable v010 contract,ADVISORY_DIAGNOSTIC_ONLY
trial_043_20260902_clean_v010,P09,rear_left_ankle,wheel,command_wheel_integral_error_percent,2.732019403733724e-11,True,,false,raw observation/full12 ledgers vs immutable v010 contract,ADVISORY_DIAGNOSTIC_ONLY
trial_043_20260902_clean_v010,P09,rear_left_ankle,wheel,actual_wheel_integral_error_percent,3.058336374724423,True,,false,raw observation/full12 ledgers vs immutable v010 contract,ADVISORY_DIAGNOSTIC_ONLY
trial_043_20260902_clean_v010,P09,rear_right_ankle,wheel,duration_error_percent,3.1777050127038847e-11,True,,false,raw observation/full12 ledgers vs immutable v010 contract,ADVISORY_DIAGNOSTIC_ONLY
trial_043_20260902_clean_v010,P09,rear_right_ankle,wheel,command_average_velocity_error_percent,3.780309398848657e-12,True,,false,raw observation/full12 ledgers vs immutable v010 contract,ADVISORY_DIAGNOSTIC_ONLY
trial_043_20260902_clean_v010,P09,rear_right_ankle,wheel,measured_average_velocity_error_percent,1.4182840574331779,True,,false,raw observation/full12 ledgers vs immutable v010 contract,ADVISORY_DIAGNOSTIC_ONLY
trial_043_20260902_clean_v010,P09,rear_right_ankle,wheel,command_peak_velocity_error_percent,0.0,True,,false,raw observation/full12 ledgers vs immutable v010 contract,ADVISORY_DIAGNOSTIC_ONLY
trial_043_20260902_clean_v010,P09,rear_right_ankle,wheel,measured_peak_velocity_error_percent,9.917028807039856,True,,false,raw observation/full12 ledgers vs immutable v010 contract,ADVISORY_DIAGNOSTIC_ONLY
trial_043_20260902_clean_v010,P09,rear_right_ankle,wheel,command_wheel_integral_error_percent,2.732019403733724e-11,True,,false,raw observation/full12 ledgers vs immutable v010 contract,ADVISORY_DIAGNOSTIC_ONLY
trial_043_20260902_clean_v010,P09,rear_right_ankle,wheel,actual_wheel_integral_error_percent,1.9026087354607242,True,,false,raw observation/full12 ledgers vs immutable v010 contract,ADVISORY_DIAGNOSTIC_ONLY
trial_043_20260902_clean_v010,P10,rear_right_knee,servo,command_endpoint_error_percent,0.0,True,,false,raw observation/full12 ledgers vs immutable v010 contract,ADVISORY_DIAGNOSTIC_ONLY
trial_043_20260902_clean_v010,P10,rear_right_knee,servo,actual_endpoint_error_percent,8.971743435672732,True,,false,raw observation/full12 ledgers vs immutable v010 contract,ADVISORY_DIAGNOSTIC_ONLY
trial_043_20260902_clean_v010,P10,rear_right_knee,servo,command_delta_error_percent,0.0,True,,false,raw observation/full12 ledgers vs immutable v010 contract,ADVISORY_DIAGNOSTIC_ONLY
trial_043_20260902_clean_v010,P10,rear_right_knee,servo,actual_delta_error_percent,14.959048600657773,True,,false,raw observation/full12 ledgers vs immutable v010 contract,ADVISORY_DIAGNOSTIC_ONLY
trial_043_20260902_clean_v010,P10,rear_right_knee,servo,duration_error_percent,12.500000000074607,True,,false,raw observation/full12 ledgers vs immutable v010 contract,ADVISORY_DIAGNOSTIC_ONLY
trial_043_20260902_clean_v010,P10,rear_right_knee,servo,command_average_velocity_error_percent,14.28571428581173,True,,false,raw observation/full12 ledgers vs immutable v010 contract,ADVISORY_DIAGNOSTIC_ONLY
trial_043_20260902_clean_v010,P10,rear_right_knee,servo,measured_average_velocity_error_percent,16.812829672840515,True,,false,raw observation/full12 ledgers vs immutable v010 contract,ADVISORY_DIAGNOSTIC_ONLY
trial_043_20260902_clean_v010,P10,rear_right_knee,servo,command_peak_velocity_error_percent,9.094947017729282e-11,True,,false,raw observation/full12 ledgers vs immutable v010 contract,ADVISORY_DIAGNOSTIC_ONLY
trial_043_20260902_clean_v010,P10,rear_right_knee,servo,measured_peak_velocity_error_percent,0.23703870416370237,True,,false,raw observation/full12 ledgers vs immutable v010 contract,ADVISORY_DIAGNOSTIC_ONLY
trial_043_20260902_clean_v010,P10,rear_right_knee,servo,trajectory_rmse_percent,5.487851718373382,True,,false,raw observation/full12 ledgers vs immutable v010 contract,ADVISORY_DIAGNOSTIC_ONLY
trial_043_20260902_clean_v010,P11,front_right_hip,servo,command_endpoint_error_percent,0.0,True,,false,raw observation/full12 ledgers vs immutable v010 contract,ADVISORY_DIAGNOSTIC_ONLY
trial_043_20260902_clean_v010,P11,front_right_hip,servo,actual_endpoint_error_percent,3.5273999704343106,True,,false,raw observation/full12 ledgers vs immutable v010 contract,ADVISORY_DIAGNOSTIC_ONLY
trial_043_20260902_clean_v010,P11,front_right_hip,servo,command_delta_error_percent,0.0,True,,false,raw observation/full12 ledgers vs immutable v010 contract,ADVISORY_DIAGNOSTIC_ONLY
trial_043_20260902_clean_v010,P11,front_right_hip,servo,actual_delta_error_percent,8.294680979249863,True,,false,raw observation/full12 ledgers vs immutable v010 contract,ADVISORY_DIAGNOSTIC_ONLY
trial_043_20260902_clean_v010,P11,front_right_hip,servo,duration_error_percent,7.917476198463387e-11,True,,false,raw observation/full12 ledgers vs immutable v010 contract,ADVISORY_DIAGNOSTIC_ONLY
trial_043_20260902_clean_v010,P11,front_right_hip,servo,command_average_velocity_error_percent,7.91643008080659e-11,True,,false,raw observation/full12 ledgers vs immutable v010 contract,ADVISORY_DIAGNOSTIC_ONLY
trial_043_20260902_clean_v010,P11,front_right_hip,servo,measured_average_velocity_error_percent,5.220179509170887,True,,false,raw observation/full12 ledgers vs immutable v010 contract,ADVISORY_DIAGNOSTIC_ONLY
trial_043_20260902_clean_v010,P11,front_right_hip,servo,command_peak_velocity_error_percent,9.094947017729282e-11,True,,false,raw observation/full12 ledgers vs immutable v010 contract,ADVISORY_DIAGNOSTIC_ONLY
trial_043_20260902_clean_v010,P11,front_right_hip,servo,measured_peak_velocity_error_percent,1.8434544357525315,True,,false,raw observation/full12 ledgers vs immutable v010 contract,ADVISORY_DIAGNOSTIC_ONLY
trial_043_20260902_clean_v010,P11,front_right_hip,servo,trajectory_rmse_percent,8.39386239459489,True,,false,raw observation/full12 ledgers vs immutable v010 contract,ADVISORY_DIAGNOSTIC_ONLY
trial_043_20260902_clean_v010,P12,rear_left_hip,servo,command_endpoint_error_percent,0.0,True,,false,raw observation/full12 ledgers vs immutable v010 contract,ADVISORY_DIAGNOSTIC_ONLY
trial_043_20260902_clean_v010,P12,rear_left_hip,servo,actual_endpoint_error_percent,0.34608687801655175,True,,false,raw observation/full12 ledgers vs immutable v010 contract,ADVISORY_DIAGNOSTIC_ONLY
trial_043_20260902_clean_v010,P12,rear_left_hip,servo,command_delta_error_percent,0.0,True,,false,raw observation/full12 ledgers vs immutable v010 contract,ADVISORY_DIAGNOSTIC_ONLY
trial_043_20260902_clean_v010,P12,rear_left_hip,servo,actual_delta_error_percent,0.7194628100887908,True,,false,raw observation/full12 ledgers vs immutable v010 contract,ADVISORY_DIAGNOSTIC_ONLY
trial_043_20260902_clean_v010,P12,rear_left_hip,servo,duration_error_percent,7.947928029995939e-11,True,,false,raw observation/full12 ledgers vs immutable v010 contract,ADVISORY_DIAGNOSTIC_ONLY
trial_043_20260902_clean_v010,P12,rear_left_hip,servo,command_average_velocity_error_percent,7.946249889183814e-11,True,,false,raw observation/full12 ledgers vs immutable v010 contract,ADVISORY_DIAGNOSTIC_ONLY
trial_043_20260902_clean_v010,P12,rear_left_hip,servo,measured_average_velocity_error_percent,1.0792891515215632,True,,false,raw observation/full12 ledgers vs immutable v010 contract,ADVISORY_DIAGNOSTIC_ONLY
trial_043_20260902_clean_v010,P12,rear_left_hip,servo,command_peak_velocity_error_percent,9.094947017729282e-11,True,,false,raw observation/full12 ledgers vs immutable v010 contract,ADVISORY_DIAGNOSTIC_ONLY
trial_043_20260902_clean_v010,P12,rear_left_hip,servo,measured_peak_velocity_error_percent,0.6158783980984088,True,,false,raw observation/full12 ledgers vs immutable v010 contract,ADVISORY_DIAGNOSTIC_ONLY
trial_043_20260902_clean_v010,P12,rear_left_hip,servo,trajectory_rmse_percent,1.460548053404158,True,,false,raw observation/full12 ledgers vs immutable v010 contract,ADVISORY_DIAGNOSTIC_ONLY
trial_043_20260902_clean_v010,P12,rear_left_knee,servo,command_endpoint_error_percent,9.32470781837402e-15,True,,false,raw observation/full12 ledgers vs immutable v010 contract,ADVISORY_DIAGNOSTIC_ONLY
trial_043_20260902_clean_v010,P12,rear_left_knee,servo,actual_endpoint_error_percent,0.1212582665248445,True,,false,raw observation/full12 ledgers vs immutable v010 contract,ADVISORY_DIAGNOSTIC_ONLY
trial_043_20260902_clean_v010,P12,rear_left_knee,servo,command_delta_error_percent,0.0,True,,false,raw observation/full12 ledgers vs immutable v010 contract,ADVISORY_DIAGNOSTIC_ONLY
trial_043_20260902_clean_v010,P12,rear_left_knee,servo,actual_delta_error_percent,0.18468401267577908,True,,false,raw observation/full12 ledgers vs immutable v010 contract,ADVISORY_DIAGNOSTIC_ONLY
trial_043_20260902_clean_v010,P12,rear_left_knee,servo,duration_error_percent,7.947928029995939e-11,True,,false,raw observation/full12 ledgers vs immutable v010 contract,ADVISORY_DIAGNOSTIC_ONLY
trial_043_20260902_clean_v010,P12,rear_left_knee,servo,command_average_velocity_error_percent,7.94574494687058e-11,True,,false,raw observation/full12 ledgers vs immutable v010 contract,ADVISORY_DIAGNOSTIC_ONLY
trial_043_20260902_clean_v010,P12,rear_left_knee,servo,measured_average_velocity_error_percent,0.6590957141971785,True,,false,raw observation/full12 ledgers vs immutable v010 contract,ADVISORY_DIAGNOSTIC_ONLY
trial_043_20260902_clean_v010,P12,rear_left_knee,servo,command_peak_velocity_error_percent,9.094947017729282e-11,True,,false,raw observation/full12 ledgers vs immutable v010 contract,ADVISORY_DIAGNOSTIC_ONLY
trial_043_20260902_clean_v010,P12,rear_left_knee,servo,measured_peak_velocity_error_percent,0.0668616595524267,True,,false,raw observation/full12 ledgers vs immutable v010 contract,ADVISORY_DIAGNOSTIC_ONLY
trial_043_20260902_clean_v010,P12,rear_left_knee,servo,trajectory_rmse_percent,0.5571469752719532,True,,false,raw observation/full12 ledgers vs immutable v010 contract,ADVISORY_DIAGNOSTIC_ONLY
trial_043_20260902_clean_v010,P12,front_left_ankle,wheel,duration_error_percent,7.947928029995939e-11,True,,false,raw observation/full12 ledgers vs immutable v010 contract,ADVISORY_DIAGNOSTIC_ONLY
trial_043_20260902_clean_v010,P12,front_left_ankle,wheel,command_average_velocity_error_percent,4.996003610813204e-14,True,,false,raw observation/full12 ledgers vs immutable v010 contract,ADVISORY_DIAGNOSTIC_ONLY
trial_043_20260902_clean_v010,P12,front_left_ankle,wheel,measured_average_velocity_error_percent,0.24449069506995988,True,,false,raw observation/full12 ledgers vs immutable v010 contract,ADVISORY_DIAGNOSTIC_ONLY
trial_043_20260902_clean_v010,P12,front_left_ankle,wheel,command_peak_velocity_error_percent,0.0,True,,false,raw observation/full12 ledgers vs immutable v010 contract,ADVISORY_DIAGNOSTIC_ONLY
trial_043_20260902_clean_v010,P12,front_left_ankle,wheel,measured_peak_velocity_error_percent,10.252513635246956,True,,false,raw observation/full12 ledgers vs immutable v010 contract,ADVISORY_DIAGNOSTIC_ONLY
trial_043_20260902_clean_v010,P12,front_left_ankle,wheel,command_wheel_integral_error_percent,7.954916187042709e-11,True,,false,raw observation/full12 ledgers vs immutable v010 contract,ADVISORY_DIAGNOSTIC_ONLY
trial_043_20260902_clean_v010,P12,front_left_ankle,wheel,actual_wheel_integral_error_percent,8.488222227555918,True,,false,raw observation/full12 ledgers vs immutable v010 contract,ADVISORY_DIAGNOSTIC_ONLY
trial_043_20260902_clean_v010,P12,front_right_ankle,wheel,duration_error_percent,7.947928029995939e-11,True,,false,raw observation/full12 ledgers vs immutable v010 contract,ADVISORY_DIAGNOSTIC_ONLY
trial_043_20260902_clean_v010,P12,front_right_ankle,wheel,command_average_velocity_error_percent,4.996003610813204e-14,True,,false,raw observation/full12 ledgers vs immutable v010 contract,ADVISORY_DIAGNOSTIC_ONLY
trial_043_20260902_clean_v010,P12,front_right_ankle,wheel,measured_average_velocity_error_percent,1.9624672858079115,True,,false,raw observation/full12 ledgers vs immutable v010 contract,ADVISORY_DIAGNOSTIC_ONLY
trial_043_20260902_clean_v010,P12,front_right_ankle,wheel,command_peak_velocity_error_percent,0.0,True,,false,raw observation/full12 ledgers vs immutable v010 contract,ADVISORY_DIAGNOSTIC_ONLY
trial_043_20260902_clean_v010,P12,front_right_ankle,wheel,measured_peak_velocity_error_percent,2.1831708932958143,True,,false,raw observation/full12 ledgers vs immutable v010 contract,ADVISORY_DIAGNOSTIC_ONLY
trial_043_20260902_clean_v010,P12,front_right_ankle,wheel,command_wheel_integral_error_percent,7.954916187042709e-11,True,,false,raw observation/full12 ledgers vs immutable v010 contract,ADVISORY_DIAGNOSTIC_ONLY
trial_043_20260902_clean_v010,P12,front_right_ankle,wheel,actual_wheel_integral_error_percent,9.746496269799556,True,,false,raw observation/full12 ledgers vs immutable v010 contract,ADVISORY_DIAGNOSTIC_ONLY
trial_043_20260902_clean_v010,P12,rear_left_ankle,wheel,duration_error_percent,7.947928029995939e-11,True,,false,raw observation/full12 ledgers vs immutable v010 contract,ADVISORY_DIAGNOSTIC_ONLY
trial_043_20260902_clean_v010,P12,rear_left_ankle,wheel,command_average_velocity_error_percent,4.996003610813204e-14,True,,false,raw observation/full12 ledgers vs immutable v010 contract,ADVISORY_DIAGNOSTIC_ONLY
trial_043_20260902_clean_v010,P12,rear_left_ankle,wheel,measured_average_velocity_error_percent,2.9320348111191685,True,,false,raw observation/full12 ledgers vs immutable v010 contract,ADVISORY_DIAGNOSTIC_ONLY
trial_043_20260902_clean_v010,P12,rear_left_ankle,wheel,command_peak_velocity_error_percent,0.0,True,,false,raw observation/full12 ledgers vs immutable v010 contract,ADVISORY_DIAGNOSTIC_ONLY
trial_043_20260902_clean_v010,P12,rear_left_ankle,wheel,measured_peak_velocity_error_percent,13.226005197705678,True,,false,raw observation/full12 ledgers vs immutable v010 contract,ADVISORY_DIAGNOSTIC_ONLY
trial_043_20260902_clean_v010,P12,rear_left_ankle,wheel,command_wheel_integral_error_percent,7.954916187042709e-11,True,,false,raw observation/full12 ledgers vs immutable v010 contract,ADVISORY_DIAGNOSTIC_ONLY
trial_043_20260902_clean_v010,P12,rear_left_ankle,wheel,actual_wheel_integral_error_percent,5.069526453179882,True,,false,raw observation/full12 ledgers vs immutable v010 contract,ADVISORY_DIAGNOSTIC_ONLY
trial_043_20260902_clean_v010,P12,rear_right_ankle,wheel,duration_error_percent,7.947928029995939e-11,True,,false,raw observation/full12 ledgers vs immutable v010 contract,ADVISORY_DIAGNOSTIC_ONLY
trial_043_20260902_clean_v010,P12,rear_right_ankle,wheel,command_average_velocity_error_percent,4.996003610813204e-14,True,,false,raw observation/full12 ledgers vs immutable v010 contract,ADVISORY_DIAGNOSTIC_ONLY
trial_043_20260902_clean_v010,P12,rear_right_ankle,wheel,measured_average_velocity_error_percent,3.0013692867712805,True,,false,raw observation/full12 ledgers vs immutable v010 contract,ADVISORY_DIAGNOSTIC_ONLY
trial_043_20260902_clean_v010,P12,rear_right_ankle,wheel,command_peak_velocity_error_percent,0.0,True,,false,raw observation/full12 ledgers vs immutable v010 contract,ADVISORY_DIAGNOSTIC_ONLY
trial_043_20260902_clean_v010,P12,rear_right_ankle,wheel,measured_peak_velocity_error_percent,3.967173628239309,True,,false,raw observation/full12 ledgers vs immutable v010 contract,ADVISORY_DIAGNOSTIC_ONLY
trial_043_20260902_clean_v010,P12,rear_right_ankle,wheel,command_wheel_integral_error_percent,7.954916187042709e-11,True,,false,raw observation/full12 ledgers vs immutable v010 contract,ADVISORY_DIAGNOSTIC_ONLY
trial_043_20260902_clean_v010,P12,rear_right_ankle,wheel,actual_wheel_integral_error_percent,2.420832801576488,True,,false,raw observation/full12 ledgers vs immutable v010 contract,ADVISORY_DIAGNOSTIC_ONLY
trial_043_20260902_clean_v010,P13,front_left_hip,servo,command_endpoint_error_percent,0.0,True,,false,raw observation/full12 ledgers vs immutable v010 contract,ADVISORY_DIAGNOSTIC_ONLY
trial_043_20260902_clean_v010,P13,front_left_hip,servo,actual_endpoint_error_percent,14.463468163121918,True,,false,raw observation/full12 ledgers vs immutable v010 contract,ADVISORY_DIAGNOSTIC_ONLY
trial_043_20260902_clean_v010,P13,front_left_hip,servo,command_delta_error_percent,0.0,True,,false,raw observation/full12 ledgers vs immutable v010 contract,ADVISORY_DIAGNOSTIC_ONLY
trial_043_20260902_clean_v010,P13,front_left_hip,servo,actual_delta_error_percent,13.50060021906139,True,,false,raw observation/full12 ledgers vs immutable v010 contract,ADVISORY_DIAGNOSTIC_ONLY
trial_043_20260902_clean_v010,P13,front_left_hip,servo,duration_error_percent,7.959675365755687e-11,True,,false,raw observation/full12 ledgers vs immutable v010 contract,ADVISORY_DIAGNOSTIC_ONLY
trial_043_20260902_clean_v010,P13,front_left_hip,servo,command_average_velocity_error_percent,2.5486279753295094e-11,True,,false,raw observation/full12 ledgers vs immutable v010 contract,ADVISORY_DIAGNOSTIC_ONLY
trial_043_20260902_clean_v010,P13,front_left_hip,servo,measured_average_velocity_error_percent,1.8714437059481437,True,,false,raw observation/full12 ledgers vs immutable v010 contract,ADVISORY_DIAGNOSTIC_ONLY
trial_043_20260902_clean_v010,P13,front_left_hip,servo,command_peak_velocity_error_percent,9.094947017729282e-11,True,,false,raw observation/full12 ledgers vs immutable v010 contract,ADVISORY_DIAGNOSTIC_ONLY
trial_043_20260902_clean_v010,P13,front_left_hip,servo,measured_peak_velocity_error_percent,6.502933264477127,True,,false,raw observation/full12 ledgers vs immutable v010 contract,ADVISORY_DIAGNOSTIC_ONLY
trial_043_20260902_clean_v010,P13,front_left_hip,servo,trajectory_rmse_percent,0.5668589123246061,True,,false,raw observation/full12 ledgers vs immutable v010 contract,ADVISORY_DIAGNOSTIC_ONLY
trial_043_20260902_clean_v010,P13,front_left_knee,servo,command_endpoint_error_percent,2.169816986238091e-15,True,,false,raw observation/full12 ledgers vs immutable v010 contract,ADVISORY_DIAGNOSTIC_ONLY
trial_043_20260902_clean_v010,P13,front_left_knee,servo,actual_endpoint_error_percent,2.316324924631277,True,,false,raw observation/full12 ledgers vs immutable v010 contract,ADVISORY_DIAGNOSTIC_ONLY
trial_043_20260902_clean_v010,P13,front_left_knee,servo,command_delta_error_percent,0.0,True,,false,raw observation/full12 ledgers vs immutable v010 contract,ADVISORY_DIAGNOSTIC_ONLY
trial_043_20260902_clean_v010,P13,front_left_knee,servo,actual_delta_error_percent,2.9275823590010406,True,,false,raw observation/full12 ledgers vs immutable v010 contract,ADVISORY_DIAGNOSTIC_ONLY
trial_043_20260902_clean_v010,P13,front_left_knee,servo,duration_error_percent,7.959675365755687e-11,True,,false,raw observation/full12 ledgers vs immutable v010 contract,ADVISORY_DIAGNOSTIC_ONLY
trial_043_20260902_clean_v010,P13,front_left_knee,servo,command_average_velocity_error_percent,4.118705376754406e-11,True,,false,raw observation/full12 ledgers vs immutable v010 contract,ADVISORY_DIAGNOSTIC_ONLY
trial_043_20260902_clean_v010,P13,front_left_knee,servo,measured_average_velocity_error_percent,1.4042689284614251,True,,false,raw observation/full12 ledgers vs immutable v010 contract,ADVISORY_DIAGNOSTIC_ONLY
trial_043_20260902_clean_v010,P13,front_left_knee,servo,command_peak_velocity_error_percent,9.094947017729282e-11,True,,false,raw observation/full12 ledgers vs immutable v010 contract,ADVISORY_DIAGNOSTIC_ONLY
trial_043_20260902_clean_v010,P13,front_left_knee,servo,measured_peak_velocity_error_percent,2.582409656418826,True,,false,raw observation/full12 ledgers vs immutable v010 contract,ADVISORY_DIAGNOSTIC_ONLY
trial_043_20260902_clean_v010,P13,front_left_knee,servo,trajectory_rmse_percent,0.2522532702359317,True,,false,raw observation/full12 ledgers vs immutable v010 contract,ADVISORY_DIAGNOSTIC_ONLY
trial_043_20260902_clean_v010,P13,front_right_knee,servo,command_endpoint_error_percent,4.7012701368491964e-15,True,,false,raw observation/full12 ledgers vs immutable v010 contract,ADVISORY_DIAGNOSTIC_ONLY
trial_043_20260902_clean_v010,P13,front_right_knee,servo,actual_endpoint_error_percent,0.1310554713965912,True,,false,raw observation/full12 ledgers vs immutable v010 contract,ADVISORY_DIAGNOSTIC_ONLY
trial_043_20260902_clean_v010,P13,front_right_knee,servo,command_delta_error_percent,0.0,True,,false,raw observation/full12 ledgers vs immutable v010 contract,ADVISORY_DIAGNOSTIC_ONLY
trial_043_20260902_clean_v010,P13,front_right_knee,servo,actual_delta_error_percent,3.926260095392122,True,,false,raw observation/full12 ledgers vs immutable v010 contract,ADVISORY_DIAGNOSTIC_ONLY
trial_043_20260902_clean_v010,P13,front_right_knee,servo,duration_error_percent,7.959675365755687e-11,True,,false,raw observation/full12 ledgers vs immutable v010 contract,ADVISORY_DIAGNOSTIC_ONLY
trial_043_20260902_clean_v010,P13,front_right_knee,servo,command_average_velocity_error_percent,4.1180392429396306e-11,True,,false,raw observation/full12 ledgers vs immutable v010 contract,ADVISORY_DIAGNOSTIC_ONLY
trial_043_20260902_clean_v010,P13,front_right_knee,servo,measured_average_velocity_error_percent,0.1375491728151746,True,,false,raw observation/full12 ledgers vs immutable v010 contract,ADVISORY_DIAGNOSTIC_ONLY
trial_043_20260902_clean_v010,P13,front_right_knee,servo,command_peak_velocity_error_percent,9.094947017729282e-11,True,,false,raw observation/full12 ledgers vs immutable v010 contract,ADVISORY_DIAGNOSTIC_ONLY
trial_043_20260902_clean_v010,P13,front_right_knee,servo,measured_peak_velocity_error_percent,2.5404824792363163,True,,false,raw observation/full12 ledgers vs immutable v010 contract,ADVISORY_DIAGNOSTIC_ONLY
trial_043_20260902_clean_v010,P13,front_right_knee,servo,trajectory_rmse_percent,0.8317397506124639,True,,false,raw observation/full12 ledgers vs immutable v010 contract,ADVISORY_DIAGNOSTIC_ONLY
trial_043_20260902_clean_v010,P13,rear_left_hip,servo,command_endpoint_error_percent,5.921189464667502e-15,True,,false,raw observation/full12 ledgers vs immutable v010 contract,ADVISORY_DIAGNOSTIC_ONLY
trial_043_20260902_clean_v010,P13,rear_left_hip,servo,actual_endpoint_error_percent,9.245611576271754,True,,false,raw observation/full12 ledgers vs immutable v010 contract,ADVISORY_DIAGNOSTIC_ONLY
trial_043_20260902_clean_v010,P13,rear_left_hip,servo,command_delta_error_percent,0.0,True,,false,raw observation/full12 ledgers vs immutable v010 contract,ADVISORY_DIAGNOSTIC_ONLY
trial_043_20260902_clean_v010,P13,rear_left_hip,servo,actual_delta_error_percent,7.100365484630047,True,,false,raw observation/full12 ledgers vs immutable v010 contract,ADVISORY_DIAGNOSTIC_ONLY
trial_043_20260902_clean_v010,P13,rear_left_hip,servo,duration_error_percent,7.959675365755687e-11,True,,false,raw observation/full12 ledgers vs immutable v010 contract,ADVISORY_DIAGNOSTIC_ONLY
trial_043_20260902_clean_v010,P13,rear_left_hip,servo,command_average_velocity_error_percent,1.0061951272177794e-11,True,,false,raw observation/full12 ledgers vs immutable v010 contract,ADVISORY_DIAGNOSTIC_ONLY
trial_043_20260902_clean_v010,P13,rear_left_hip,servo,measured_average_velocity_error_percent,0.4664840932806089,True,,false,raw observation/full12 ledgers vs immutable v010 contract,ADVISORY_DIAGNOSTIC_ONLY
trial_043_20260902_clean_v010,P13,rear_left_hip,servo,command_peak_velocity_error_percent,9.094947017729282e-11,True,,false,raw observation/full12 ledgers vs immutable v010 contract,ADVISORY_DIAGNOSTIC_ONLY
trial_043_20260902_clean_v010,P13,rear_left_hip,servo,measured_peak_velocity_error_percent,3.7225388426934396,True,,false,raw observation/full12 ledgers vs immutable v010 contract,ADVISORY_DIAGNOSTIC_ONLY
trial_043_20260902_clean_v010,P13,rear_left_hip,servo,trajectory_rmse_percent,2.3330359868429533,True,,false,raw observation/full12 ledgers vs immutable v010 contract,ADVISORY_DIAGNOSTIC_ONLY
trial_043_20260902_clean_v010,P13,rear_left_knee,servo,command_endpoint_error_percent,3.00060276925718e-15,True,,false,raw observation/full12 ledgers vs immutable v010 contract,ADVISORY_DIAGNOSTIC_ONLY
trial_043_20260902_clean_v010,P13,rear_left_knee,servo,actual_endpoint_error_percent,2.724345555262014,True,,false,raw observation/full12 ledgers vs immutable v010 contract,ADVISORY_DIAGNOSTIC_ONLY
trial_043_20260902_clean_v010,P13,rear_left_knee,servo,command_delta_error_percent,2.400482215405744e-14,True,,false,raw observation/full12 ledgers vs immutable v010 contract,ADVISORY_DIAGNOSTIC_ONLY
trial_043_20260902_clean_v010,P13,rear_left_knee,servo,actual_delta_error_percent,2.3572690373006564,True,,false,raw observation/full12 ledgers vs immutable v010 contract,ADVISORY_DIAGNOSTIC_ONLY
trial_043_20260902_clean_v010,P13,rear_left_knee,servo,duration_error_percent,7.959675365755687e-11,True,,false,raw observation/full12 ledgers vs immutable v010 contract,ADVISORY_DIAGNOSTIC_ONLY
trial_043_20260902_clean_v010,P13,rear_left_knee,servo,command_average_velocity_error_percent,1.9860779687519425e-11,True,,false,raw observation/full12 ledgers vs immutable v010 contract,ADVISORY_DIAGNOSTIC_ONLY
trial_043_20260902_clean_v010,P13,rear_left_knee,servo,measured_average_velocity_error_percent,2.1345150509323525,True,,false,raw observation/full12 ledgers vs immutable v010 contract,ADVISORY_DIAGNOSTIC_ONLY
trial_043_20260902_clean_v010,P13,rear_left_knee,servo,command_peak_velocity_error_percent,9.094947017729282e-11,True,,false,raw observation/full12 ledgers vs immutable v010 contract,ADVISORY_DIAGNOSTIC_ONLY
trial_043_20260902_clean_v010,P13,rear_left_knee,servo,measured_peak_velocity_error_percent,12.94440774383705,True,,false,raw observation/full12 ledgers vs immutable v010 contract,ADVISORY_DIAGNOSTIC_ONLY
trial_043_20260902_clean_v010,P13,rear_left_knee,servo,trajectory_rmse_percent,2.0198936718234206,True,,false,raw observation/full12 ledgers vs immutable v010 contract,ADVISORY_DIAGNOSTIC_ONLY
trial_043_20260902_clean_v010,P13,rear_right_hip,servo,command_endpoint_error_percent,0.0,True,,false,raw observation/full12 ledgers vs immutable v010 contract,ADVISORY_DIAGNOSTIC_ONLY
trial_043_20260902_clean_v010,P13,rear_right_hip,servo,actual_endpoint_error_percent,12.080566257172126,True,,false,raw observation/full12 ledgers vs immutable v010 contract,ADVISORY_DIAGNOSTIC_ONLY
trial_043_20260902_clean_v010,P13,rear_right_hip,servo,command_delta_error_percent,0.0,True,,false,raw observation/full12 ledgers vs immutable v010 contract,ADVISORY_DIAGNOSTIC_ONLY
trial_043_20260902_clean_v010,P13,rear_right_hip,servo,actual_delta_error_percent,17.945056324777937,True,,false,raw observation/full12 ledgers vs immutable v010 contract,ADVISORY_DIAGNOSTIC_ONLY
trial_043_20260902_clean_v010,P13,rear_right_hip,servo,duration_error_percent,7.959675365755687e-11,True,,false,raw observation/full12 ledgers vs immutable v010 contract,ADVISORY_DIAGNOSTIC_ONLY
trial_043_20260902_clean_v010,P13,rear_right_hip,servo,command_average_velocity_error_percent,8.58646487245096e-12,True,,false,raw observation/full12 ledgers vs immutable v010 contract,ADVISORY_DIAGNOSTIC_ONLY
trial_043_20260902_clean_v010,P13,rear_right_hip,servo,measured_average_velocity_error_percent,4.391849703116557,True,,false,raw observation/full12 ledgers vs immutable v010 contract,ADVISORY_DIAGNOSTIC_ONLY
trial_043_20260902_clean_v010,P13,rear_right_hip,servo,command_peak_velocity_error_percent,9.094947017729282e-11,True,,false,raw observation/full12 ledgers vs immutable v010 contract,ADVISORY_DIAGNOSTIC_ONLY
trial_043_20260902_clean_v010,P13,rear_right_hip,servo,measured_peak_velocity_error_percent,3.9354276753672868,True,,false,raw observation/full12 ledgers vs immutable v010 contract,ADVISORY_DIAGNOSTIC_ONLY
trial_043_20260902_clean_v010,P13,rear_right_hip,servo,trajectory_rmse_percent,2.479399931021744,True,,false,raw observation/full12 ledgers vs immutable v010 contract,ADVISORY_DIAGNOSTIC_ONLY
trial_043_20260902_clean_v010,P13,rear_right_knee,servo,command_endpoint_error_percent,0.0,True,,false,raw observation/full12 ledgers vs immutable v010 contract,ADVISORY_DIAGNOSTIC_ONLY
trial_043_20260902_clean_v010,P13,rear_right_knee,servo,actual_endpoint_error_percent,7.385236680079527,True,,false,raw observation/full12 ledgers vs immutable v010 contract,ADVISORY_DIAGNOSTIC_ONLY
trial_043_20260902_clean_v010,P13,rear_right_knee,servo,command_delta_error_percent,0.0,True,,false,raw observation/full12 ledgers vs immutable v010 contract,ADVISORY_DIAGNOSTIC_ONLY
trial_043_20260902_clean_v010,P13,rear_right_knee,servo,actual_delta_error_percent,1.014071661952409,True,,false,raw observation/full12 ledgers vs immutable v010 contract,ADVISORY_DIAGNOSTIC_ONLY
trial_043_20260902_clean_v010,P13,rear_right_knee,servo,duration_error_percent,7.959675365755687e-11,True,,false,raw observation/full12 ledgers vs immutable v010 contract,ADVISORY_DIAGNOSTIC_ONLY
trial_043_20260902_clean_v010,P13,rear_right_knee,servo,command_average_velocity_error_percent,2.844391389089651e-11,True,,false,raw observation/full12 ledgers vs immutable v010 contract,ADVISORY_DIAGNOSTIC_ONLY
trial_043_20260902_clean_v010,P13,rear_right_knee,servo,measured_average_velocity_error_percent,5.40027928634919,True,,false,raw observation/full12 ledgers vs immutable v010 contract,ADVISORY_DIAGNOSTIC_ONLY
trial_043_20260902_clean_v010,P13,rear_right_knee,servo,command_peak_velocity_error_percent,9.094947017729282e-11,True,,false,raw observation/full12 ledgers vs immutable v010 contract,ADVISORY_DIAGNOSTIC_ONLY
trial_043_20260902_clean_v010,P13,rear_right_knee,servo,measured_peak_velocity_error_percent,10.570556317935514,True,,false,raw observation/full12 ledgers vs immutable v010 contract,ADVISORY_DIAGNOSTIC_ONLY
trial_043_20260902_clean_v010,P13,rear_right_knee,servo,trajectory_rmse_percent,1.4468191293720432,True,,false,raw observation/full12 ledgers vs immutable v010 contract,ADVISORY_DIAGNOSTIC_ONLY
trial_043_20260902_clean_v010,P13,front_left_ankle,wheel,duration_error_percent,7.959675365755687e-11,True,,false,raw observation/full12 ledgers vs immutable v010 contract,ADVISORY_DIAGNOSTIC_ONLY
trial_043_20260902_clean_v010,P13,front_left_ankle,wheel,command_average_velocity_error_percent,1.8435880209241963e-12,True,,false,raw observation/full12 ledgers vs immutable v010 contract,ADVISORY_DIAGNOSTIC_ONLY
trial_043_20260902_clean_v010,P13,front_left_ankle,wheel,measured_average_velocity_error_percent,0.3061473221840306,True,,false,raw observation/full12 ledgers vs immutable v010 contract,ADVISORY_DIAGNOSTIC_ONLY
trial_043_20260902_clean_v010,P13,front_left_ankle,wheel,command_peak_velocity_error_percent,0.0,True,,false,raw observation/full12 ledgers vs immutable v010 contract,ADVISORY_DIAGNOSTIC_ONLY
trial_043_20260902_clean_v010,P13,front_left_ankle,wheel,measured_peak_velocity_error_percent,8.161300343536881,True,,false,raw observation/full12 ledgers vs immutable v010 contract,ADVISORY_DIAGNOSTIC_ONLY
trial_043_20260902_clean_v010,P13,front_left_ankle,wheel,command_wheel_integral_error_percent,7.775558702082143e-11,True,,false,raw observation/full12 ledgers vs immutable v010 contract,ADVISORY_DIAGNOSTIC_ONLY
trial_043_20260902_clean_v010,P13,front_left_ankle,wheel,actual_wheel_integral_error_percent,0.35298673418620613,True,,false,raw observation/full12 ledgers vs immutable v010 contract,ADVISORY_DIAGNOSTIC_ONLY
trial_043_20260902_clean_v010,P13,front_right_ankle,wheel,duration_error_percent,7.959675365755687e-11,True,,false,raw observation/full12 ledgers vs immutable v010 contract,ADVISORY_DIAGNOSTIC_ONLY
trial_043_20260902_clean_v010,P13,front_right_ankle,wheel,command_average_velocity_error_percent,2.0140683546030937e-12,True,,false,raw observation/full12 ledgers vs immutable v010 contract,ADVISORY_DIAGNOSTIC_ONLY
trial_043_20260902_clean_v010,P13,front_right_ankle,wheel,measured_average_velocity_error_percent,1.960776104524546,True,,false,raw observation/full12 ledgers vs immutable v010 contract,ADVISORY_DIAGNOSTIC_ONLY
trial_043_20260902_clean_v010,P13,front_right_ankle,wheel,command_peak_velocity_error_percent,0.0,True,,false,raw observation/full12 ledgers vs immutable v010 contract,ADVISORY_DIAGNOSTIC_ONLY
trial_043_20260902_clean_v010,P13,front_right_ankle,wheel,measured_peak_velocity_error_percent,18.988706084601198,True,,false,raw observation/full12 ledgers vs immutable v010 contract,ADVISORY_DIAGNOSTIC_ONLY
trial_043_20260902_clean_v010,P13,front_right_ankle,wheel,command_wheel_integral_error_percent,7.754004157096783e-11,True,,false,raw observation/full12 ledgers vs immutable v010 contract,ADVISORY_DIAGNOSTIC_ONLY
trial_043_20260902_clean_v010,P13,front_right_ankle,wheel,actual_wheel_integral_error_percent,2.886930266965604,True,,false,raw observation/full12 ledgers vs immutable v010 contract,ADVISORY_DIAGNOSTIC_ONLY
trial_043_20260902_clean_v010,P13,rear_left_ankle,wheel,duration_error_percent,7.959675365755687e-11,True,,false,raw observation/full12 ledgers vs immutable v010 contract,ADVISORY_DIAGNOSTIC_ONLY
trial_043_20260902_clean_v010,P13,rear_left_ankle,wheel,command_average_velocity_error_percent,1.1965963388345263e-12,True,,false,raw observation/full12 ledgers vs immutable v010 contract,ADVISORY_DIAGNOSTIC_ONLY
trial_043_20260902_clean_v010,P13,rear_left_ankle,wheel,measured_average_velocity_error_percent,0.04431134807612117,True,,false,raw observation/full12 ledgers vs immutable v010 contract,ADVISORY_DIAGNOSTIC_ONLY
trial_043_20260902_clean_v010,P13,rear_left_ankle,wheel,command_peak_velocity_error_percent,0.0,True,,false,raw observation/full12 ledgers vs immutable v010 contract,ADVISORY_DIAGNOSTIC_ONLY
trial_043_20260902_clean_v010,P13,rear_left_ankle,wheel,measured_peak_velocity_error_percent,28.15410063877578,True,,false,raw observation/full12 ledgers vs immutable v010 contract,ADVISORY_DIAGNOSTIC_ONLY
trial_043_20260902_clean_v010,P13,rear_left_ankle,wheel,command_wheel_integral_error_percent,7.658845719325269e-11,True,,false,raw observation/full12 ledgers vs immutable v010 contract,ADVISORY_DIAGNOSTIC_ONLY
trial_043_20260902_clean_v010,P13,rear_left_ankle,wheel,actual_wheel_integral_error_percent,0.4152809921852617,True,,false,raw observation/full12 ledgers vs immutable v010 contract,ADVISORY_DIAGNOSTIC_ONLY
trial_043_20260902_clean_v010,P13,rear_right_ankle,wheel,duration_error_percent,7.959675365755687e-11,True,,false,raw observation/full12 ledgers vs immutable v010 contract,ADVISORY_DIAGNOSTIC_ONLY
trial_043_20260902_clean_v010,P13,rear_right_ankle,wheel,command_average_velocity_error_percent,1.2419722264383452e-12,True,,false,raw observation/full12 ledgers vs immutable v010 contract,ADVISORY_DIAGNOSTIC_ONLY
trial_043_20260902_clean_v010,P13,rear_right_ankle,wheel,measured_average_velocity_error_percent,0.9717935167036726,True,,false,raw observation/full12 ledgers vs immutable v010 contract,ADVISORY_DIAGNOSTIC_ONLY
trial_043_20260902_clean_v010,P13,rear_right_ankle,wheel,command_peak_velocity_error_percent,0.0,True,,false,raw observation/full12 ledgers vs immutable v010 contract,ADVISORY_DIAGNOSTIC_ONLY
trial_043_20260902_clean_v010,P13,rear_right_ankle,wheel,measured_peak_velocity_error_percent,16.53497222557247,True,,false,raw observation/full12 ledgers vs immutable v010 contract,ADVISORY_DIAGNOSTIC_ONLY
trial_043_20260902_clean_v010,P13,rear_right_ankle,wheel,command_wheel_integral_error_percent,7.66365612678008e-11,True,,false,raw observation/full12 ledgers vs immutable v010 contract,ADVISORY_DIAGNOSTIC_ONLY
trial_043_20260902_clean_v010,P13,rear_right_ankle,wheel,actual_wheel_integral_error_percent,0.5442439948704428,True,,false,raw observation/full12 ledgers vs immutable v010 contract,ADVISORY_DIAGNOSTIC_ONLY
