offset,name,group,unit,source,frame,normalization,clip,nan_policy,deployability
0,state_is_P01,state_one_hot,boolean,fixed FSM state graph,fsm,"{""method"":""identity"",""scale"":1.0}","[0.0,1.0]",reject_episode,runtime_observable
1,state_is_P02,state_one_hot,boolean,fixed FSM state graph,fsm,"{""method"":""identity"",""scale"":1.0}","[0.0,1.0]",reject_episode,runtime_observable
2,state_is_P03,state_one_hot,boolean,fixed FSM state graph,fsm,"{""method"":""identity"",""scale"":1.0}","[0.0,1.0]",reject_episode,runtime_observable
3,state_is_P04,state_one_hot,boolean,fixed FSM state graph,fsm,"{""method"":""identity"",""scale"":1.0}","[0.0,1.0]",reject_episode,runtime_observable
4,state_is_P05,state_one_hot,boolean,fixed FSM state graph,fsm,"{""method"":""identity"",""scale"":1.0}","[0.0,1.0]",reject_episode,runtime_observable
5,state_is_P06,state_one_hot,boolean,fixed FSM state graph,fsm,"{""method"":""identity"",""scale"":1.0}","[0.0,1.0]",reject_episode,runtime_observable
6,state_is_P07,state_one_hot,boolean,fixed FSM state graph,fsm,"{""method"":""identity"",""scale"":1.0}","[0.0,1.0]",reject_episode,runtime_observable
7,state_is_P08,state_one_hot,boolean,fixed FSM state graph,fsm,"{""method"":""identity"",""scale"":1.0}","[0.0,1.0]",reject_episode,runtime_observable
8,state_is_P09,state_one_hot,boolean,fixed FSM state graph,fsm,"{""method"":""identity"",""scale"":1.0}","[0.0,1.0]",reject_episode,runtime_observable
9,state_is_P10,state_one_hot,boolean,fixed FSM state graph,fsm,"{""method"":""identity"",""scale"":1.0}","[0.0,1.0]",reject_episode,runtime_observable
10,state_is_P11,state_one_hot,boolean,fixed FSM state graph,fsm,"{""method"":""identity"",""scale"":1.0}","[0.0,1.0]",reject_episode,runtime_observable
11,state_is_P12,state_one_hot,boolean,fixed FSM state graph,fsm,"{""method"":""identity"",""scale"":1.0}","[0.0,1.0]",reject_episode,runtime_observable
12,state_is_P13,state_one_hot,boolean,fixed FSM state graph,fsm,"{""method"":""identity"",""scale"":1.0}","[0.0,1.0]",reject_episode,runtime_observable
13,phase_progress,phase_progress,fraction,FSM lifecycle and current compact motion progress,fsm,"{""method"":""identity"",""scale"":1.0}","[0.0,1.0]",reject_episode,runtime_observable
14,front_left_hip_position_error,joint_position_error,deg,live joint readback minus current authoritative command,canonical_joint_command_space,"{""method"":""fixed_scale"",""scale"":135.0}","[-2.0,2.0]",reject_episode,runtime_observable
15,front_left_knee_position_error,joint_position_error,deg,live joint readback minus current authoritative command,canonical_joint_command_space,"{""method"":""fixed_scale"",""scale"":210.0}","[-2.0,2.0]",reject_episode,runtime_observable
16,front_right_hip_position_error,joint_position_error,deg,live joint readback minus current authoritative command,canonical_joint_command_space,"{""method"":""fixed_scale"",""scale"":135.0}","[-2.0,2.0]",reject_episode,runtime_observable
17,front_right_knee_position_error,joint_position_error,deg,live joint readback minus current authoritative command,canonical_joint_command_space,"{""method"":""fixed_scale"",""scale"":210.0}","[-2.0,2.0]",reject_episode,runtime_observable
18,rear_left_hip_position_error,joint_position_error,deg,live joint readback minus current authoritative command,canonical_joint_command_space,"{""method"":""fixed_scale"",""scale"":135.0}","[-2.0,2.0]",reject_episode,runtime_observable
19,rear_left_knee_position_error,joint_position_error,deg,live joint readback minus current authoritative command,canonical_joint_command_space,"{""method"":""fixed_scale"",""scale"":210.0}","[-2.0,2.0]",reject_episode,runtime_observable
20,rear_right_hip_position_error,joint_position_error,deg,live joint readback minus current authoritative command,canonical_joint_command_space,"{""method"":""fixed_scale"",""scale"":135.0}","[-2.0,2.0]",reject_episode,runtime_observable
21,rear_right_knee_position_error,joint_position_error,deg,live joint readback minus current authoritative command,canonical_joint_command_space,"{""method"":""fixed_scale"",""scale"":210.0}","[-2.0,2.0]",reject_episode,runtime_observable
22,front_left_hip_velocity,joint_velocity,deg_s,live articulation joint velocity,canonical_joint_command_space,"{""method"":""fixed_scale"",""scale"":150.0}","[-4.0,4.0]",reject_episode,runtime_observable
23,front_left_knee_velocity,joint_velocity,deg_s,live articulation joint velocity,canonical_joint_command_space,"{""method"":""fixed_scale"",""scale"":150.0}","[-4.0,4.0]",reject_episode,runtime_observable
24,front_right_hip_velocity,joint_velocity,deg_s,live articulation joint velocity,canonical_joint_command_space,"{""method"":""fixed_scale"",""scale"":150.0}","[-4.0,4.0]",reject_episode,runtime_observable
25,front_right_knee_velocity,joint_velocity,deg_s,live articulation joint velocity,canonical_joint_command_space,"{""method"":""fixed_scale"",""scale"":150.0}","[-4.0,4.0]",reject_episode,runtime_observable
26,rear_left_hip_velocity,joint_velocity,deg_s,live articulation joint velocity,canonical_joint_command_space,"{""method"":""fixed_scale"",""scale"":150.0}","[-4.0,4.0]",reject_episode,runtime_observable
27,rear_left_knee_velocity,joint_velocity,deg_s,live articulation joint velocity,canonical_joint_command_space,"{""method"":""fixed_scale"",""scale"":150.0}","[-4.0,4.0]",reject_episode,runtime_observable
28,rear_right_hip_velocity,joint_velocity,deg_s,live articulation joint velocity,canonical_joint_command_space,"{""method"":""fixed_scale"",""scale"":150.0}","[-4.0,4.0]",reject_episode,runtime_observable
29,rear_right_knee_velocity,joint_velocity,deg_s,live articulation joint velocity,canonical_joint_command_space,"{""method"":""fixed_scale"",""scale"":150.0}","[-4.0,4.0]",reject_episode,runtime_observable
30,front_left_ankle_velocity,wheel_velocity,rad_s,live articulation wheel velocity with canonical forward signs,canonical_joint_command_space,"{""method"":""fixed_scale"",""scale"":2.0943951023931953}","[-1.0,1.0]",reject_episode,runtime_observable
31,front_right_ankle_velocity,wheel_velocity,rad_s,live articulation wheel velocity with canonical forward signs,canonical_joint_command_space,"{""method"":""fixed_scale"",""scale"":2.0943951023931953}","[-1.0,1.0]",reject_episode,runtime_observable
32,rear_left_ankle_velocity,wheel_velocity,rad_s,live articulation wheel velocity with canonical forward signs,canonical_joint_command_space,"{""method"":""fixed_scale"",""scale"":2.0943951023931953}","[-1.0,1.0]",reject_episode,runtime_observable
33,rear_right_ankle_velocity,wheel_velocity,rad_s,live articulation wheel velocity with canonical forward signs,canonical_joint_command_space,"{""method"":""fixed_scale"",""scale"":2.0943951023931953}","[-1.0,1.0]",reject_episode,runtime_observable
34,front_left_wheel_contact_code,wheel_contact_code,enum_code,exact ground/obstacle pair classifier,contact_pair,"{""method"":""fixed_scale"",""scale"":3.0}","[-1.0,1.0]",reject_episode,runtime_observable
35,front_right_wheel_contact_code,wheel_contact_code,enum_code,exact ground/obstacle pair classifier,contact_pair,"{""method"":""fixed_scale"",""scale"":3.0}","[-1.0,1.0]",reject_episode,runtime_observable
36,rear_left_wheel_contact_code,wheel_contact_code,enum_code,exact ground/obstacle pair classifier,contact_pair,"{""method"":""fixed_scale"",""scale"":3.0}","[-1.0,1.0]",reject_episode,runtime_observable
37,rear_right_wheel_contact_code,wheel_contact_code,enum_code,exact ground/obstacle pair classifier,contact_pair,"{""method"":""fixed_scale"",""scale"":3.0}","[-1.0,1.0]",reject_episode,runtime_observable
38,FL_active_lift_latched,leg_air_top_crossing_history,boolean,live lift/front-plane/top-load latches,fsm_history,"{""method"":""identity"",""scale"":1.0}","[0.0,1.0]",reject_episode,runtime_observable
39,FL_front_face_crossed_latched,leg_air_top_crossing_history,boolean,live lift/front-plane/top-load latches,fsm_history,"{""method"":""identity"",""scale"":1.0}","[0.0,1.0]",reject_episode,runtime_observable
40,FL_top_loaded_latched,leg_air_top_crossing_history,boolean,live lift/front-plane/top-load latches,fsm_history,"{""method"":""identity"",""scale"":1.0}","[0.0,1.0]",reject_episode,runtime_observable
41,FR_active_lift_latched,leg_air_top_crossing_history,boolean,live lift/front-plane/top-load latches,fsm_history,"{""method"":""identity"",""scale"":1.0}","[0.0,1.0]",reject_episode,runtime_observable
42,FR_front_face_crossed_latched,leg_air_top_crossing_history,boolean,live lift/front-plane/top-load latches,fsm_history,"{""method"":""identity"",""scale"":1.0}","[0.0,1.0]",reject_episode,runtime_observable
43,FR_top_loaded_latched,leg_air_top_crossing_history,boolean,live lift/front-plane/top-load latches,fsm_history,"{""method"":""identity"",""scale"":1.0}","[0.0,1.0]",reject_episode,runtime_observable
44,RL_active_lift_latched,leg_air_top_crossing_history,boolean,live lift/front-plane/top-load latches,fsm_history,"{""method"":""identity"",""scale"":1.0}","[0.0,1.0]",reject_episode,runtime_observable
45,RL_front_face_crossed_latched,leg_air_top_crossing_history,boolean,live lift/front-plane/top-load latches,fsm_history,"{""method"":""identity"",""scale"":1.0}","[0.0,1.0]",reject_episode,runtime_observable
46,RL_top_loaded_latched,leg_air_top_crossing_history,boolean,live lift/front-plane/top-load latches,fsm_history,"{""method"":""identity"",""scale"":1.0}","[0.0,1.0]",reject_episode,runtime_observable
47,RR_active_lift_latched,leg_air_top_crossing_history,boolean,live lift/front-plane/top-load latches,fsm_history,"{""method"":""identity"",""scale"":1.0}","[0.0,1.0]",reject_episode,runtime_observable
48,RR_front_face_crossed_latched,leg_air_top_crossing_history,boolean,live lift/front-plane/top-load latches,fsm_history,"{""method"":""identity"",""scale"":1.0}","[0.0,1.0]",reject_episode,runtime_observable
49,RR_top_loaded_latched,leg_air_top_crossing_history,boolean,live lift/front-plane/top-load latches,fsm_history,"{""method"":""identity"",""scale"":1.0}","[0.0,1.0]",reject_episode,runtime_observable
50,base_qw,body_orientation_wxyz,unit_quaternion,live base rigid-body orientation,body_to_world_wxyz,"{""method"":""identity"",""scale"":1.0}","[-1.0,1.0]",reject_episode,runtime_observable
51,base_qx,body_orientation_wxyz,unit_quaternion,live base rigid-body orientation,body_to_world_wxyz,"{""method"":""identity"",""scale"":1.0}","[-1.0,1.0]",reject_episode,runtime_observable
52,base_qy,body_orientation_wxyz,unit_quaternion,live base rigid-body orientation,body_to_world_wxyz,"{""method"":""identity"",""scale"":1.0}","[-1.0,1.0]",reject_episode,runtime_observable
53,base_qz,body_orientation_wxyz,unit_quaternion,live base rigid-body orientation,body_to_world_wxyz,"{""method"":""identity"",""scale"":1.0}","[-1.0,1.0]",reject_episode,runtime_observable
54,base_angular_velocity_x,body_angular_velocity,rad_s,live base rigid-body angular velocity (v1-compatible),world,"{""method"":""fixed_scale"",""scale"":20.0}","[-1.0,1.0]",reject_episode,runtime_observable
55,base_angular_velocity_y,body_angular_velocity,rad_s,live base rigid-body angular velocity (v1-compatible),world,"{""method"":""fixed_scale"",""scale"":20.0}","[-1.0,1.0]",reject_episode,runtime_observable
56,base_angular_velocity_z,body_angular_velocity,rad_s,live base rigid-body angular velocity (v1-compatible),world,"{""method"":""fixed_scale"",""scale"":20.0}","[-1.0,1.0]",reject_episode,runtime_observable
57,obstacle_front_dx,obstacle_relative_geometry,m,locked obstacle planes relative to live base position,world,"{""method"":""fixed_scale"",""scale"":2.057375557085507}","[-4.0,4.0]",reject_episode,runtime_observable
58,obstacle_back_dx,obstacle_relative_geometry,m,locked obstacle planes relative to live base position,world,"{""method"":""fixed_scale"",""scale"":2.057375557085507}","[-4.0,4.0]",reject_episode,runtime_observable
59,obstacle_left_dy,obstacle_relative_geometry,m,locked obstacle planes relative to live base position,world,"{""method"":""fixed_scale"",""scale"":2.0}","[-4.0,4.0]",reject_episode,runtime_observable
60,obstacle_right_dy,obstacle_relative_geometry,m,locked obstacle planes relative to live base position,world,"{""method"":""fixed_scale"",""scale"":2.0}","[-4.0,4.0]",reject_episode,runtime_observable
61,obstacle_bottom_dz,obstacle_relative_geometry,m,locked obstacle planes relative to live base position,world,"{""method"":""fixed_scale"",""scale"":1.0}","[-4.0,4.0]",reject_episode,runtime_observable
62,obstacle_top_dz,obstacle_relative_geometry,m,locked obstacle planes relative to live base position,world,"{""method"":""fixed_scale"",""scale"":1.0}","[-4.0,4.0]",reject_episode,runtime_observable
63,obstacle_length,obstacle_relative_geometry,m,locked obstacle planes relative to live base position,world,"{""method"":""fixed_scale"",""scale"":2.057375557085507}","[-4.0,4.0]",reject_episode,runtime_observable
64,obstacle_signed_width,obstacle_relative_geometry,m,locked obstacle planes relative to live base position,world,"{""method"":""fixed_scale"",""scale"":2.0}","[-4.0,4.0]",reject_episode,runtime_observable
65,obstacle_height,obstacle_relative_geometry,m,locked obstacle planes relative to live base position,world,"{""method"":""fixed_scale"",""scale"":0.05}","[-4.0,4.0]",reject_episode,runtime_observable
66,full_body_com_x,raw_full_body_com,m,live mass-weighted 13-body center of mass,world,"{""method"":""fixed_scale"",""scale"":2.057375557085507}","[-4.0,4.0]",reject_episode,runtime_observable
67,full_body_com_y,raw_full_body_com,m,live mass-weighted 13-body center of mass,world,"{""method"":""fixed_scale"",""scale"":2.0}","[-4.0,4.0]",reject_episode,runtime_observable
68,full_body_com_z,raw_full_body_com,m,live mass-weighted 13-body center of mass,world,"{""method"":""fixed_scale"",""scale"":1.0}","[-4.0,4.0]",reject_episode,runtime_observable
69,support_signed_margin,support_diagnostics,m,live support polygon diagnostics; unknown projection is -1,world_xy,"{""method"":""fixed_scale"",""scale"":1.0}","[-1.0,1.0]",reject_episode,runtime_observable
70,support_projection_inside,support_diagnostics,ternary_code,live support polygon diagnostics; unknown projection is -1,world_xy,"{""method"":""fixed_scale"",""scale"":1.0}","[-1.0,1.0]",reject_episode,runtime_observable
71,support_count,support_diagnostics,count,live support polygon diagnostics; unknown projection is -1,world_xy,"{""method"":""fixed_scale"",""scale"":13.0}","[-1.0,1.0]",reject_episode,runtime_observable
72,support_valid,support_diagnostics,boolean,live support polygon diagnostics; unknown projection is -1,world_xy,"{""method"":""fixed_scale"",""scale"":1.0}","[-1.0,1.0]",reject_episode,runtime_observable
73,previous_front_left_hip,previous_action,deg,previous 15 Hz applied Full12 action,canonical_full12_command_space,"{""method"":""fixed_scale"",""scale"":135.0}","[-1.0,1.0]",reject_episode,runtime_observable
74,previous_front_left_knee,previous_action,deg,previous 15 Hz applied Full12 action,canonical_full12_command_space,"{""method"":""fixed_scale"",""scale"":210.0}","[-1.0,1.0]",reject_episode,runtime_observable
75,previous_front_right_hip,previous_action,deg,previous 15 Hz applied Full12 action,canonical_full12_command_space,"{""method"":""fixed_scale"",""scale"":135.0}","[-1.0,1.0]",reject_episode,runtime_observable
76,previous_front_right_knee,previous_action,deg,previous 15 Hz applied Full12 action,canonical_full12_command_space,"{""method"":""fixed_scale"",""scale"":210.0}","[-1.0,1.0]",reject_episode,runtime_observable
77,previous_rear_left_hip,previous_action,deg,previous 15 Hz applied Full12 action,canonical_full12_command_space,"{""method"":""fixed_scale"",""scale"":135.0}","[-1.0,1.0]",reject_episode,runtime_observable
78,previous_rear_left_knee,previous_action,deg,previous 15 Hz applied Full12 action,canonical_full12_command_space,"{""method"":""fixed_scale"",""scale"":210.0}","[-1.0,1.0]",reject_episode,runtime_observable
79,previous_rear_right_hip,previous_action,deg,previous 15 Hz applied Full12 action,canonical_full12_command_space,"{""method"":""fixed_scale"",""scale"":135.0}","[-1.0,1.0]",reject_episode,runtime_observable
80,previous_rear_right_knee,previous_action,deg,previous 15 Hz applied Full12 action,canonical_full12_command_space,"{""method"":""fixed_scale"",""scale"":210.0}","[-1.0,1.0]",reject_episode,runtime_observable
81,previous_front_left_ankle,previous_action,rad_s,previous 15 Hz applied Full12 action,canonical_full12_command_space,"{""method"":""fixed_scale"",""scale"":2.0943951023931953}","[-1.0,1.0]",reject_episode,runtime_observable
82,previous_front_right_ankle,previous_action,rad_s,previous 15 Hz applied Full12 action,canonical_full12_command_space,"{""method"":""fixed_scale"",""scale"":2.0943951023931953}","[-1.0,1.0]",reject_episode,runtime_observable
83,previous_rear_left_ankle,previous_action,rad_s,previous 15 Hz applied Full12 action,canonical_full12_command_space,"{""method"":""fixed_scale"",""scale"":2.0943951023931953}","[-1.0,1.0]",reject_episode,runtime_observable
84,previous_rear_right_ankle,previous_action,rad_s,previous 15 Hz applied Full12 action,canonical_full12_command_space,"{""method"":""fixed_scale"",""scale"":2.0943951023931953}","[-1.0,1.0]",reject_episode,runtime_observable
85,lifecycle_is_WAIT_ENTRY,fsm_lifecycle_one_hot,boolean,frozen SensorFsmController lifecycle,fsm,"{""method"":""identity"",""scale"":1.0}","[0.0,1.0]",reject_episode,runtime_observable
86,lifecycle_is_EXECUTE_MOTION,fsm_lifecycle_one_hot,boolean,frozen SensorFsmController lifecycle,fsm,"{""method"":""identity"",""scale"":1.0}","[0.0,1.0]",reject_episode,runtime_observable
87,lifecycle_is_VERIFY_RESULT,fsm_lifecycle_one_hot,boolean,frozen SensorFsmController lifecycle,fsm,"{""method"":""identity"",""scale"":1.0}","[0.0,1.0]",reject_episode,runtime_observable
88,lifecycle_is_RECOVERY,fsm_lifecycle_one_hot,boolean,frozen SensorFsmController lifecycle,fsm,"{""method"":""identity"",""scale"":1.0}","[0.0,1.0]",reject_episode,runtime_observable
89,lifecycle_is_DONE,fsm_lifecycle_one_hot,boolean,frozen SensorFsmController lifecycle,fsm,"{""method"":""identity"",""scale"":1.0}","[0.0,1.0]",reject_episode,runtime_observable
90,base_linear_velocity_body_x,body_linear_velocity_body,m_s,live base linear velocity rotated from world by inverse base quaternion,body,"{""method"":""fixed_scale"",""scale"":5.0}","[-1.0,1.0]",reject_episode,runtime_observable
91,base_linear_velocity_body_y,body_linear_velocity_body,m_s,live base linear velocity rotated from world by inverse base quaternion,body,"{""method"":""fixed_scale"",""scale"":5.0}","[-1.0,1.0]",reject_episode,runtime_observable
92,base_linear_velocity_body_z,body_linear_velocity_body,m_s,live base linear velocity rotated from world by inverse base quaternion,body,"{""method"":""fixed_scale"",""scale"":5.0}","[-1.0,1.0]",reject_episode,runtime_observable
93,imu_linear_acceleration_body_x,imu_linear_acceleration_body,m_s2,live IMU-equivalent base linear acceleration,body,"{""method"":""fixed_scale"",""scale"":50.0}","[-2.0,2.0]",reject_episode,runtime_observable
94,imu_linear_acceleration_body_y,imu_linear_acceleration_body,m_s2,live IMU-equivalent base linear acceleration,body,"{""method"":""fixed_scale"",""scale"":50.0}","[-2.0,2.0]",reject_episode,runtime_observable
95,imu_linear_acceleration_body_z,imu_linear_acceleration_body,m_s2,live IMU-equivalent base linear acceleration,body,"{""method"":""fixed_scale"",""scale"":50.0}","[-2.0,2.0]",reject_episode,runtime_observable
96,full_body_com_velocity_x,full_body_com_velocity,m_s,live mass-weighted 13-body center-of-mass velocity,world,"{""method"":""fixed_scale"",""scale"":5.0}","[-1.0,1.0]",reject_episode,runtime_observable
97,full_body_com_velocity_y,full_body_com_velocity,m_s,live mass-weighted 13-body center-of-mass velocity,world,"{""method"":""fixed_scale"",""scale"":5.0}","[-1.0,1.0]",reject_episode,runtime_observable
98,full_body_com_velocity_z,full_body_com_velocity,m_s,live mass-weighted 13-body center-of-mass velocity,world,"{""method"":""fixed_scale"",""scale"":5.0}","[-1.0,1.0]",reject_episode,runtime_observable
99,front_left_wheel_normal_force,wheel_normal_force,N,sum of verified exact ground and obstacle pair normal forces,contact_pair_normal,"{""method"":""fixed_scale"",""scale"":50.0}","[0.0,4.0]",reject_episode,runtime_observable
100,front_right_wheel_normal_force,wheel_normal_force,N,sum of verified exact ground and obstacle pair normal forces,contact_pair_normal,"{""method"":""fixed_scale"",""scale"":50.0}","[0.0,4.0]",reject_episode,runtime_observable
101,rear_left_wheel_normal_force,wheel_normal_force,N,sum of verified exact ground and obstacle pair normal forces,contact_pair_normal,"{""method"":""fixed_scale"",""scale"":50.0}","[0.0,4.0]",reject_episode,runtime_observable
102,rear_right_wheel_normal_force,wheel_normal_force,N,sum of verified exact ground and obstacle pair normal forces,contact_pair_normal,"{""method"":""fixed_scale"",""scale"":50.0}","[0.0,4.0]",reject_episode,runtime_observable
103,front_left_wheel_load_fraction,wheel_load_fraction,fraction,wheel normal force divided by four-wheel normal-force sum,contact_distribution,"{""method"":""identity"",""scale"":1.0}","[0.0,1.0]",reject_episode,runtime_observable
104,front_right_wheel_load_fraction,wheel_load_fraction,fraction,wheel normal force divided by four-wheel normal-force sum,contact_distribution,"{""method"":""identity"",""scale"":1.0}","[0.0,1.0]",reject_episode,runtime_observable
105,rear_left_wheel_load_fraction,wheel_load_fraction,fraction,wheel normal force divided by four-wheel normal-force sum,contact_distribution,"{""method"":""identity"",""scale"":1.0}","[0.0,1.0]",reject_episode,runtime_observable
106,rear_right_wheel_load_fraction,wheel_load_fraction,fraction,wheel normal force divided by four-wheel normal-force sum,contact_distribution,"{""method"":""identity"",""scale"":1.0}","[0.0,1.0]",reject_episode,runtime_observable
107,front_left_wheel_slip,wheel_longitudinal_slip,ratio,(logical wheel surface speed - body forward speed) / robust speed denominator,body_forward_axis,"{""method"":""identity"",""scale"":1.0}","[-4.0,4.0]",reject_episode,runtime_observable
108,front_right_wheel_slip,wheel_longitudinal_slip,ratio,(logical wheel surface speed - body forward speed) / robust speed denominator,body_forward_axis,"{""method"":""identity"",""scale"":1.0}","[-4.0,4.0]",reject_episode,runtime_observable
109,rear_left_wheel_slip,wheel_longitudinal_slip,ratio,(logical wheel surface speed - body forward speed) / robust speed denominator,body_forward_axis,"{""method"":""identity"",""scale"":1.0}","[-4.0,4.0]",reject_episode,runtime_observable
110,rear_right_wheel_slip,wheel_longitudinal_slip,ratio,(logical wheel surface speed - body forward speed) / robust speed denominator,body_forward_axis,"{""method"":""identity"",""scale"":1.0}","[-4.0,4.0]",reject_episode,runtime_observable
111,active_leg_wheel_bottom_clearance,active_leg_wheel_bottom_clearance,m,active wheel collider bottom minus obstacle top; zero when phase has no active leg,world_z_relative_to_obstacle_top,"{""method"":""fixed_scale"",""scale"":0.2}","[-2.0,2.0]",reject_episode,runtime_observable
112,active_leg_vertical_velocity,active_leg_vertical_velocity,m_s,active wheel rigid-body linear velocity; zero when phase has no active leg,world_z,"{""method"":""fixed_scale"",""scale"":2.0}","[-2.0,2.0]",reject_episode,runtime_observable
113,previous_projected_residual_front_left_hip,previous_projected_residual,deg,previous SafetyProject output minus the same-tick frozen FSM nominal Full12,canonical_full12_command_space,"{""method"":""fixed_scale"",""scale"":135.0}","[-1.0,1.0]",reject_episode,runtime_observable
114,previous_projected_residual_front_left_knee,previous_projected_residual,deg,previous SafetyProject output minus the same-tick frozen FSM nominal Full12,canonical_full12_command_space,"{""method"":""fixed_scale"",""scale"":210.0}","[-1.0,1.0]",reject_episode,runtime_observable
115,previous_projected_residual_front_right_hip,previous_projected_residual,deg,previous SafetyProject output minus the same-tick frozen FSM nominal Full12,canonical_full12_command_space,"{""method"":""fixed_scale"",""scale"":135.0}","[-1.0,1.0]",reject_episode,runtime_observable
116,previous_projected_residual_front_right_knee,previous_projected_residual,deg,previous SafetyProject output minus the same-tick frozen FSM nominal Full12,canonical_full12_command_space,"{""method"":""fixed_scale"",""scale"":210.0}","[-1.0,1.0]",reject_episode,runtime_observable
117,previous_projected_residual_rear_left_hip,previous_projected_residual,deg,previous SafetyProject output minus the same-tick frozen FSM nominal Full12,canonical_full12_command_space,"{""method"":""fixed_scale"",""scale"":135.0}","[-1.0,1.0]",reject_episode,runtime_observable
118,previous_projected_residual_rear_left_knee,previous_projected_residual,deg,previous SafetyProject output minus the same-tick frozen FSM nominal Full12,canonical_full12_command_space,"{""method"":""fixed_scale"",""scale"":210.0}","[-1.0,1.0]",reject_episode,runtime_observable
119,previous_projected_residual_rear_right_hip,previous_projected_residual,deg,previous SafetyProject output minus the same-tick frozen FSM nominal Full12,canonical_full12_command_space,"{""method"":""fixed_scale"",""scale"":135.0}","[-1.0,1.0]",reject_episode,runtime_observable
120,previous_projected_residual_rear_right_knee,previous_projected_residual,deg,previous SafetyProject output minus the same-tick frozen FSM nominal Full12,canonical_full12_command_space,"{""method"":""fixed_scale"",""scale"":210.0}","[-1.0,1.0]",reject_episode,runtime_observable
121,previous_projected_residual_front_left_ankle,previous_projected_residual,rad_s,previous SafetyProject output minus the same-tick frozen FSM nominal Full12,canonical_full12_command_space,"{""method"":""fixed_scale"",""scale"":2.0943951023931953}","[-1.0,1.0]",reject_episode,runtime_observable
122,previous_projected_residual_front_right_ankle,previous_projected_residual,rad_s,previous SafetyProject output minus the same-tick frozen FSM nominal Full12,canonical_full12_command_space,"{""method"":""fixed_scale"",""scale"":2.0943951023931953}","[-1.0,1.0]",reject_episode,runtime_observable
123,previous_projected_residual_rear_left_ankle,previous_projected_residual,rad_s,previous SafetyProject output minus the same-tick frozen FSM nominal Full12,canonical_full12_command_space,"{""method"":""fixed_scale"",""scale"":2.0943951023931953}","[-1.0,1.0]",reject_episode,runtime_observable
124,previous_projected_residual_rear_right_ankle,previous_projected_residual,rad_s,previous SafetyProject output minus the same-tick frozen FSM nominal Full12,canonical_full12_command_space,"{""method"":""fixed_scale"",""scale"":2.0943951023931953}","[-1.0,1.0]",reject_episode,runtime_observable
