"run","source_global","end_global","source_phase","optimized_decisions","physics_ticks","nonterminal_handoffs","terminal_handoffs","native_effect_ticks","own_phase_effect_ticks","native_audit_anomaly_rows","state_write_anomaly_rows","sampled"
"20260907T2323203253351Z_g2f27c6f5065a_7f76ca91e2494cfbab5b9ee2f8f6e58d",123136,124160,"P01",8,64,3,0,64,64,0,0,"true"
"20260907T2323203253351Z_g2f27c6f5065a_7f76ca91e2494cfbab5b9ee2f8f6e58d",123136,124160,"P02",387,3096,3,0,3096,3093,0,0,"true"
"20260907T2323203253351Z_g2f27c6f5065a_7f76ca91e2494cfbab5b9ee2f8f6e58d",123136,124160,"P03",12,96,3,0,96,93,0,0,"true"
"20260907T2323203253351Z_g2f27c6f5065a_7f76ca91e2494cfbab5b9ee2f8f6e58d",123136,124160,"P04",3,24,3,0,24,21,0,0,"true"
"20260907T2323203253351Z_g2f27c6f5065a_7f76ca91e2494cfbab5b9ee2f8f6e58d",123136,124160,"P05",346,2768,2,0,2768,2765,0,0,"true"
"20260907T2323203253351Z_g2f27c6f5065a_7f76ca91e2494cfbab5b9ee2f8f6e58d",123136,124160,"P06",234,1869,1,0,1869,1867,0,0,"true"
"20260907T2323203253351Z_g2f27c6f5065a_7f76ca91e2494cfbab5b9ee2f8f6e58d",123136,124160,"P07",1,8,1,0,8,7,0,0,"true"
"20260907T2323203253351Z_g2f27c6f5065a_7f76ca91e2494cfbab5b9ee2f8f6e58d",123136,124160,"P08",1,8,1,0,8,7,0,0,"true"
"20260907T2323203253351Z_g2f27c6f5065a_7f76ca91e2494cfbab5b9ee2f8f6e58d",123136,124160,"P09",32,255,0,0,255,254,0,0,"true"
"20260907T2323203253351Z_g2f27c6f5065a_7f76ca91e2494cfbab5b9ee2f8f6e58d",123136,124160,"P10",0,0,0,0,0,0,0,0,"false"
"20260907T2323203253351Z_g2f27c6f5065a_7f76ca91e2494cfbab5b9ee2f8f6e58d",123136,124160,"P11",0,0,0,0,0,0,0,0,"false"
"20260907T2323203253351Z_g2f27c6f5065a_7f76ca91e2494cfbab5b9ee2f8f6e58d",123136,124160,"P12",0,0,0,0,0,0,0,0,"false"
"20260907T2323203253351Z_g2f27c6f5065a_7f76ca91e2494cfbab5b9ee2f8f6e58d",123136,124160,"P13",0,0,0,0,0,0,0,0,"false"
"20260907T2331246866298Z_g2f27c6f5065a_f199aae4d2484f9580706f12cf6290b2",124160,125184,"P01",8,64,4,0,64,64,0,0,"true"
"20260907T2331246866298Z_g2f27c6f5065a_f199aae4d2484f9580706f12cf6290b2",124160,125184,"P02",483,3864,3,0,3864,3860,0,0,"true"
"20260907T2331246866298Z_g2f27c6f5065a_f199aae4d2484f9580706f12cf6290b2",124160,125184,"P03",11,88,3,0,88,85,0,0,"true"
"20260907T2331246866298Z_g2f27c6f5065a_f199aae4d2484f9580706f12cf6290b2",124160,125184,"P04",25,200,3,0,200,197,0,0,"true"
"20260907T2331246866298Z_g2f27c6f5065a_f199aae4d2484f9580706f12cf6290b2",124160,125184,"P05",497,3968,0,0,3968,3965,0,0,"true"
"20260907T2331246866298Z_g2f27c6f5065a_f199aae4d2484f9580706f12cf6290b2",124160,125184,"P06",0,0,0,0,0,0,0,0,"false"
"20260907T2331246866298Z_g2f27c6f5065a_f199aae4d2484f9580706f12cf6290b2",124160,125184,"P07",0,0,0,0,0,0,0,0,"false"
"20260907T2331246866298Z_g2f27c6f5065a_f199aae4d2484f9580706f12cf6290b2",124160,125184,"P08",0,0,0,0,0,0,0,0,"false"
"20260907T2331246866298Z_g2f27c6f5065a_f199aae4d2484f9580706f12cf6290b2",124160,125184,"P09",0,0,0,0,0,0,0,0,"false"
"20260907T2331246866298Z_g2f27c6f5065a_f199aae4d2484f9580706f12cf6290b2",124160,125184,"P10",0,0,0,0,0,0,0,0,"false"
"20260907T2331246866298Z_g2f27c6f5065a_f199aae4d2484f9580706f12cf6290b2",124160,125184,"P11",0,0,0,0,0,0,0,0,"false"
"20260907T2331246866298Z_g2f27c6f5065a_f199aae4d2484f9580706f12cf6290b2",124160,125184,"P12",0,0,0,0,0,0,0,0,"false"
"20260907T2331246866298Z_g2f27c6f5065a_f199aae4d2484f9580706f12cf6290b2",124160,125184,"P13",0,0,0,0,0,0,0,0,"false"
"20260907T2346092851638Z_g2f27c6f5065a_3ba4a92452b14e74ad1f3d5c8a03075d",125184,126208,"P01",0,0,0,0,0,0,0,0,"false"
"20260907T2346092851638Z_g2f27c6f5065a_3ba4a92452b14e74ad1f3d5c8a03075d",125184,126208,"P02",0,0,0,0,0,0,0,0,"false"
"20260907T2346092851638Z_g2f27c6f5065a_3ba4a92452b14e74ad1f3d5c8a03075d",125184,126208,"P03",0,0,0,0,0,0,0,0,"false"
"20260907T2346092851638Z_g2f27c6f5065a_3ba4a92452b14e74ad1f3d5c8a03075d",125184,126208,"P04",0,0,0,0,0,0,0,0,"false"
"20260907T2346092851638Z_g2f27c6f5065a_3ba4a92452b14e74ad1f3d5c8a03075d",125184,126208,"P05",0,0,0,0,0,0,0,0,"false"
"20260907T2346092851638Z_g2f27c6f5065a_3ba4a92452b14e74ad1f3d5c8a03075d",125184,126208,"P06",990,7906,1,0,7906,7906,0,0,"true"
"20260907T2346092851638Z_g2f27c6f5065a_3ba4a92452b14e74ad1f3d5c8a03075d",125184,126208,"P07",1,8,1,0,8,7,0,0,"true"
"20260907T2346092851638Z_g2f27c6f5065a_3ba4a92452b14e74ad1f3d5c8a03075d",125184,126208,"P08",1,8,1,0,8,7,0,0,"true"
"20260907T2346092851638Z_g2f27c6f5065a_3ba4a92452b14e74ad1f3d5c8a03075d",125184,126208,"P09",32,249,0,0,249,248,0,0,"true"
"20260907T2346092851638Z_g2f27c6f5065a_3ba4a92452b14e74ad1f3d5c8a03075d",125184,126208,"P10",0,0,0,0,0,0,0,0,"false"
"20260907T2346092851638Z_g2f27c6f5065a_3ba4a92452b14e74ad1f3d5c8a03075d",125184,126208,"P11",0,0,0,0,0,0,0,0,"false"
"20260907T2346092851638Z_g2f27c6f5065a_3ba4a92452b14e74ad1f3d5c8a03075d",125184,126208,"P12",0,0,0,0,0,0,0,0,"false"
"20260907T2346092851638Z_g2f27c6f5065a_3ba4a92452b14e74ad1f3d5c8a03075d",125184,126208,"P13",0,0,0,0,0,0,0,0,"false"
"20260908T0006516364582Z_g2f27c6f5065a_8dbd131ba139490b934bde25a4886d48",126208,127232,"P01",0,0,0,0,0,0,0,0,"false"
"20260908T0006516364582Z_g2f27c6f5065a_8dbd131ba139490b934bde25a4886d48",126208,127232,"P02",0,0,0,0,0,0,0,0,"false"
"20260908T0006516364582Z_g2f27c6f5065a_8dbd131ba139490b934bde25a4886d48",126208,127232,"P03",0,0,0,0,0,0,0,0,"false"
"20260908T0006516364582Z_g2f27c6f5065a_8dbd131ba139490b934bde25a4886d48",126208,127232,"P04",0,0,0,0,0,0,0,0,"false"
"20260908T0006516364582Z_g2f27c6f5065a_8dbd131ba139490b934bde25a4886d48",126208,127232,"P05",0,0,0,0,0,0,0,0,"false"
"20260908T0006516364582Z_g2f27c6f5065a_8dbd131ba139490b934bde25a4886d48",126208,127232,"P06",0,0,0,0,0,0,0,0,"false"
"20260908T0006516364582Z_g2f27c6f5065a_8dbd131ba139490b934bde25a4886d48",126208,127232,"P07",0,0,0,0,0,0,0,0,"false"
"20260908T0006516364582Z_g2f27c6f5065a_8dbd131ba139490b934bde25a4886d48",126208,127232,"P08",0,0,0,0,0,0,0,0,"false"
"20260908T0006516364582Z_g2f27c6f5065a_8dbd131ba139490b934bde25a4886d48",126208,127232,"P09",0,0,0,0,0,0,0,0,"false"
"20260908T0006516364582Z_g2f27c6f5065a_8dbd131ba139490b934bde25a4886d48",126208,127232,"P10",2,16,2,0,16,16,0,0,"true"
"20260908T0006516364582Z_g2f27c6f5065a_8dbd131ba139490b934bde25a4886d48",126208,127232,"P11",28,224,2,0,224,222,0,0,"true"
"20260908T0006516364582Z_g2f27c6f5065a_8dbd131ba139490b934bde25a4886d48",126208,127232,"P12",516,4121,1,0,4121,4119,0,0,"true"
"20260908T0006516364582Z_g2f27c6f5065a_8dbd131ba139490b934bde25a4886d48",126208,127232,"P13",478,3824,0,0,3824,3823,0,0,"true"
"20260908T0037544616949Z_g2f27c6f5065a_676c69e8a4994965a57db38f1a8c2ab1",127232,128768,"P01",14,112,6,0,112,112,0,0,"true"
"20260908T0037544616949Z_g2f27c6f5065a_676c69e8a4994965a57db38f1a8c2ab1",127232,128768,"P02",764,6112,6,0,6112,6106,0,0,"true"
"20260908T0037544616949Z_g2f27c6f5065a_676c69e8a4994965a57db38f1a8c2ab1",127232,128768,"P03",26,208,6,0,208,202,0,0,"true"
"20260908T0037544616949Z_g2f27c6f5065a_676c69e8a4994965a57db38f1a8c2ab1",127232,128768,"P04",17,136,6,0,136,130,0,0,"true"
"20260908T0037544616949Z_g2f27c6f5065a_676c69e8a4994965a57db38f1a8c2ab1",127232,128768,"P05",500,3985,1,0,3985,3979,0,0,"true"
"20260908T0037544616949Z_g2f27c6f5065a_676c69e8a4994965a57db38f1a8c2ab1",127232,128768,"P06",205,1640,1,0,1640,1639,0,0,"true"
"20260908T0037544616949Z_g2f27c6f5065a_676c69e8a4994965a57db38f1a8c2ab1",127232,128768,"P07",1,8,1,0,8,7,0,0,"true"
"20260908T0037544616949Z_g2f27c6f5065a_676c69e8a4994965a57db38f1a8c2ab1",127232,128768,"P08",1,8,1,0,8,7,0,0,"true"
"20260908T0037544616949Z_g2f27c6f5065a_676c69e8a4994965a57db38f1a8c2ab1",127232,128768,"P09",8,62,0,0,62,61,0,0,"true"
"20260908T0037544616949Z_g2f27c6f5065a_676c69e8a4994965a57db38f1a8c2ab1",127232,128768,"P10",0,0,0,0,0,0,0,0,"false"
"20260908T0037544616949Z_g2f27c6f5065a_676c69e8a4994965a57db38f1a8c2ab1",127232,128768,"P11",0,0,0,0,0,0,0,0,"false"
"20260908T0037544616949Z_g2f27c6f5065a_676c69e8a4994965a57db38f1a8c2ab1",127232,128768,"P12",0,0,0,0,0,0,0,0,"false"
"20260908T0037544616949Z_g2f27c6f5065a_676c69e8a4994965a57db38f1a8c2ab1",127232,128768,"P13",0,0,0,0,0,0,0,0,"false"
"20260908T0056194541922Z_g2f27c6f5065a_42fbe687c18c452cb2f120cdf7967bc8",128768,130304,"P01",0,0,0,0,0,0,0,0,"false"
"20260908T0056194541922Z_g2f27c6f5065a_42fbe687c18c452cb2f120cdf7967bc8",128768,130304,"P02",0,0,0,0,0,0,0,0,"false"
"20260908T0056194541922Z_g2f27c6f5065a_42fbe687c18c452cb2f120cdf7967bc8",128768,130304,"P03",0,0,0,0,0,0,0,0,"false"
"20260908T0056194541922Z_g2f27c6f5065a_42fbe687c18c452cb2f120cdf7967bc8",128768,130304,"P04",0,0,0,0,0,0,0,0,"false"
"20260908T0056194541922Z_g2f27c6f5065a_42fbe687c18c452cb2f120cdf7967bc8",128768,130304,"P05",0,0,0,0,0,0,0,0,"false"
"20260908T0056194541922Z_g2f27c6f5065a_42fbe687c18c452cb2f120cdf7967bc8",128768,130304,"P06",911,7265,7,0,7265,7265,0,0,"true"
"20260908T0056194541922Z_g2f27c6f5065a_42fbe687c18c452cb2f120cdf7967bc8",128768,130304,"P07",7,56,7,0,56,49,0,0,"true"
"20260908T0056194541922Z_g2f27c6f5065a_42fbe687c18c452cb2f120cdf7967bc8",128768,130304,"P08",7,56,7,0,56,49,0,0,"true"
"20260908T0056194541922Z_g2f27c6f5065a_42fbe687c18c452cb2f120cdf7967bc8",128768,130304,"P09",611,4869,0,0,4869,4862,0,0,"true"
"20260908T0056194541922Z_g2f27c6f5065a_42fbe687c18c452cb2f120cdf7967bc8",128768,130304,"P10",0,0,0,0,0,0,0,0,"false"
"20260908T0056194541922Z_g2f27c6f5065a_42fbe687c18c452cb2f120cdf7967bc8",128768,130304,"P11",0,0,0,0,0,0,0,0,"false"
"20260908T0056194541922Z_g2f27c6f5065a_42fbe687c18c452cb2f120cdf7967bc8",128768,130304,"P12",0,0,0,0,0,0,0,0,"false"
"20260908T0056194541922Z_g2f27c6f5065a_42fbe687c18c452cb2f120cdf7967bc8",128768,130304,"P13",0,0,0,0,0,0,0,0,"false"
"20260908T0230082471288Z_gdb991aa68103_b9b719b139e44396ab233876cbdbf87b",130304,131840,"P01",10,80,5,0,80,80,0,0,"true"
"20260908T0230082471288Z_gdb991aa68103_b9b719b139e44396ab233876cbdbf87b",130304,131840,"P02",737,5896,4,0,5896,5891,0,0,"true"
"20260908T0230082471288Z_gdb991aa68103_b9b719b139e44396ab233876cbdbf87b",130304,131840,"P03",20,160,4,0,160,156,0,0,"true"
"20260908T0230082471288Z_gdb991aa68103_b9b719b139e44396ab233876cbdbf87b",130304,131840,"P04",6,48,4,0,48,44,0,0,"true"
"20260908T0230082471288Z_gdb991aa68103_b9b719b139e44396ab233876cbdbf87b",130304,131840,"P05",414,3312,4,0,3312,3308,0,0,"true"
"20260908T0230082471288Z_gdb991aa68103_b9b719b139e44396ab233876cbdbf87b",130304,131840,"P06",349,2775,0,0,2775,2771,0,0,"true"
"20260908T0230082471288Z_gdb991aa68103_b9b719b139e44396ab233876cbdbf87b",130304,131840,"P07",0,0,0,0,0,0,0,0,"false"
"20260908T0230082471288Z_gdb991aa68103_b9b719b139e44396ab233876cbdbf87b",130304,131840,"P08",0,0,0,0,0,0,0,0,"false"
"20260908T0230082471288Z_gdb991aa68103_b9b719b139e44396ab233876cbdbf87b",130304,131840,"P09",0,0,0,0,0,0,0,0,"false"
"20260908T0230082471288Z_gdb991aa68103_b9b719b139e44396ab233876cbdbf87b",130304,131840,"P10",0,0,0,0,0,0,0,0,"false"
"20260908T0230082471288Z_gdb991aa68103_b9b719b139e44396ab233876cbdbf87b",130304,131840,"P11",0,0,0,0,0,0,0,0,"false"
"20260908T0230082471288Z_gdb991aa68103_b9b719b139e44396ab233876cbdbf87b",130304,131840,"P12",0,0,0,0,0,0,0,0,"false"
"20260908T0230082471288Z_gdb991aa68103_b9b719b139e44396ab233876cbdbf87b",130304,131840,"P13",0,0,0,0,0,0,0,0,"false"
"20260908T0242228047566Z_gdb991aa68103_ee0cd73bdf6a44138b554c8841f8b901",131840,132864,"P01",0,0,0,0,0,0,0,0,"false"
"20260908T0242228047566Z_gdb991aa68103_ee0cd73bdf6a44138b554c8841f8b901",131840,132864,"P02",0,0,0,0,0,0,0,0,"false"
"20260908T0242228047566Z_gdb991aa68103_ee0cd73bdf6a44138b554c8841f8b901",131840,132864,"P03",0,0,0,0,0,0,0,0,"false"
"20260908T0242228047566Z_gdb991aa68103_ee0cd73bdf6a44138b554c8841f8b901",131840,132864,"P04",0,0,0,0,0,0,0,0,"false"
"20260908T0242228047566Z_gdb991aa68103_ee0cd73bdf6a44138b554c8841f8b901",131840,132864,"P05",0,0,0,0,0,0,0,0,"false"
"20260908T0242228047566Z_gdb991aa68103_ee0cd73bdf6a44138b554c8841f8b901",131840,132864,"P06",984,7860,3,0,7860,7860,0,0,"true"
"20260908T0242228047566Z_gdb991aa68103_ee0cd73bdf6a44138b554c8841f8b901",131840,132864,"P07",3,24,3,0,24,21,0,0,"true"
"20260908T0242228047566Z_gdb991aa68103_ee0cd73bdf6a44138b554c8841f8b901",131840,132864,"P08",3,24,3,0,24,21,0,0,"true"
"20260908T0242228047566Z_gdb991aa68103_ee0cd73bdf6a44138b554c8841f8b901",131840,132864,"P09",34,257,0,0,257,254,0,0,"true"
"20260908T0242228047566Z_gdb991aa68103_ee0cd73bdf6a44138b554c8841f8b901",131840,132864,"P10",0,0,0,0,0,0,0,0,"false"
"20260908T0242228047566Z_gdb991aa68103_ee0cd73bdf6a44138b554c8841f8b901",131840,132864,"P11",0,0,0,0,0,0,0,0,"false"
"20260908T0242228047566Z_gdb991aa68103_ee0cd73bdf6a44138b554c8841f8b901",131840,132864,"P12",0,0,0,0,0,0,0,0,"false"
"20260908T0242228047566Z_gdb991aa68103_ee0cd73bdf6a44138b554c8841f8b901",131840,132864,"P13",0,0,0,0,0,0,0,0,"false"
"20260908T0317319786616Z_gdb991aa68103_0ae9bc64aad14ce7b2943de60d407031",132864,133248,"P01",0,0,0,0,0,0,0,0,"false"
"20260908T0317319786616Z_gdb991aa68103_0ae9bc64aad14ce7b2943de60d407031",132864,133248,"P02",0,0,0,0,0,0,0,0,"false"
"20260908T0317319786616Z_gdb991aa68103_0ae9bc64aad14ce7b2943de60d407031",132864,133248,"P03",0,0,0,0,0,0,0,0,"false"
"20260908T0317319786616Z_gdb991aa68103_0ae9bc64aad14ce7b2943de60d407031",132864,133248,"P04",0,0,0,0,0,0,0,0,"false"
"20260908T0317319786616Z_gdb991aa68103_0ae9bc64aad14ce7b2943de60d407031",132864,133248,"P05",0,0,0,0,0,0,0,0,"false"
"20260908T0317319786616Z_gdb991aa68103_0ae9bc64aad14ce7b2943de60d407031",132864,133248,"P06",0,0,0,0,0,0,0,0,"false"
"20260908T0317319786616Z_gdb991aa68103_0ae9bc64aad14ce7b2943de60d407031",132864,133248,"P07",0,0,0,0,0,0,0,0,"false"
"20260908T0317319786616Z_gdb991aa68103_0ae9bc64aad14ce7b2943de60d407031",132864,133248,"P08",0,0,0,0,0,0,0,0,"false"
"20260908T0317319786616Z_gdb991aa68103_0ae9bc64aad14ce7b2943de60d407031",132864,133248,"P09",0,0,0,0,0,0,0,0,"false"
"20260908T0317319786616Z_gdb991aa68103_0ae9bc64aad14ce7b2943de60d407031",132864,133248,"P10",4,32,4,0,32,32,0,0,"true"
"20260908T0317319786616Z_gdb991aa68103_0ae9bc64aad14ce7b2943de60d407031",132864,133248,"P11",4,32,4,0,32,28,0,0,"true"
"20260908T0317319786616Z_gdb991aa68103_0ae9bc64aad14ce7b2943de60d407031",132864,133248,"P12",376,2999,0,0,2999,2995,0,0,"true"
"20260908T0317319786616Z_gdb991aa68103_0ae9bc64aad14ce7b2943de60d407031",132864,133248,"P13",0,0,0,0,0,0,0,0,"false"
"20260908T0358211077438Z_gdb991aa68103_df532577a9954407b67295896fa2af9f",133248,134272,"P01",0,0,0,0,0,0,0,0,"false"
"20260908T0358211077438Z_gdb991aa68103_df532577a9954407b67295896fa2af9f",133248,134272,"P02",0,0,0,0,0,0,0,0,"false"
"20260908T0358211077438Z_gdb991aa68103_df532577a9954407b67295896fa2af9f",133248,134272,"P03",0,0,0,0,0,0,0,0,"false"
"20260908T0358211077438Z_gdb991aa68103_df532577a9954407b67295896fa2af9f",133248,134272,"P04",21,168,8,0,168,168,0,0,"true"
"20260908T0358211077438Z_gdb991aa68103_df532577a9954407b67295896fa2af9f",133248,134272,"P05",569,4552,6,0,4552,4544,0,0,"true"
"20260908T0358211077438Z_gdb991aa68103_df532577a9954407b67295896fa2af9f",133248,134272,"P06",377,2998,1,0,2998,2992,0,0,"true"
"20260908T0358211077438Z_gdb991aa68103_df532577a9954407b67295896fa2af9f",133248,134272,"P07",1,8,1,0,8,7,0,0,"true"
"20260908T0358211077438Z_gdb991aa68103_df532577a9954407b67295896fa2af9f",133248,134272,"P08",1,8,1,0,8,7,0,0,"true"
"20260908T0358211077438Z_gdb991aa68103_df532577a9954407b67295896fa2af9f",133248,134272,"P09",55,440,0,0,440,439,0,0,"true"
"20260908T0358211077438Z_gdb991aa68103_df532577a9954407b67295896fa2af9f",133248,134272,"P10",0,0,0,0,0,0,0,0,"false"
"20260908T0358211077438Z_gdb991aa68103_df532577a9954407b67295896fa2af9f",133248,134272,"P11",0,0,0,0,0,0,0,0,"false"
"20260908T0358211077438Z_gdb991aa68103_df532577a9954407b67295896fa2af9f",133248,134272,"P12",0,0,0,0,0,0,0,0,"false"
"20260908T0358211077438Z_gdb991aa68103_df532577a9954407b67295896fa2af9f",133248,134272,"P13",0,0,0,0,0,0,0,0,"false"
"20260908T0418530171278Z_gdb991aa68103_aacec4db672a4cc6be3043314a075baf",134272,134400,"P01",0,0,0,0,0,0,0,0,"false"
"20260908T0418530171278Z_gdb991aa68103_aacec4db672a4cc6be3043314a075baf",134272,134400,"P02",0,0,0,0,0,0,0,0,"false"
"20260908T0418530171278Z_gdb991aa68103_aacec4db672a4cc6be3043314a075baf",134272,134400,"P03",0,0,0,0,0,0,0,0,"false"
"20260908T0418530171278Z_gdb991aa68103_aacec4db672a4cc6be3043314a075baf",134272,134400,"P04",0,0,0,0,0,0,0,0,"false"
"20260908T0418530171278Z_gdb991aa68103_aacec4db672a4cc6be3043314a075baf",134272,134400,"P05",0,0,0,0,0,0,0,0,"false"
"20260908T0418530171278Z_gdb991aa68103_aacec4db672a4cc6be3043314a075baf",134272,134400,"P06",0,0,0,0,0,0,0,0,"false"
"20260908T0418530171278Z_gdb991aa68103_aacec4db672a4cc6be3043314a075baf",134272,134400,"P07",9,72,9,0,72,72,0,0,"true"
"20260908T0418530171278Z_gdb991aa68103_aacec4db672a4cc6be3043314a075baf",134272,134400,"P08",11,88,9,0,88,79,0,0,"true"
"20260908T0418530171278Z_gdb991aa68103_aacec4db672a4cc6be3043314a075baf",134272,134400,"P09",108,839,0,0,839,830,0,0,"true"
"20260908T0418530171278Z_gdb991aa68103_aacec4db672a4cc6be3043314a075baf",134272,134400,"P10",0,0,0,0,0,0,0,0,"false"
"20260908T0418530171278Z_gdb991aa68103_aacec4db672a4cc6be3043314a075baf",134272,134400,"P11",0,0,0,0,0,0,0,0,"false"
"20260908T0418530171278Z_gdb991aa68103_aacec4db672a4cc6be3043314a075baf",134272,134400,"P12",0,0,0,0,0,0,0,0,"false"
"20260908T0418530171278Z_gdb991aa68103_aacec4db672a4cc6be3043314a075baf",134272,134400,"P13",0,0,0,0,0,0,0,0,"false"
"20260908T0527001180716Z_gd7479d9fc41c_1c12a8d4ed0848f981c87791307c54bd",134400,135424,"P01",8,64,4,0,64,64,0,0,"true"
"20260908T0527001180716Z_gd7479d9fc41c_1c12a8d4ed0848f981c87791307c54bd",134400,135424,"P02",476,3808,4,0,3808,3804,0,0,"true"
"20260908T0527001180716Z_gd7479d9fc41c_1c12a8d4ed0848f981c87791307c54bd",134400,135424,"P03",22,176,4,0,176,172,0,0,"true"
"20260908T0527001180716Z_gd7479d9fc41c_1c12a8d4ed0848f981c87791307c54bd",134400,135424,"P04",6,48,4,0,48,44,0,0,"true"
"20260908T0527001180716Z_gd7479d9fc41c_1c12a8d4ed0848f981c87791307c54bd",134400,135424,"P05",417,3325,1,0,3325,3321,0,0,"true"
"20260908T0527001180716Z_gd7479d9fc41c_1c12a8d4ed0848f981c87791307c54bd",134400,135424,"P06",95,759,0,0,759,758,0,0,"true"
"20260908T0527001180716Z_gd7479d9fc41c_1c12a8d4ed0848f981c87791307c54bd",134400,135424,"P07",0,0,0,0,0,0,0,0,"false"
"20260908T0527001180716Z_gd7479d9fc41c_1c12a8d4ed0848f981c87791307c54bd",134400,135424,"P08",0,0,0,0,0,0,0,0,"false"
"20260908T0527001180716Z_gd7479d9fc41c_1c12a8d4ed0848f981c87791307c54bd",134400,135424,"P09",0,0,0,0,0,0,0,0,"false"
"20260908T0527001180716Z_gd7479d9fc41c_1c12a8d4ed0848f981c87791307c54bd",134400,135424,"P10",0,0,0,0,0,0,0,0,"false"
"20260908T0527001180716Z_gd7479d9fc41c_1c12a8d4ed0848f981c87791307c54bd",134400,135424,"P11",0,0,0,0,0,0,0,0,"false"
"20260908T0527001180716Z_gd7479d9fc41c_1c12a8d4ed0848f981c87791307c54bd",134400,135424,"P12",0,0,0,0,0,0,0,0,"false"
"20260908T0527001180716Z_gd7479d9fc41c_1c12a8d4ed0848f981c87791307c54bd",134400,135424,"P13",0,0,0,0,0,0,0,0,"false"
