phase,state,channel,reference_start,reference_end,reference_delta,reference_active_duration,reference_average_velocity,reference_peak_velocity,reference_wheel_integral,fsm_start,fsm_command_end,fsm_actual_end,fsm_delta,fsm_active_duration,fsm_average_velocity,fsm_peak_velocity,fsm_wheel_integral,endpoint_error_percent,delta_error_percent,duration_error_percent,velocity_error_percent,wheel_integral_error_percent,within_15_percent,reference_actual_end,reference_actual_delta,reference_actual_wheel_integral,fsm_command_delta,fsm_actual_delta,fsm_command_wheel_integral,fsm_actual_wheel_integral,command_endpoint_error_percent,actual_endpoint_error_percent,command_delta_error_percent,actual_delta_error_percent,average_velocity_error_percent,peak_velocity_error_percent,command_wheel_integral_error_percent,actual_wheel_integral_error_percent,trajectory_rmse,trajectory_rmse_percent,active_sample_count,reference_measured_average_velocity,fsm_measured_average_velocity,measured_average_velocity_error_percent,reference_measured_peak_velocity,fsm_measured_peak_velocity,measured_peak_velocity_error_percent
P01,INITIAL_LOAD_TRANSFER_FR,rear_left_hip,0.0,37.6,37.6,13.266666666666424,5.9021231621121455,125.13103268911456,0.0,0.0,37.6,38.94865787293201,38.73598217729987,13.266666666666666,5.862514478873787,125.06651472221462,0.0,0.0002270674591143427,0.16958809922057566,1.82098892079225e-12,0.5941302485753797,0.0,True,38.94874325029664,38.67221705199293,0.0,37.6,38.73598217729987,0.0,0.0,0.0,0.0002270674591143427,0.0,0.16958809922057566,0.5941302485753797,0.05156032481585553,0.0,0.0,0.06221076605420466,0.16545416503777835,1594,5.9021231621121455,5.862514478873787,0.5941302485753797,125.13103268911456,125.06651472221462,0.05156032481585553
P01,INITIAL_LOAD_TRANSFER_FR,front_left_ankle,0.0,0.0,0.0,13.266666666666424,0.29246231155778885,0.3,3.8799999999999275,0.0,0.0,-0.03421349450945854,-0.05252398923039436,13.266666666666666,0.29246231155779273,0.3,3.001936501460542,0.0,0.0,1.82098892079225e-12,1.1657341758564142e-12,3.15898510099535e-12,True,-0.03645225241780281,-0.048984880559146404,2.995346022057678,0.0,-0.05252398923039436,3.88000000000005,3.001936501460542,0.0,0.6716273725032805,0.0,1.0617326013743875,1.1657341758564142e-12,0.0,3.15898510099535e-12,0.2200239756719921,0.0,0.0,1594,0.22587733017499798,0.22613677603395368,0.07783375768671273,0.4794905185699463,0.49553051590919495,3.345216791165559
P01,INITIAL_LOAD_TRANSFER_FR,front_right_ankle,0.0,0.0,0.0,13.266666666666424,0.29246231155778885,0.3,3.8799999999999275,0.0,0.0,3.641616422100924e-05,-0.028996708282647887,13.266666666666666,0.29246231155779273,0.3,3.881438257474559,0.0,0.0,1.82098892079225e-12,1.1657341758564142e-12,3.15898510099535e-12,True,3.2344425562769175e-05,-0.018395563994999975,3.8816639260651216,0.0,-0.028996708282647887,3.88000000000005,3.881438257474559,0.0,0.0012215215974720193,0.0,3.1803432862943732,1.1657341758564142e-12,0.0,3.15898510099535e-12,0.005813707597070396,0.0,0.0,1594,0.29222649408070295,0.29221276962728265,0.004117336026088213,0.30276817083358765,0.30267196893692017,0.028860569000244137
P01,INITIAL_LOAD_TRANSFER_FR,rear_left_ankle,0.0,0.0,0.0,13.266666666666424,0.29246231155778885,0.3,3.8799999999999275,0.0,0.0,0.018589237704873085,0.03322749864310026,13.266666666666666,0.29246231155779273,0.3,4.457201800597913,0.0,0.0,1.82098892079225e-12,1.1657341758564142e-12,3.15898510099535e-12,True,0.019256627187132835,0.025761567056179047,4.466709324854458,0.0,0.03322749864310026,3.88000000000005,4.457201800597913,0.0,0.20021684467792508,0.0,2.239779476076364,1.1657341758564142e-12,0.0,3.15898510099535e-12,0.21285298785039672,0.0,0.0,1594,0.3368163632306824,0.3362853344861722,0.15766120725747623,0.46886542439460754,0.46771571040153503,0.2452119378512511
P01,INITIAL_LOAD_TRANSFER_FR,rear_right_ankle,0.0,0.0,0.0,13.266666666666424,0.29246231155778885,0.3,3.8799999999999275,0.0,0.0,-0.01670078933238983,0.007265960797667503,13.266666666666666,0.29246231155779273,0.3,3.6751136119516254,0.0,0.0,1.82098892079225e-12,1.1657341758564142e-12,3.15898510099535e-12,True,-0.0015365174040198326,0.011951752938330173,3.688643055013309,0.0,0.007265960797667503,3.88000000000005,3.6751136119516254,0.0,4.549281578510999,0.0,1.4057376421988008,1.1657341758564142e-12,0.0,3.15898510099535e-12,0.36678645398598075,0.0,0.0,1594,0.27796605005398756,0.2773448985462618,0.186345452317721,0.3914879262447357,0.4164387583732605,6.373333749487578
P02,FR_ACTIVE_LIFT,front_right_knee,0.0,45.9,45.9,0.4666666666666419,81.3884545271993,121.15110878050481,0.0,0.0,45.9,43.4618175181905,43.43475605523486,0.466666666666665,81.3925649652183,121.1386778362154,0.0,0.6811960451639621,0.6865636935718967,4.9484226240438175e-12,0.010260693785264386,0.0,True,43.14914853346024,43.119623319885356,0.0,45.9,43.43475605523486,0.0,0.0,0.0,0.6811960451639621,0.0,0.6865636935718967,0.0050503944851589795,0.010260693785264386,0.0,0.0,0.48568522620913784,1.0581377477323264,58,81.3884545271993,81.3925649652183,0.0050503944851589795,121.15110878050481,121.1386778362154,0.010260693785264386
P03,FR_CROSS_AND_PLACE,front_left_knee,0.0,-22.9,-22.9,1.1999999999999318,29.888083812061105,123.74991379742463,0.0,0.0,-22.9,-22.663409136736917,-22.539679422823756,1.1999999999999993,30.03650568487306,127.73894917838717,0.0,1.4888022821412985,1.441767806918161,5.625129991434446e-12,3.223465179533373,0.0,True,-23.004344859347274,-22.869844250608015,0.0,-22.9,-22.539679422823756,0.0,0.0,0.0,1.4888022821412985,0.0,1.441767806918161,0.49659213265475577,3.223465179533373,0.0,0.0,0.22691390648021353,0.9908904213109763,146,29.888083812061105,30.03650568487306,0.49659213265475577,123.74991379742463,127.73894917838717,3.223465179533373
P03,FR_CROSS_AND_PLACE,rear_left_hip,37.6,17.5,-20.1,1.1999999999999318,33.37192035919353,168.53540954368486,0.0,37.6,17.5,17.13037672032415,-21.769301866069696,1.1999999999999993,31.054376673565574,175.52520657422247,0.0,3.104278501469994,3.0871520569839848,5.625129991434446e-12,6.944591922440877,0.0,True,17.75433669911962,-21.148784302615915,0.0,-20.1,-21.769301866069696,0.0,0.0,0.0,3.104278501469994,0.0,3.0871520569839848,6.944591922440877,4.147375942813861,0.0,0.0,0.2843792068524694,1.4148219246391514,146,33.37192035919353,31.054376673565574,6.944591922440877,168.53540954368486,175.52520657422247,4.147375942813861
P03,FR_CROSS_AND_PLACE,front_left_ankle,0.0,0.0,0.0,1.1999999999999318,0.79,0.79,-0.9479999999999461,0.0,0.0,0.07891353219747543,0.11941561847925186,1.1999999999999993,0.7899999999999995,0.79,-0.9173505094212788,0.0,0.0,5.625129991434446e-12,7.026728003956686e-14,5.562826336466027e-12,True,0.0966917872428894,0.13624364882707596,-0.9219278792850151,0.0,0.11941561847925186,-0.9479999999999988,-0.9173505094212788,0.0,5.33347651362419,0.0,5.048409104347228,7.026728003956686e-14,0.0,5.562826336466027e-12,0.4964997768899391,0.0,0.0,146,0.7586039793103525,0.7550433553142907,0.4693653201369699,1.0415289402008057,1.3536772727966309,29.970202511669367
P03,FR_CROSS_AND_PLACE,rear_left_ankle,0.0,0.0,0.0,1.1999999999999318,0.61,0.61,0.7319999999999584,0.0,0.0,-0.0024030781351029873,-0.04946619784459472,1.1999999999999993,0.6099999999999985,0.61,0.5180582459938402,0.0,0.0,5.625129991434446e-12,2.3660490688732845e-13,5.399445311018828e-12,True,-0.0030876826494932175,-0.04850427247583866,0.38010620886389873,0.0,-0.04946619784459472,0.7319999999999979,0.5180582459938402,0.0,0.20538135431706903,0.0,0.2885776106268167,2.3660490688732845e-13,0.0,5.399445311018828e-12,36.29302387410797,0.0,0.0,146,0.7314684218750973,0.6786749050505969,7.217470398676378,2.0614991188049316,1.9908967018127441,3.4248094674479566
P04,FL_UNLOAD_PREP,rear_left_hip,17.5,6.9,-10.6,4.799999999999727,2.6677643844675307,40.77779004320147,0.0,17.5,6.9,8.177978619523092,-8.952398100801059,4.800000000000001,2.4050263837135724,36.337688969451285,0.0,1.4061395821669898,3.388986186904006,5.6991448597427944e-12,10.888527968401869,0.0,True,8.365463897145357,-9.404262925721593,0.0,-10.6,-8.952398100801059,0.0,0.0,0.0,1.4061395821669898,0.0,3.388986186904006,3.9410700113093755,10.888527968401869,0.0,0.0,0.47307973297115685,4.463016348784499,578,2.6677643844675307,2.4050263837135724,3.9410700113093755,40.77779004320147,36.337688969451285,10.888527968401869
P04,FL_UNLOAD_PREP,front_left_ankle,0.0,0.0,0.0,4.799999999999727,0.275,0.3,1.319999999999925,0.0,0.0,-0.027323152869939804,-0.10623668506741524,4.800000000000001,0.2750000000000007,0.3,1.6074664533875598,0.0,0.0,5.6991448597427944e-12,1.9984014443252815e-13,5.938011025647008e-12,True,-0.059043314307928085,-0.10104450955986977,1.604287749206711,0.0,-0.10623668506741524,1.3200000000000034,1.6074664533875598,0.0,9.516048431396483,0.0,1.5576526522636411,1.9984014443252815e-13,0.0,5.938011025647008e-12,0.19813803243343817,0.0,0.0,578,0.3339746975747604,0.33407136649545927,0.028944983377740187,0.7138329744338989,0.6641798615455627,6.955844667684803
P04,FL_UNLOAD_PREP,front_right_ankle,0.0,0.0,0.0,4.799999999999727,0.275,0.3,1.319999999999925,0.0,0.0,-0.11586692184209824,-0.11829962581396103,4.800000000000001,0.2750000000000007,0.3,1.2751304052925354,0.0,0.0,5.6991448597427944e-12,1.9984014443252815e-13,5.938011025647008e-12,True,-0.0887410119175911,-0.04492754489183426,1.278427702087526,0.0,-0.11829962581396103,1.3200000000000034,1.2751304052925354,0.0,8.13777297735214,0.0,22.011624276638027,1.9984014443252815e-13,0.0,5.938011025647008e-12,0.2579181278383268,0.0,0.0,578,0.2680296645061496,0.2674098275054027,0.18595110022407432,0.47630536556243896,0.37097787857055664,22.1134370106261
P04,FL_UNLOAD_PREP,rear_left_ankle,0.0,0.0,0.0,4.799999999999727,0.275,0.3,1.319999999999925,0.0,0.0,0.13325780630111694,0.13566088443621993,4.800000000000001,0.2750000000000007,0.3,1.3226667777465986,0.0,0.0,5.6991448597427944e-12,1.9984014443252815e-13,5.938011025647008e-12,True,0.2266872227191925,0.22878007357940078,1.3236263457516988,0.0,0.13566088443621993,1.3200000000000034,1.3226667777465986,0.0,28.028824925422665,0.0,27.93575674295425,1.9984014443252815e-13,0.0,5.938011025647008e-12,0.07249538422833922,0.0,0.0,578,0.2749215122410369,0.27473728841820066,0.05526714685086808,0.3030620217323303,0.3030288517475128,0.009950995445251463
P04,FL_UNLOAD_PREP,rear_right_ankle,0.0,0.0,0.0,4.799999999999727,0.275,0.3,1.319999999999925,0.0,0.0,-0.038535963743925095,0.14489782229065895,4.800000000000001,0.2750000000000007,0.3,1.0273379076970741,0.0,0.0,5.6991448597427944e-12,1.9984014443252815e-13,5.938011025647008e-12,True,-0.03231290355324745,0.20469873771071434,1.023589120564613,0.0,0.14489782229065895,1.3200000000000034,1.0273379076970741,0.0,1.8669180572032926,0.0,17.940274626016613,1.9984014443252815e-13,0.0,5.938011025647008e-12,0.36623944678048526,0.0,0.0,578,0.21482215748268427,0.21427610718119877,0.16381509044564865,0.5082479119300842,0.4680376946926117,7.911536140851661
P05,FL_ACTIVE_LIFT_AND_PLACE,front_left_hip,0.0,22.8,22.8,9.733333333332784,7.647766155118751,120.84047177705263,0.0,0.0,22.8,25.756624443695735,24.842956361684198,9.733333333333334,7.612497025527178,120.39108631080082,0.0,1.6191292954185685,2.8826866752891647,5.657574865213446e-12,0.46116903781068785,0.0,True,26.12578592305117,25.500208923650128,0.0,22.8,24.842956361684198,0.0,0.0,0.0,1.6191292954185685,0.0,2.8826866752891647,0.46116903781068785,0.3718832437868297,0.0,0.0,0.2774782152718748,1.2170097161047138,1170,7.647766155118751,7.612497025527178,0.46116903781068785,120.84047177705263,120.39108631080082,0.3718832437868297
P05,FL_ACTIVE_LIFT_AND_PLACE,front_left_knee,-22.9,-13.4,9.499999999999998,9.733333333332784,5.564369883112962,109.57826847726699,0.0,-22.9,-13.4,-12.317144449933734,0.9248426183392233,9.733333333333334,5.54789266961558,109.59806236548168,0.0,0.10560966560720697,0.39981579523727273,5.657574865213446e-12,0.24715820246073772,0.0,True,-12.331225738681361,0.8715338456409203,0.0,9.499999999999998,0.9248426183392233,0.0,0.0,0.0,0.10560966560720697,0.0,0.39981579523727273,0.24715820246073772,0.01806369866010365,0.0,0.0,0.22627593450870204,2.3818519421968642,1170,5.564369883112962,5.54789266961558,0.24715820246073772,109.57826847726699,109.59806236548168,0.01806369866010365
P05,FL_ACTIVE_LIFT_AND_PLACE,front_left_ankle,0.0,0.0,0.0,9.733333333332784,0.25273972602739714,0.3,2.45999999999986,0.0,0.0,-0.0004954271134920418,0.026827725756447762,9.733333333333334,0.25273972602740064,0.3,2.461908023589297,0.0,0.0,5.657574865213446e-12,1.0491607582707727e-12,7.0223862858408205e-12,True,-0.00047993927728384733,0.034689602558501065,2.4620230221926014,0.0,0.026827725756447762,2.460000000000033,2.461908023589297,0.0,0.004646350862458347,0.0,2.3585630406159903,1.0491607582707727e-12,0.0,7.0223862858408205e-12,0.004670898779899508,0.0,0.0,1170,0.25272202823805734,0.25267749877292595,0.013358839539417964,0.3023310601711273,0.3054746091365814,0.9430646896362304
P05,FL_ACTIVE_LIFT_AND_PLACE,front_right_ankle,0.0,0.0,0.0,9.733333333332784,0.25273972602739714,0.3,2.45999999999986,0.0,0.0,-0.18420442938804626,-0.06833750754594803,9.733333333333334,0.25273972602740064,0.3,0.6908325072377923,0.0,0.0,5.657574865213446e-12,1.0491607582707727e-12,7.0223862858408205e-12,True,-0.1748153269290924,-0.08510437607765198,0.7061534120390408,0.0,-0.06833750754594803,2.460000000000033,0.6908325072377923,0.0,2.816730737686157,0.0,5.030060559511184,1.0491607582707727e-12,0.0,7.0223862858408205e-12,2.169628375370852,0.0,0.0,1170,0.13124990614178852,0.12998399982531356,0.3797718949424905,0.4817969799041748,0.43870896100997925,8.943189910149579
P05,FL_ACTIVE_LIFT_AND_PLACE,rear_left_ankle,0.0,0.0,0.0,9.733333333332784,0.25273972602739714,0.3,2.45999999999986,0.0,0.0,0.08665759116411209,-0.04660021513700485,9.733333333333334,0.25273972602740064,0.3,3.0779040659777825,0.0,0.0,5.657574865213446e-12,1.0491607582707727e-12,7.0223862858408205e-12,True,0.08474545180797577,-0.06803534924983978,3.1531252033385893,0.0,-0.04660021513700485,2.460000000000033,3.0779040659777825,0.0,0.5736418068408965,0.0,6.430540233850478,1.0491607582707727e-12,0.0,7.0223862858408205e-12,2.3856057882243666,0.0,0.0,1170,0.3252047601386777,0.32268574063021405,0.7557058525391013,0.5847263336181641,0.5490608215332031,6.0995221241824735
P05,FL_ACTIVE_LIFT_AND_PLACE,rear_right_ankle,0.0,0.0,0.0,9.733333333332784,0.25273972602739714,0.3,2.45999999999986,0.0,0.0,-0.033532463014125824,0.005003500729799271,9.733333333333334,0.25273972602740064,0.3,2.5825549334966706,0.0,0.0,5.657574865213446e-12,1.0491607582707727e-12,7.0223862858408205e-12,True,-0.022109057754278183,0.016212940216064453,2.577017138207013,0.0,0.005003500729799271,2.460000000000033,2.5825549334966706,0.0,3.427021577954292,0.0,3.3628318458795543,1.0491607582707727e-12,0.0,7.0223862858408205e-12,0.2148916748574892,0.0,0.0,1170,0.2717141398450093,0.2724212587080721,0.21213565891883832,0.3983379900455475,0.3974834978580475,0.21451435937664246
P06,FRONT_PAIR_ADVANCE,front_left_ankle,0.0,0.0,0.0,25.533333333331882,0.3,0.3,7.659999999999564,0.0,0.0,-0.03177522122859955,-0.031279794115107507,25.533333333333335,0.29999999999998567,0.3,6.766278899178488,0.0,0.0,5.690835096460134e-12,4.296563105299355e-12,9.160064641816435e-13,True,-0.04622725397348404,-0.04574560929904692,6.71113146949355,0.0,-0.031279794115107507,7.659999999999634,6.766278899178488,0.0,4.335609823465346,0.0,4.339744555181823,4.296563105299355e-12,0.0,9.160064641816435e-13,0.8217307310342378,0.0,0.0,3066,0.2626975724420229,0.2648332620628911,0.6407068862604558,0.3847907781600952,0.4101199805736542,6.582590813291411
P06,FRONT_PAIR_ADVANCE,front_right_ankle,0.0,0.0,0.0,25.533333333331882,0.3,0.3,7.659999999999564,0.0,0.0,-0.06999139487743378,0.11421303451061249,25.533333333333335,0.29999999999998567,0.3,5.6044623982161195,0.0,0.0,5.690835096460134e-12,4.296563105299355e-12,9.160064641816435e-13,True,-0.0556923933327198,0.1199563704431057,5.741420145642895,0.0,0.11421303451061249,7.659999999999634,5.6044623982161195,0.0,4.289700463414191,0.0,1.7230007797479627,4.296563105299355e-12,0.0,9.160064641816435e-13,2.3854332891960746,0.0,0.0,3066,0.2248179738866062,0.2194617279894548,1.6068737691454253,0.4805694818496704,0.4676494300365448,2.688487783992743
P06,FRONT_PAIR_ADVANCE,rear_left_ankle,0.0,0.0,0.0,25.533333333331882,0.3,0.3,7.659999999999564,0.0,0.0,0.04164016991853714,-0.04501742124557495,25.533333333333335,0.29999999999998567,0.3,8.57372043559637,0.0,0.0,5.690835096460134e-12,4.296563105299355e-12,9.160064641816435e-13,True,0.03686167672276497,-0.04872879758477211,8.464769270348171,0.0,-0.04501742124557495,7.659999999999634,8.57372043559637,0.0,1.433547958731651,0.0,1.1134129017591474,4.296563105299355e-12,0.0,9.160064641816435e-13,1.2871132309518594,0.0,0.0,3066,0.3313226375233112,0.3355892550355748,1.2799852536790777,0.4937291741371155,0.5139761567115784,4.10082766728304
P06,FRONT_PAIR_ADVANCE,rear_right_ankle,0.0,0.0,0.0,25.533333333331882,0.3,0.3,7.659999999999564,0.0,0.0,0.02024468220770359,0.053777145221829414,25.533333333333335,0.29999999999998567,0.3,8.143625871604282,0.0,0.0,5.690835096460134e-12,4.296563105299355e-12,9.160064641816435e-13,True,0.02711913362145424,0.05008804239332676,8.184636462564704,0.0,0.053777145221829414,7.659999999999634,8.143625871604282,0.0,2.062335424125194,0.0,1.1067308485507963,4.296563105299355e-12,0.0,9.160064641816435e-13,0.5010679600492728,0.0,0.0,3066,0.3203554493414611,0.31875673332904686,0.47961480372427084,0.4840041995048523,0.5269532799720764,8.873699961934637
P07,REAR_ENTRY_ALIGNMENT,front_left_hip,22.8,38.6,15.8,1.666666666666572,23.81636822556119,102.4837373259964,0.0,22.8,38.6,40.00275297675236,18.113723150576348,1.6666666666666643,23.955114189382275,102.36009041145167,0.0,1.4864523399080787,1.6318856558271657,5.5422333389290965e-12,0.58256558055805,0.0,True,40.23761244645784,18.37156108419704,0.0,15.8,18.113723150576348,0.0,0.0,0.0,1.4864523399080787,0.0,1.6318856558271657,0.58256558055805,0.12065027854265335,0.0,0.0,0.08778942042805074,0.555629243215511,202,23.81636822556119,23.955114189382275,0.58256558055805,102.4837373259964,102.36009041145167,0.12065027854265335
P07,REAR_ENTRY_ALIGNMENT,front_right_knee,45.9,31.1,-14.799999999999997,1.666666666666572,14.250034462295774,94.48188384538132,0.0,45.9,31.1,31.76596892309533,-14.484102569023626,1.6666666666666643,14.604198659338902,101.33660022470359,0.0,0.1739621491646256,7.961923825527771,5.5422333389290965e-12,7.255058959810693,0.0,True,31.791715321171694,-13.305737842845517,0.0,-14.799999999999997,-14.484102569023626,0.0,0.0,0.0,0.1739621491646256,0.0,7.961923825527771,2.485356775664031,7.255058959810693,0.0,0.0,0.948260657797042,6.407166606736772,202,14.250034462295774,14.604198659338902,2.485356775664031,94.48188384538132,101.33660022470359,7.255058959810693
P07,REAR_ENTRY_ALIGNMENT,front_right_ankle,0.0,0.0,0.0,1.666666666666572,0.37799999999999995,0.63,-0.6299999999999641,0.0,0.0,0.014660060405731201,0.08465145528316498,1.6666666666666643,0.3780000000000012,0.63,-0.666559141103061,0.0,0.0,5.5422333389290965e-12,3.3776626410553707e-13,5.868321701590447e-12,True,0.012575523927807808,0.06868311949074268,-0.6651533663359788,0.0,0.08465145528316498,-0.6300000000000011,-0.666559141103061,0.0,0.6253609433770179,0.0,4.7905007377266875,3.3776626410553707e-13,0.0,5.868321701590447e-12,0.21134595992891356,0.0,0.0,202,0.3985303122640154,0.39964659403292646,0.2800995895568256,0.7847051620483398,0.8521327972412109,8.59273501105341
P08,FIRST_REAR_LOAD_TRANSFER,rear_left_hip,6.9,31.2,24.299999999999997,0.39999999999997726,34.209147678502795,68.14841734947733,0.0,6.9,31.199999999999996,28.880959036333216,21.340364278645605,0.3999999999999986,34.76856828415856,70.57087371221658,0.0,1.6806762602129213,2.497038458788433,5.329070518201054e-12,3.554677360027985,0.0,True,28.472554705101476,20.733583933160016,0.0,24.299999999999997,21.340364278645605,0.0,0.0,1.4620220900413587e-14,1.6806762602129213,0.0,2.497038458788433,1.635295362846206,3.554677360027985,0.0,0.0,0.13868126000083078,0.5707047736659704,50,34.209147678502795,34.76856828415856,1.635295362846206,68.14841734947733,70.57087371221658,3.554677360027985
P09,RR_ACTIVE_LIFT_AND_PLACE,front_left_hip,38.6,-18.5,-57.1,7.200000000002284,12.39657935151836,185.19857126927977,0.0,38.6,-18.5,-18.904213520022612,-56.22257237936573,7.199999999999996,13.304510383084853,189.23937948415102,0.0,0.5265286371121495,0.5267559113577328,3.1777050127038847e-11,7.324044849963289,0.0,True,-18.603565668231575,-55.921794753980464,0.0,-57.1,-56.22257237936573,0.0,0.0,0.0,0.5265286371121495,0.0,0.5267559113577328,7.324044849963289,2.181878719245566,0.0,0.0,0.40090611750263677,0.7021122898469996,866,12.39657935151836,13.304510383084853,7.324044849963289,185.19857126927977,189.23937948415102,2.181878719245566
P09,RR_ACTIVE_LIFT_AND_PLACE,front_left_knee,-13.4,-31.4,-18.0,7.200000000002284,6.484424891118446,111.63664843648787,0.0,-13.4,-31.4,-32.562057376283306,-19.56114695740783,7.199999999999996,6.484529092317254,111.3079729034377,0.0,1.8345318928223344,0.5350504577320139,3.1777050127038847e-11,0.2944154430049581,0.0,True,-32.231841635575286,-19.464837875016066,0.0,-18.0,-19.56114695740783,0.0,0.0,0.0,1.8345318928223344,0.0,0.5350504577320139,0.0015630179821091161,0.2944154430049581,0.0,0.0,0.6159266021422156,3.421814456345642,866,6.484424891118446,6.484529092317254,0.0015630179821091161,111.63664843648787,111.3079729034377,0.2944154430049581
P09,RR_ACTIVE_LIFT_AND_PLACE,rear_left_hip,31.2,15.4,-15.799999999999999,7.200000000002284,12.779201116351814,129.23803909742156,0.0,31.199999999999996,15.4,15.82195836215983,-13.059000674173387,7.199999999999996,12.959489688653756,132.27528761754283,0.0,2.3987040772972197,2.020666075450627,3.1777050127038847e-11,2.3501196252534777,0.0,True,15.442963117946869,-13.378265914094586,0.0,-15.799999999999995,-13.059000674173387,0.0,0.0,0.0,2.3987040772972197,2.24855296126614e-14,2.020666075450627,1.4107968930174435,2.3501196252534777,0.0,0.0,0.055280201077654356,0.349874690364901,866,12.779201116351814,12.959489688653756,1.4107968930174435,129.23803909742156,132.27528761754283,2.3501196252534777
P09,RR_ACTIVE_LIFT_AND_PLACE,rear_left_knee,0.0,19.4,19.4,7.200000000002284,8.40057892248996,115.64180989408082,0.0,0.0,19.4,19.053410744849554,21.020257217909204,7.199999999999996,8.264612917430952,125.76917726326886,0.0,3.517142540208875,4.133110519937588,3.1777050127038847e-11,8.757531016216316,0.0,True,19.735736397650076,21.822080658777097,0.0,19.4,21.020257217909204,0.0,0.0,0.0,3.517142540208875,0.0,4.133110519937588,1.6185313692488525,8.757531016216316,0.0,0.0,0.12642097417057538,0.6516545060338937,866,8.40057892248996,8.264612917430952,1.6185313692488525,115.64180989408082,125.76917726326886,8.757531016216316
P09,RR_ACTIVE_LIFT_AND_PLACE,rear_right_hip,0.0,-6.9,-6.9,7.200000000002284,19.675026628638218,130.68322516352623,0.0,0.0,-6.9,-6.374283567826641,-5.641609922611313,7.199999999999996,19.543825391161285,128.62866328005137,0.0,2.917722344080162,2.452170447052948,3.1777050127038847e-11,1.5721695580316075,0.0,True,-6.763313213703996,-5.968565982218373,0.0,-6.9,-5.641609922611313,0.0,0.0,0.0,2.917722344080162,0.0,2.452170447052948,0.6668414734746108,1.5721695580316075,0.0,0.0,0.09005805082693381,1.3051891424193305,866,19.675026628638218,19.543825391161285,0.6668414734746108,130.68322516352623,128.62866328005137,1.5721695580316075
P09,RR_ACTIVE_LIFT_AND_PLACE,rear_right_knee,0.0,-37.8,-37.8,7.200000000002284,10.651568707374581,105.6524943083971,0.0,0.0,-37.8,-50.749110668423576,-51.44661393537479,7.199999999999996,10.668522264630136,106.75721593494413,0.0,0.30341940884353014,0.4355639612873379,3.1777050127038847e-11,1.0456181217287466,0.0,True,-50.63441813188072,-51.28197075800818,0.0,-37.8,-51.44661393537479,0.0,0.0,0.0,0.30341940884353014,0.0,0.4355639612873379,0.15916488661258732,1.0456181217287466,0.0,0.0,1.4625161235462822,3.869090273931964,866,10.651568707374581,10.668522264630136,0.15916488661258732,105.6524943083971,106.75721593494413,1.0456181217287466
P09,RR_ACTIVE_LIFT_AND_PLACE,front_left_ankle,0.0,0.0,0.0,7.200000000002284,0.40916666666678764,1.07,-0.9060000000012605,0.0,0.0,0.4670770764350891,0.46454749372787774,7.199999999999996,0.4091666666666646,1.07,-0.6685761555243517,0.0,0.0,3.1777050127038847e-11,3.006420638576724e-11,1.386675910225253e-10,True,0.12681689858436584,0.12413868634030223,-0.799206878302458,0.0,0.46454749372787774,-0.9060000000000041,-0.6685761555243517,0.0,102.07805335521697,0.0,102.12264221627264,3.006420638576724e-11,0.0,1.386675910225253e-10,16.345044859419914,0.0,0.0,866,0.3585353044800202,0.3538577772065831,1.3046211112238533,1.399324655532837,1.7618488073349,25.907079559319314
P09,RR_ACTIVE_LIFT_AND_PLACE,front_right_ankle,0.0,0.0,0.0,7.200000000002284,0.14166666666665959,0.3,1.0200000000002725,0.0,0.0,0.0014923997223377228,0.44278593733906746,7.199999999999996,0.14166666666666589,0.3,0.6139925382098846,0.0,0.0,3.1777050127038847e-11,1.8901546994243286e-12,2.732019403733724e-11,True,0.002248492557555437,0.3594059613533318,0.6134317581265493,0.0,0.44278593733906746,1.0199999999999938,0.6139925382098846,0.0,0.22682785056531427,0.0,25.013992795720693,1.8901546994243286e-12,0.0,2.732019403733724e-11,0.09141686518611737,0.0,0.0,866,0.11878691322101505,0.11589352789473213,0.8680155978848746,1.0074520111083984,0.5949568152427673,40.94440145211522
P09,RR_ACTIVE_LIFT_AND_PLACE,rear_left_ankle,0.0,0.0,0.0,7.200000000002284,0.14166666666665959,0.3,1.0200000000002725,0.0,0.0,-0.010635403916239738,0.04587511904537678,7.199999999999996,0.14166666666666589,0.3,1.348337614696351,0.0,0.0,3.1777050127038847e-11,1.8901546994243286e-12,2.732019403733724e-11,True,-0.04800482466816902,-0.010602761059999466,1.359597015920012,0.0,0.04587511904537678,1.0199999999999938,1.348337614696351,0.0,11.210826225578783,0.0,16.94336403161287,1.8901546994243286e-12,0.0,2.732019403733724e-11,0.8281425372239332,0.0,0.0,866,0.2108908419830283,0.2114175688785901,0.15801806866853893,1.0827405452728271,0.5115934014320374,52.75013911083131
P09,RR_ACTIVE_LIFT_AND_PLACE,rear_right_ankle,0.0,0.0,0.0,7.200000000002284,0.14166666666665959,0.3,1.0200000000002725,0.0,0.0,-0.20751836895942688,-0.2053954799193889,7.199999999999996,0.14166666666666589,0.3,0.6991462726075774,0.0,0.0,3.1777050127038847e-11,1.8901546994243286e-12,2.732019403733724e-11,True,-0.1506960093975067,-0.1485107815824449,0.6934472835954519,0.0,-0.2053954799193889,1.0199999999999938,0.6991462726075774,0.0,17.046707868576046,0.0,17.06540950108319,1.8901546994243286e-12,0.0,2.732019403733724e-11,0.8218344994556538,0.0,0.0,866,0.19189179892225663,0.1939449530434469,0.615946236357076,0.8002223372459412,0.852109432220459,6.4840848048672735
P10,SECOND_REAR_TRANSFER_PREP,rear_right_knee,-37.8,-27.2,10.599999999999998,0.13333333333343944,21.647375020830932,28.557487080234164,0.0,-37.8,-27.2,-46.87295099368466,3.876159674738915,0.13333333333332575,18.510192485143396,31.41256250236015,0.0,8.021980340551806,5.385638311500909,8.526512829114417e-11,14.49220763565409,0.0,True,-45.80335361494442,4.594244782939036,0.0,10.599999999999998,3.876159674738915,0.0,0.0,0.0,8.021980340551806,0.0,5.385638311500909,14.49220763565409,9.997642348937989,0.0,0.0,0.4045276654165434,3.8162987303447498,18,21.647375020830932,18.510192485143396,14.49220763565409,28.557487080234164,31.41256250236015,9.997642348937989
P11,TRANSFER_TOWARD_FR,front_right_hip,0.0,3.7,3.7,0.46666666666703804,26.486213549169456,65.78188657566214,0.0,0.0,3.7,4.567517293888951,5.171320155476567,0.46666666666666856,26.613628279976915,66.02416021571166,0.0,1.7320548650188439,1.91512728014833,7.917476198463387e-11,0.48106057353545095,0.0,True,4.79845794255813,5.426670459496345,0.0,3.7,5.171320155476567,0.0,0.0,0.0,1.7320548650188439,0.0,1.91512728014833,0.48106057353545095,0.36829840653909457,0.0,0.0,0.13838628014979676,3.740169733778291,58,26.486213549169456,26.613628279976915,0.48106057353545095,65.78188657566214,66.02416021571166,0.36829840653909457
P12,RL_ACTIVE_LIFT_AND_PLACE,rear_left_hip,15.4,-10.1,-25.5,4.66666666667038,17.959176049385892,106.36460300107346,0.0,15.4,-10.1,0.3537692345142005,-15.647414999014057,4.666666666666657,17.73544390029356,106.94062017453732,0.0,4.008922824354148,2.176188878386844,7.97837986152849e-11,1.2457818135814858,0.0,True,-0.668506085696107,-16.202343163002702,0.0,-25.5,-15.647414999014057,0.0,0.0,0.0,4.008922824354148,0.0,2.176188878386844,1.2457818135814858,0.5415496859025929,0.0,0.0,0.5232177976424209,2.0518345005585137,562,17.959176049385892,17.73544390029356,1.2457818135814858,106.36460300107346,106.94062017453732,0.5415496859025929
P12,RL_ACTIVE_LIFT_AND_PLACE,rear_left_knee,19.4,-18.7,-38.099999999999994,4.66666666667038,16.478673535545372,123.44295143574591,0.0,19.4,-18.699999999999996,-19.255291526601695,-38.174635903327655,4.666666666666657,17.010071302479272,126.43300334870239,0.0,0.01833932682656441,2.9058824699750896,7.97837986152849e-11,3.2247605718242216,0.0,True,-19.262278810122616,-39.281777124388164,0.0,-38.099999999999994,-38.174635903327655,0.0,0.0,9.32470781837402e-15,0.01833932682656441,0.0,2.9058824699750896,3.2247605718242216,2.422213563577055,0.0,0.0,1.1742466132630522,3.0820121083019747,562,16.478673535545372,17.010071302479272,3.2247605718242216,123.44295143574591,126.43300334870239,2.422213563577055
P12,RL_ACTIVE_LIFT_AND_PLACE,front_left_ankle,0.0,0.0,0.0,4.66666666667038,0.1414285714285714,0.3,-0.6600000000005252,0.0,0.0,-0.04518822580575943,-0.38062385469675064,4.666666666666657,0.14142857142857174,0.3,0.2289456993496633,0.0,0.0,7.97837986152849e-11,9.992007221626408e-14,7.954916187042709e-11,True,-0.04543116316199303,-0.2316141538321972,0.27393242830121944,0.0,-0.38062385469675064,-0.6600000000000001,0.2289456993496633,0.0,0.07288120687007903,0.0,44.70291025936603,9.992007221626408e-14,0.0,7.954916187042709e-11,13.496018685466842,0.0,0.0,562,0.11172149716495301,0.11304707440391873,0.39767317168971494,0.4190062880516052,0.484620600938797,15.659505539236836
P12,RL_ACTIVE_LIFT_AND_PLACE,front_right_ankle,0.0,0.0,0.0,4.66666666667038,0.1414285714285714,0.3,-0.6600000000005252,0.0,0.0,-0.19482693076133728,-0.19563499104697257,4.666666666666657,0.14142857142857174,0.3,-0.5737763644734527,0.0,0.0,7.97837986152849e-11,9.992007221626408e-14,7.954916187042709e-11,True,-0.22560659050941467,-0.227062223944813,-0.5727853850703849,0.0,-0.19563499104697257,-0.6600000000000001,-0.5737763644734527,0.0,9.233897924423216,0.0,9.42816986935213,9.992007221626408e-14,0.0,7.954916187042709e-11,0.17301059504966784,0.0,0.0,562,0.14153195923033707,0.16297515008685154,6.4329572569543405,0.5957649946212769,0.7617403864860535,27.859205116656085
P12,RL_ACTIVE_LIFT_AND_PLACE,rear_left_ankle,0.0,0.0,0.0,4.66666666667038,0.1414285714285714,0.3,-0.6600000000005252,0.0,0.0,0.08570802211761475,0.0961787411943078,4.666666666666657,0.14142857142857174,0.3,-0.5972798719473447,0.0,0.0,7.97837986152849e-11,9.992007221626408e-14,7.954916187042709e-11,True,0.0010134261101484299,0.006427139043807983,-0.6045430254613133,0.0,0.0961787411943078,-0.6600000000000001,-0.5972798719473447,0.0,25.40837880223989,0.0,26.925480645149943,9.992007221626408e-14,0.0,7.954916187042709e-11,1.2014287169099862,0.0,0.0,562,0.16968263070234943,0.17381300737476887,1.2391130017258332,1.2071598768234253,1.3339354991912842,10.501974494170726
P12,RL_ACTIVE_LIFT_AND_PLACE,rear_right_ankle,0.0,0.0,0.0,4.66666666667038,0.1414285714285714,0.3,-0.6600000000005252,0.0,0.0,-0.0375753678381443,0.09121469780802727,4.666666666666657,0.14142857142857174,0.3,-1.1957971108999674,0.0,0.0,7.97837986152849e-11,9.992007221626408e-14,7.954916187042709e-11,True,-0.09750436246395111,0.04255610704421997,-1.2174309377257782,0.0,0.09121469780802727,-0.6600000000000001,-1.1957971108999674,0.0,17.97869838774204,0.0,14.597577229142187,9.992007221626408e-14,0.0,7.954916187042709e-11,1.7770064942019455,0.0,0.0,562,0.2624438734214713,0.2579492287183333,1.348393410941395,0.6808063983917236,0.6846182942390442,0.5599089339238643
P13,FINAL_ADVANCE_AND_RECOVERY,front_left_hip,-18.5,0.5,19.0,17.800000000014165,2.2469699478462273,107.28926718072061,0.0,-18.5,0.5,-4.334366463705939,13.676393426081889,17.799999999999997,2.2974876104084876,107.38926798035877,0.0,7.381320279622933,6.620302399718307,7.959675365755687e-11,0.7577649384339047,0.0,True,-5.736817316834296,12.41853597013541,0.0,19.0,13.676393426081889,0.0,0.0,0.0,7.381320279622933,0.0,6.620302399718307,0.7577649384339047,0.09320671327702232,0.0,0.0,0.23961896046335746,1.261152423491355,2138,2.2469699478462273,2.2974876104084876,0.7577649384339047,107.28926718072061,107.38926798035877,0.09320671327702232
P13,FINAL_ADVANCE_AND_RECOVERY,front_left_knee,-31.4,-0.7,30.7,17.800000000014165,3.175974218221417,142.61404934154277,0.0,-31.4,-0.6999999999999993,-0.28065129572200703,31.20783011662953,17.799999999999997,3.2368208661965854,142.8347464140042,0.0,1.0156180690453536,0.44848988620237584,7.959675365755687e-11,0.9126997196275255,0.0,True,-0.5924460429189305,31.0701437215654,0.0,30.7,31.20783011662953,0.0,0.0,2.169816986238091e-15,1.0156180690453536,0.0,0.44848988620237584,0.9126997196275255,0.1547512839586315,0.0,0.0,0.10404364953556347,0.33890439588131427,2138,3.175974218221417,3.2368208661965854,0.9126997196275255,142.61404934154277,142.8347464140042,0.1547512839586315
P13,FINAL_ADVANCE_AND_RECOVERY,front_right_knee,31.1,0.4,-30.700000000000003,17.800000000014165,5.479965367233087,124.49231437907,0.0,31.1,0.3999999999999986,1.2448557106136848,-29.973502795775875,17.799999999999997,5.507373636660301,124.07462099056703,0.0,2.926377655185445,7.237050203871608,7.959675365755687e-11,0.4111240414082129,0.0,True,0.3464577704717531,-32.19527720836446,0.0,-30.700000000000003,-29.973502795775875,0.0,0.0,4.7012701368491964e-15,2.926377655185445,0.0,7.237050203871608,0.4111240414082129,0.3355174097182598,0.0,0.0,0.3140818989106916,1.02306807462766,2138,5.479965367233087,5.507373636660301,0.4111240414082129,124.49231437907,124.07462099056703,0.3355174097182598
P13,FINAL_ADVANCE_AND_RECOVERY,rear_left_hip,-10.1,-2.6,7.5,17.800000000014165,6.130016138368937,62.50534920815864,0.0,-10.1,-2.5999999999999996,-2.7104993538810813,-3.064268588395282,17.799999999999997,6.334840234147007,66.33466061538044,0.0,8.729631694464505,0.517757020545393,7.959675365755687e-11,6.1263739115659135,0.0,True,-3.8744502464763486,-3.1333028578013344,0.0,7.5,-3.064268588395282,0.0,0.0,3.3306690738754696e-15,8.729631694464505,0.0,0.517757020545393,3.072361436671054,6.1263739115659135,0.0,0.0,1.0760016992089207,14.34668932278561,2138,6.130016138368937,6.334840234147007,3.072361436671054,62.50534920815864,66.33466061538044,6.1263739115659135
P13,FINAL_ADVANCE_AND_RECOVERY,rear_left_knee,-18.7,-3.9,14.799999999999999,17.800000000014165,10.589805996350407,119.50048428454451,0.0,-18.699999999999996,-3.9000000000000004,-4.557881722911748,14.697409803689947,17.799999999999997,10.501471515869769,118.92218582789788,0.0,3.558863144546118,3.6609929326085275,7.959675365755687e-11,0.8341463527384829,0.0,True,-4.031169977518923,15.239236757716009,0.0,14.799999999999995,14.697409803689947,0.0,0.0,3.00060276925718e-15,3.558863144546118,2.400482215405744e-14,3.6609929326085275,0.8341463527384829,0.48392980171497857,0.0,0.0,0.24648944063965,1.6654691935111487,2138,10.589805996350407,10.501471515869769,0.8341463527384829,119.50048428454451,118.92218582789788,0.48392980171497857
P13,FINAL_ADVANCE_AND_RECOVERY,rear_right_hip,-6.9,-0.5,6.4,17.800000000014165,1.8046898670712406,49.177918684509166,0.0,-6.9,-0.5,1.5311910344010917,7.11717088049165,17.799999999999997,1.8032913275197064,50.19012539874837,0.0,5.7898083523340595,10.812939709721824,7.959675365755687e-11,2.0582544794805364,0.0,True,2.3031654813789664,8.558896175121227,0.0,6.4,7.11717088049165,0.0,0.0,0.0,5.7898083523340595,0.0,10.812939709721824,0.020978093273011922,2.0582544794805364,0.0,0.0,0.3904280912039111,6.100438925061111,2138,1.8046898670712406,1.8032913275197064,0.020978093273011922,49.177918684509166,50.19012539874837,2.0582544794805364
P13,FINAL_ADVANCE_AND_RECOVERY,rear_right_knee,-27.2,-6.0,21.2,17.800000000014165,4.409301316786447,122.15147194672322,0.0,-27.2,-6.0,-5.8084436963912225,20.754890281389045,17.799999999999997,4.226359054037131,116.63580732399278,0.0,7.3353553575206965,7.644840249818538,7.959675365755687e-11,4.515430338110143,0.0,True,-4.253348360596835,22.375596414350575,0.0,21.2,20.754890281389045,0.0,0.0,0.0,7.3353553575206965,0.0,7.644840249818538,2.7441339412397436,4.515430338110143,0.0,0.0,0.12268544174292365,0.5787049138817153,2138,4.409301316786447,4.226359054037131,2.7441339412397436,122.15147194672322,116.63580732399278,4.515430338110143
P13,FINAL_ADVANCE_AND_RECOVERY,front_left_ankle,0.0,0.0,0.0,17.800000000014165,0.3432584269662921,1.09,6.110000000004862,0.0,0.0,-0.004050020128488541,0.04113820567727089,17.799999999999997,0.3432584269662982,1.09,5.971059699742185,0.0,0.0,7.959675365755687e-11,1.7789007219444e-12,7.782826937922564e-11,True,-0.1680314540863037,-0.19484801590442657,6.017342502188997,0.0,0.04113820567727089,6.110000000000107,5.971059699742185,0.0,49.194430187344544,0.0,70.79586647450922,1.7789007219444e-12,0.0,7.782826937922564e-11,0.7691568567016918,0.0,0.0,2138,0.33774898233620515,0.3352731331370536,0.7330441625689419,1.242940068244934,1.4203068017959595,14.269934495029366
P13,FINAL_ADVANCE_AND_RECOVERY,front_right_ankle,0.0,0.0,0.0,17.800000000014165,0.3224719101123595,0.72,4.300000000003422,0.0,0.0,-0.008601407520473003,0.18622552324086428,17.799999999999997,0.32247191011236576,0.72,2.3264774112962305,0.0,0.0,7.959675365755687e-11,1.88182802673964e-12,7.7643318131398e-11,True,-0.0009634793386794627,0.1990042626275681,2.2755927208370794,0.0,0.18622552324086428,4.300000000000083,2.3264774112962305,0.0,2.2913784545380618,0.0,3.8336218160111453,1.88182802673964e-12,0.0,7.7643318131398e-11,2.2361071026995165,0.0,0.0,2138,0.21336414178492397,0.21830287640016977,1.4816203845737395,2.091403007507324,1.8473161458969116,11.670962542094259
P13,FINAL_ADVANCE_AND_RECOVERY,rear_left_ankle,0.0,0.0,0.0,17.800000000014165,0.3061797752808989,0.43,4.590000000003652,0.0,0.0,0.0006557519664056599,-0.08505227015120909,17.799999999999997,0.30617977528090234,0.43,4.293586604949076,0.0,0.0,7.959675365755687e-11,1.0325074129013954e-12,7.668520865509359e-11,True,0.0003529429668560624,-0.02411793393548578,4.3655599678590775,0.0,-0.08505227015120909,4.590000000000132,4.293586604949076,0.0,0.09084269986487924,0.0,18.28030086471699,1.0325074129013954e-12,0.0,7.668520865509359e-11,1.6486627933162499,0.0,0.0,2138,0.291217558275842,0.289748043091959,0.44085455516489896,1.1235920190811157,0.854082465171814,23.986424728230915
P13,FINAL_ADVANCE_AND_RECOVERY,rear_right_ankle,0.0,0.0,0.0,17.800000000014165,0.3039325842696629,0.39,4.630000000003684,0.0,0.0,0.16400960087776184,0.20158496871590614,17.799999999999997,0.3039325842696664,0.39,4.2019259027283065,0.0,0.0,7.959675365755687e-11,1.0491607582707727e-12,7.673247686388065e-11,True,0.19921796023845673,0.2862899452447891,4.198843556133641,0.0,0.20158496871590614,4.630000000000131,4.2019259027283065,0.0,10.562507808208464,0.0,25.41149295866489,1.0491607582707727e-12,0.0,7.673247686388065e-11,0.07340941746122491,0.0,0.0,2138,0.2790861868241173,0.2787680155440809,0.09545138401090834,0.7546393275260925,0.6847832798957825,9.25687876078718
